{
    "0": [
        [
            499.5899963378906,
            376.3800354003906,
            544.4979858398438,
            462.4060363769531,
            "10HHA00EZ001|2/8\nALT BR V/G\n10HHA53EZ001X|1\nBR 53 VRIJ\n10HHG53CF001|1\nDEBIET NG BR 53\n10HHG53CF002|1\nDEBIET NG BR 53\n10HHG53CF901|1\nDEBIET NG BR 53  1oo2\n10HHJ53CF001|2\nDEBIET SG BR 53\n10HHJ53CF002|2\nDEBIET SG BR 53\n!CONVERTER_2|5\n!CONVERTER_AP6\n[10HHA53EZ001|1/3/5/8]\n[BR 53 VRIJ]\n",
            0,
            0
        ]
    ],
    "1": [
        [
            499.5899963378906,
            109.41000366210938,
            539.6060180664062,
            129.16600036621094,
            "10HHG53AA003A|2\nARG BR 53 VSK 1\n10HHG53AA101A|2\nARG BR 53 VSK 2 RK\n",
            1,
            0
        ]
    ],
    "2": [
        [
            499.5899963378906,
            190.1199951171875,
            544.2100219726562,
            228.8159942626953,
            "10HHA00EZ001|3/4\nALT BR V/G\n10HHA53EZ001X|1\nBR 53 VRIJ\n!CONVERTER_2|5\n!CONVERTER_AP6\n[10HHA53EZ001|2/3/5/8]\n[BR 53 VRIJ]\n",
            2,
            0
        ]
    ],
    "3": [
        [
            499.5899963378906,
            295.6700134277344,
            534.2020263671875,
            315.426025390625,
            "10HHJ53AA001A|2\nSG BR 53 VH-A 1\n10HHJ53AA002A|2\nSG BR 53 VH-A 2\n",
            3,
            0
        ]
    ]
}