{
    "36": {
        "nodes": [
            231,
            111,
            112,
            175,
            176,
            177,
            89,
            90,
            91
        ],
        "bbx": [
            290.2669882712097,
            1031.6129965719908,
            127.84401418023685,
            137.76607228570583
        ],
        "sub": {
            "49": {
                "nodes": [
                    181,
                    182,
                    183
                ],
                "bbx": [
                    329.03125381470136,
                    1141.9522438049357,
                    10.630516052237908,
                    10.630546569816033
                ]
            },
            "53": {
                "nodes": [
                    256,
                    257,
                    258,
                    259,
                    260,
                    261,
                    262,
                    263,
                    264,
                    265,
                    266,
                    267,
                    232,
                    233,
                    234,
                    235,
                    236,
                    237,
                    238,
                    239,
                    240,
                    241,
                    242,
                    243,
                    244,
                    245,
                    246,
                    247,
                    248,
                    249,
                    250,
                    251,
                    252,
                    253,
                    254,
                    255
                ],
                "bbx": [
                    405.38950347902215,
                    1142.484474182147,
                    9.567001342736944,
                    9.567062377893308
                ]
            }
        },
        "class": -1
    },
    "73": {
        "nodes": [
            432,
            433,
            434,
            431
        ],
        "bbx": [
            613.508760604653,
            413.748750839028,
            24.195491486006404,
            38.37249343913152
        ],
        "sub": {
            "72": {
                "nodes": [
                    393,
                    394,
                    395,
                    396,
                    397,
                    398,
                    399,
                    400,
                    401,
                    402,
                    403,
                    404,
                    405,
                    406,
                    407,
                    408,
                    409,
                    410,
                    411,
                    412,
                    413,
                    414,
                    415,
                    416,
                    417,
                    418,
                    419,
                    420,
                    421,
                    422,
                    423,
                    424,
                    425,
                    426,
                    427,
                    428
                ],
                "bbx": [
                    620.8222427566905,
                    428.1552505691904,
                    9.567489584275336,
                    9.5695037444317
                ]
            }
        },
        "class": 2
    },
    "50": {
        "nodes": [
            184,
            185,
            187,
            188
        ],
        "bbx": [
            402.3280701907556,
            976.4300599368494,
            38.367846434895,
            24.1948728020825
        ],
        "sub": {
            "51": {
                "nodes": [
                    190,
                    191,
                    192,
                    193,
                    194,
                    195,
                    196,
                    197,
                    198,
                    199,
                    200,
                    201,
                    202,
                    203,
                    204,
                    205,
                    206,
                    207,
                    208,
                    209,
                    210,
                    211,
                    212,
                    213,
                    214,
                    215,
                    216,
                    217,
                    218,
                    219,
                    220,
                    221,
                    222,
                    223,
                    224,
                    225
                ],
                "bbx": [
                    416.72850036621094,
                    983.7444915771484,
                    9.566986083984375,
                    9.566986083984375
                ]
            }
        },
        "class": 19
    },
    "52": {
        "nodes": [
            226,
            227,
            229,
            230
        ],
        "bbx": [
            390.9890917225364,
            1135.170121995974,
            38.36782485570848,
            24.194790187739727
        ],
        "sub": {
            "53": {
                "nodes": [
                    256,
                    257,
                    258,
                    259,
                    260,
                    261,
                    262,
                    263,
                    264,
                    265,
                    266,
                    267,
                    232,
                    233,
                    234,
                    235,
                    236,
                    237,
                    238,
                    239,
                    240,
                    241,
                    242,
                    243,
                    244,
                    245,
                    246,
                    247,
                    248,
                    249,
                    250,
                    251,
                    252,
                    253,
                    254,
                    255
                ],
                "bbx": [
                    405.38950347902215,
                    1142.484474182147,
                    9.567001342736944,
                    9.567062377893308
                ]
            }
        },
        "class": 19
    },
    "77": {
        "nodes": [
            480,
            477,
            478,
            479
        ],
        "bbx": [
            1010.3592541546323,
            413.7492688030697,
            24.191525870422993,
            38.371457511048106
        ],
        "sub": {
            "76": {
                "nodes": [
                    439,
                    440,
                    441,
                    442,
                    443,
                    444,
                    445,
                    446,
                    447,
                    448,
                    449,
                    450,
                    451,
                    452,
                    453,
                    454,
                    455,
                    456,
                    457,
                    458,
                    459,
                    460,
                    461,
                    462,
                    463,
                    464,
                    465,
                    466,
                    467,
                    468,
                    469,
                    470,
                    471,
                    472,
                    473,
                    474
                ],
                "bbx": [
                    1017.6750183105469,
                    428.1549987792969,
                    9.57000732421875,
                    9.57000732421875
                ]
            }
        },
        "class": 2
    },