{
    "0": [
        [
            400.25,
            388.8000183105469,
            434.86199951171875,
            418.0260009765625,
            "10HHJ42AA001A|2\nSG BR 42 VH-A 1\n10HHJ42AA002A|2\nSG BR 42 VH-A 2\n[10HHA42EZ001|4]\n[BR 42 VRIJ]\n",
            0,
            0
        ]
    ],
    "1": [
        [
            598.9299926757812,
            177.69998168945312,
            634.93798828125,
            197.4659881591797,
            "10HHA00EZ001|7\nALT BR V/G\n!CONVERTER_2|5\n!CONVERTER_AP6\n",
            1,
            0
        ]
    ],
    "2": [
        [
            400.25,
            270.83001708984375,
            440.2659912109375,
            300.0660095214844,
            "10HHG42AA003A|2\nARG BR 42 VSK 1\n10HHG42AA101A|2\nARG BR 42 VSK 2 RK\n[10HHA42EZ001|4]\n[BR 42 VRIJ]\n",
            2,
            0
        ]
    ]
}