{
    "0": [
        [
            0.24109432886862353,
            0.14677419354838708,
            0.2750071245369051,
            0.16129032258064516,
            "F_CH_DI",
            0.9639552186278921
        ]
    ],
    "1": [
        [
            0.2231404958677686,
            0.16975806451612904,
            0.237674551154175,
            0.1782258064516129,
            "1208.7",
            0.8174028093589598
        ]
    ],
    "2": [
        [
            0.24052436591621545,
            0.16532258064516128,
            0.2750071245369051,
            0.1810483870967742,
            "'VALUE PASS",
            0.9947231024707166
        ]
    ],
    "3": [
        [
            0.3542319749216301,
            0.1629032258064516,
            0.3978341407808492,
            0.18266129032258063,
            "[PAsy 8GRToTI",
            0.06683218009027057
        ]
    ],
    "4": [
        [
            0.4172128811627244,
            0.16491935483870968,
            0.45112567683100596,
            0.17540322580645162,
            "BR 43 OST RE",
            0.7620009255009148
        ]
    ],
    "5": [
        [
            0.2593331433456825,
            0.17459677419354838,
            0.27158734682245655,
            0.1842741935483871,
            "OUT",
            0.9846039429059382
        ]
    ],
    "6": [
        [
            0.41635793673411226,
            0.17258064516129032,
            0.44485608435451696,
            0.18306451612903227,
            "PASS_OUT",
            0.9213797818311255
        ]
    ],
    "7": [
        [
            0.35651182673126247,
            0.18508064516129033,
            0.3969791963522371,
            0.1935483870967742,
            "TOHYYOZEUOOTB3",
            0.35741777695872073
        ]
    ],
    "8": [
        [
            0.2408093473924195,
            0.19153225806451613,
            0.2527785693929895,
            0.20161290322580644,
            "'SIM",
            0.9042279720306396
        ]
    ],
    "9": [
        [
            0.262182958107723,
            0.19274193548387097,
            0.2767170133941294,
            0.20120967741935483,
            "QBAD",
            0.9999767541885376
        ]
    ],
    "10": [
        [
            0.35651182673126247,
            0.19274193548387097,
            0.41179823311484753,
            0.20120967741935483,
            "TOEP 6 PASSIEFERING",
            0.9713119595850943
        ]
    ],
    "11": [
        [
            0.2413793103448276,
            0.20887096774193548,
            0.2536335138216016,
            0.21854838709677418,
            "SIM _",
            0.6801730476619096
        ]
    ],
    "12": [
        [
            0.24166429182103163,
            0.21733870967741936,
            0.25021373610715303,
            0.2245967741935484,
            "ON",
            0.9994075510189067
        ]
    ],
    "13": [
        [
            0.26246793958392706,
            0.2125,
            0.27700199487033345,
            0.22298387096774194,
            "QSIM",
            0.41790416836738586
        ]
    ],
    "14": [
        [
            0.24166429182103163,
            0.22943548387096774,
            0.2556283841550299,
            0.23790322580645162,
            "PASS",
            0.9966927766799927
        ]
    ],
    "15": [
        [
            0.2798518096323739,
            0.22983870967741934,
            0.3268737532060416,
            0.23951612903225805,
            "DB1OOO FBQBQ98",
            0.7239259154821157
        ]
    ],
    "16": [
        [
            0.4750641208321459,
            0.2254032258064516,
            0.5269307495012824,
            0.23588709677419356,
            "NOHJAA3CRTOTIIXGO1",
            0.3901966038586096
        ]
    ],
    "17": [
        [
            0.5337703049301795,
            0.22903225806451613,
            0.5691080079794814,
            0.23951612903225805,
            "BR 43 OST RE",
            0.7577126052540174
        ]
    ],
    "18": [
        [
            0.24166429182103163,
            0.23830645161290323,
            0.25021373610715303,
            0.24556451612903227,
            "ON",
            0.9997477182865775
        ]
    ],
    "19": [
        [
            0.5343402678825876,
            0.23669354838709677,
            0.5443146195497293,
            0.24717741935483872,
            "ON",
            0.998446399406773
        ]
    ],
    "20": [
        [
            0.2408093473924195,
            0.24879032258064515,
            0.2536335138216016,
            0.2592741935483871,
            "ACK_",
            0.5989330661451991
        ]
    ],
    "21": [
        [
            0.4736392134511257,
            0.24556451612903227,
            0.5175263607865489,
            0.2560483870967742,
            "TOHJAA3CRTOTXIT",
            0.5878601319778866
        ]
    ],
    "22": [
        [
            0.2408093473924195,
            0.2564516129032258,
            0.2536335138216016,
            0.2669354838709677,
            "NEC",
            0.997651974232864
        ]
    ],
    "23": [
        [
            0.268452550584212,
            0.2560483870967742,
            0.2767170133941294,
            0.2633064516129032,
            "QN",
            0.999940151999668
        ]
    ],
    "24": [
        [
            0.4744941578797378,
            0.2560483870967742,
            0.5086919350242234,
            0.2633064516129032,
            "BR 43 OST RE",
            0.8992026979522499
        ]
    ],
    "25": [
        [
            0.4736392134511257,
            0.2608870967741935,
            0.5192362496437731,
            0.2713709677419355,
            "TOHHA43EZO01/1/2",
            0.7299797338781836
        ]
    ],
    "26": [
        [
            0.24166429182103163,
            0.2713709677419355,
            0.25391849529780564,
            0.27983870967741936,
            "ACK",
            0.9912114927711574
        ]
    ],
    "27": [
        [
            0.4736392134511257,
            0.26975806451612905,
            0.4901681390709604,
            0.28024193548387094,
            "BR 43 -",
            0.3278745350331106
        ]
    ],
    "28": [
        [
            0.4884582502137361,
            0.2685483870967742,
            0.5018523795953264,
            0.28024193548387094,
            "VRIJ",
            0.9996659755706787
        ]
    ],
    "29": [
        [
            0.2408093473924195,
            0.27741935483870966,
            0.2510686805357652,
            0.2879032258064516,
            "REI",
            0.9992471556644148
        ]
    ],
    "30": [
        [
            0.2618979766315189,
            0.27741935483870966,
            0.27700199487033345,
            0.2879032258064516,
            "DATA",
            0.9999501705169678
        ]
    ],
    "31": [
        [
            0.0829296095753776,
            0.2887096774193548,
            0.13793103448275862,
            0.2991935483870968,
            "TOCRJ13GSOO1IIXGO11",
            0.3228469041964601
        ]
    ],
    "32": [
        [
            0.14078084924479908,
            0.2907258064516129,
            0.18637788543744657,
            0.3024193548387097,
            "DEPASSIVATIE DK",
            0.6260800800062497
        ]
    ],
    "33": [
        [
            0.26132801367911085,
            0.2923387096774194,
            0.2767170133941294,
            0.3008064516129032,
            "QUALI",
            0.7694194141361064
        ]
    ],
    "34": [
        [
            0.36078654887432315,
            0.29274193548387095,
            0.4006839555428897,
            0.307258064516129,
            "F_BO_FBO",
            0.7245114716555991
        ]
    ],