{
    "0": [
        [
            300.9100036621094,
            109.41000366210938,
            333.5220031738281,
            114.906005859375,
            "10HYY02EU001|3",
            0,
            0,
            0
        ],
        [
            300.9100036621094,
            114.21000671386719,
            311.802001953125,
            119.70600891113281,
            "TOEP",
            0,
            1,
            0
        ],
        [
            312.91400146484375,
            114.21000671386719,
            315.13800048828125,
            119.70600891113281,
            "6",
            0,
            1,
            1
        ],
        [
            316.25,
            114.21000671386719,
            345.8139953613281,
            119.70600891113281,
            "PASSIEFERING",
            0,
            1,
            2
        ]
    ],
    "1": [
        [
            499.5899963378906,
            196.32998657226562,
            532.2020263671875,
            201.82598876953125,
            "10HYY02EU002|3",
            1,
            0,
            0
        ],
        [
            499.5899963378906,
            201.12998962402344,
            510.48199462890625,
            206.62599182128906,
            "TOEP",
            1,
            1,
            0
        ],
        [
            511.593994140625,
            201.12998962402344,
            513.8179931640625,
            206.62599182128906,
            "6",
            1,
            1,
            1
        ],
        [
            514.9299926757812,
            201.12998962402344,
            544.4900512695312,
            206.62599182128906,
            "REINTEGRATIE",
            1,
            1,
            2
        ]
    ],
    "2": [
        [
            400.25,
            146.66000366210938,
            435.0820007324219,
            152.156005859375,
            "10HJA43CR101X|1",
            2,
            0,
            0
        ],
        [
            400.25,
            151.4600067138672,
            405.8059997558594,
            156.9560089111328,
            "BR",
            2,
            1,
            0
        ],
        [
            406.9179992675781,
            151.4600067138672,
            411.3659973144531,
            156.9560089111328,
            "43",
            2,
            1,
            1
        ],
        [
            412.4779968261719,
            151.4600067138672,
            420.7019958496094,
            156.9560089111328,
            "OST",
            2,
            1,
            2
        ],
        [
            421.8139953613281,
            151.4600067138672,
            427.3699951171875,
            156.9560089111328,
            "RE",
            2,
            1,
            3
        ],
        [
            400.25,
            156.1199951171875,
            435.9739990234375,
            161.61599731445312,
            "10HHA43EZ001|1/2",
            2,
            2,
            0
        ],
        [
            400.25,
            160.9199981689453,
            405.8059997558594,
            166.41600036621094,
            "BR",
            2,
            3,
            0
        ],
        [
            406.9179992675781,
            160.9199981689453,
            411.3659973144531,
            166.41600036621094,
            "43",
            2,
            3,
            1
        ],
        [
            412.4779968261719,
            160.9199981689453,
            421.14599609375,
            166.41600036621094,
            "VRIJ",
            2,
            3,
            2
        ]
    ]
}