{
    "0": [
        [
            681.7100219726562,
            202.54000854492188,
            716.7660522460938,
            212.8360137939453,
            "10HHA42EZ001X|2\nBR 42 VRIJ\n",
            0,
            0
        ]
    ],
    "1": [
        [
            681.7100219726562,
            115.6099853515625,
            716.7660522460938,
            144.8459930419922,
            "10HHA42EZ001X|1\nBR 42 VRIJ\n10HHJ42AA001A|2\nSG BR 42 VH-A 1\n10HHJ42AA002A|2\nSG BR 42 VH-A 2\n",
            1,
            0
        ]
    ],
    "2": [
        [
            681.7100219726562,
            289.46002197265625,
            716.7660522460938,
            318.6860046386719,
            "10HHA42EZ001X|1\nBR 42 VRIJ\n10HHJ42AA001A|2\nSG BR 42 VH-A 1\n10HHJ42AA002A|2\nSG BR 42 VH-A 2\n",
            2,
            0
        ]
    ]
}