{
    "0": [
        [
            474.75,
            109.41000366210938,
            519.6539916992188,
            119.70600891113281,
            "10HYY02EU001|11\nTOEP 6 PASSIEFERING\n",
            0,
            0
        ]
    ],
    "1": [
        [
            474.75,
            159.07998657226562,
            519.8699951171875,
            178.8360137939453,
            "10HHL42CF001X|1\nLUCHTDEBIET BRD 42\n[10HHL42CF001|2]\n[LUCHTDEBIET BRD 42]\n",
            1,
            0
        ]
    ],
    "2": [
        [
            334.0199890136719,
            339.1300354003906,
            386.9239807128906,
            349.426025390625,
            "10HHL42CF901Z|1\nLUCHTDEBIET BRD 42 1oo2\n",
            2,
            0
        ]
    ],
    "3": [
        [
            334.0199890136719,
            121.82000732421875,
            386.9239807128906,
            151.04600524902344,
            "10HHL42CF001X|1\nLUCHTDEBIET BRD 42\n10HHL42CF901|1\nLUCHTDEBIET BRD 42 1oo2\n10HHL42CF901Z|1\nLUCHTDEBIET BRD 42 1oo2\n",
            3,
            0
        ]
    ]
}