{
    "0": [
        [
            474.75,
            109.41000366210938,
            509.58599853515625,
            114.906005859375,
            "10HYY02EU001|11",
            0,
            0,
            0
        ],
        [
            474.75,
            114.21000671386719,
            485.6419982910156,
            119.70600891113281,
            "TOEP",
            0,
            1,
            0
        ],
        [
            486.7539978027344,
            114.21000671386719,
            488.9779968261719,
            119.70600891113281,
            "6",
            0,
            1,
            1
        ],
        [
            490.0899963378906,
            114.21000671386719,
            519.6539916992188,
            119.70600891113281,
            "PASSIEFERING",
            0,
            1,
            2
        ]
    ],
    "1": [
        [
            474.75,
            159.07998657226562,
            509.5820007324219,
            164.57598876953125,
            "10HHL42CF001X|1",
            1,
            0,
            0
        ],
        [
            474.75,
            163.87998962402344,
            502.5299987792969,
            169.37599182128906,
            "LUCHTDEBIET",
            1,
            1,
            0
        ],
        [
            503.6419982910156,
            163.87998962402344,
            512.0859985351562,
            169.37599182128906,
            "BRD",
            1,
            1,
            1
        ],
        [
            513.197998046875,
            163.87998962402344,
            517.64599609375,
            169.37599182128906,
            "42",
            1,
            1,
            2
        ],
        [
            474.75,
            168.54000854492188,
            509.13800048828125,
            174.0360107421875,
            "[10HHL42CF001|2]",
            1,
            2,
            0
        ],
        [
            474.75,
            173.3400115966797,
            503.6419982910156,
            178.8360137939453,
            "[LUCHTDEBIET",
            1,
            3,
            0
        ],
        [
            504.7539978027344,
            173.3400115966797,
            513.197998046875,
            178.8360137939453,
            "BRD",
            1,
            3,
            1
        ],
        [
            514.3099975585938,
            173.3400115966797,
            519.8699951171875,
            178.8360137939453,
            "42]",
            1,
            3,
            2
        ]
    ],
    "2": [
        [
            334.0199890136719,
            339.1300354003906,
            368.62799072265625,
            344.62603759765625,
            "10HHL42CF901Z|1",
            2,
            0,
            0
        ],
        [
            334.0199890136719,
            343.9300231933594,
            361.79998779296875,
            349.426025390625,
            "LUCHTDEBIET",
            2,
            1,
            0
        ],
        [
            362.9119873046875,
            343.9300231933594,
            371.3559875488281,
            349.426025390625,
            "BRD",
            2,
            1,
            1
        ],
        [
            372.4679870605469,
            343.9300231933594,
            376.9159851074219,
            349.426025390625,
            "42",
            2,
            1,
            2
        ],
        [
            378.0279846191406,
            343.9300231933594,
            386.9239807128906,
            349.426025390625,
            "1oo2",
            2,
            1,
            3
        ]
    ],
    "3": [
        [
            334.0199890136719,
            121.82000732421875,
            368.85198974609375,
            127.31600952148438,
            "10HHL42CF001X|1",
            3,
            0,
            0
        ],
        [
            334.0199890136719,
            126.62001037597656,
            361.79998779296875,
            132.1160125732422,
            "LUCHTDEBIET",
            3,
            1,
            0
        ],
        [
            362.9119873046875,
            126.62001037597656,
            371.3559875488281,
            132.1160125732422,
            "BRD",
            3,
            1,
            1
        ],
        [
            372.4679870605469,
            126.62001037597656,
            376.9159851074219,
            132.1160125732422,
            "42",
            3,
            1,
            2
        ],
        [
            334.0199890136719,
            131.29000854492188,
            366.1839904785156,
            136.7860107421875,
            "10HHL42CF901|1",
            3,
            2,
            0
        ],
        [
            334.0199890136719,
            136.0900115966797,
            361.79998779296875,
            141.5860137939453,
            "LUCHTDEBIET",
            3,
            3,
            0
        ],
        [
            362.9119873046875,
            136.0900115966797,
            371.3559875488281,
            141.5860137939453,
            "BRD",
            3,
            3,
            1
        ],
        [
            372.4679870605469,
            136.0900115966797,
            376.9159851074219,
            141.5860137939453,
            "42",
            3,
            3,
            2
        ],
        [
            378.0279846191406,
            136.0900115966797,
            386.9239807128906,
            141.5860137939453,
            "1oo2",
            3,
            3,
            3
        ],
        [
            334.0199890136719,
            140.75,
            368.62799072265625,
            146.24600219726562,
            "10HHL42CF901Z|1",
            3,
            4,
            0
        ],
        [
            334.0199890136719,
            145.5500030517578,
            361.79998779296875,
            151.04600524902344,
            "LUCHTDEBIET",
            3,
            5,
            0
        ],
        [
            362.9119873046875,
            145.5500030517578,
            371.3559875488281,
            151.04600524902344,
            "BRD",
            3,
            5,
            1
        ],
        [
            372.4679870605469,
            145.5500030517578,
            376.9159851074219,
            151.04600524902344,
            "42",
            3,
            5,
            2
        ],
        [
            378.0279846191406,
            145.5500030517578,
            386.9239807128906,
            151.04600524902344,
            "1oo2",
            3,
            5,
            3
        ]
    ]
}