{
    "0": [
        [
            0.43089199202051864,
            0.14677419354838708,
            0.45768025078369906,
            0.16129032258064516,
            "F_OR4",
            0.7857811593924204
        ]
    ],
    "1": [
        [
            0.5497292675976062,
            0.14677419354838708,
            0.5765175263607866,
            0.16129032258064516,
            "F_NOT",
            0.8197661461786022
        ]
    ],
    "2": [
        [
            0.08207466514676547,
            0.16370967741935483,
            0.13707609005414648,
            0.17419354838709677,
            "NOHHLAZCFOOTIIXH54I1",
            0.3455855466427737
        ]
    ],
    "3": [
        [
            0.14078084924479908,
            0.16491935483870968,
            0.19492732972356797,
            0.17540322580645162,
            "LUCHTDEBIET BRD 42",
            0.8358796236332876
        ]
    ],
    "4": [
        [
            0.6608720433171844,
            0.16370967741935483,
            0.7153035052721574,
            0.17540322580645162,
            "NOHHLAZCF9O1ZIIZVO4",
            0.47769588227825954
        ]
    ],
    "5": [
        [
            0.7212881162724423,
            0.16491935483870968,
            0.786263892846965,
            0.17540322580645162,
            "LUCHTDEBIET BRD 42 1002",
            0.769948903462851
        ]
    ],
    "6": [
        [
            0.14562553434026787,
            0.17419354838709677,
            0.17526360786548875,
            0.18266129032258063,
            "78900 Nm /h",
            0.4420411388823785
        ]
    ],
    "7": [
        [
            0.42775719578227417,
            0.1717741935483871,
            0.43687660302080367,
            0.18024193548387096,
            "IN1",
            0.6884943565181778
        ]
    ],
    "8": [
        [
            0.45198062125961813,
            0.1717741935483871,
            0.46337988030778,
            0.18024193548387096,
            "OUT",
            0.9956406969172302
        ]
    ],
    "9": [
        [
            0.5457395269307495,
            0.1717741935483871,
            0.5525790823596466,
            0.18024193548387096,
            "IN",
            0.9395615391167953
        ]
    ],
    "10": [
        [
            0.5688230265032773,
            0.17016129032258065,
            0.5816471929324594,
            0.18064516129032257,
            "OUT\"",
            0.7711139917373657
        ]
    ],
    "11": [
        [
            0.7252778569392989,
            0.17419354838709677,
            0.7540609860359077,
            0.18266129032258063,
            "18900 Nm?/h",
            0.8663635406077146
        ]
    ],
    "12": [
        [
            0.08207466514676547,
            0.18346774193548387,
            0.13707609005414648,
            0.19516129032258064,
            "NOHHLA2CFO2IIXH54T",
            0.4583678144323119
        ]
    ],
    "13": [
        [
            0.14078084924479908,
            0.1870967741935484,
            0.19492732972356797,
            0.1971774193548387,
            "LUCHTDEBIET BRD 42",
            0.7498548499038
        ]
    ],
    "14": [
        [
            0.6611570247933884,
            0.18508064516129033,
            0.7056141350812197,
            0.1935483870967742,
            "TOHYYOOEZ002/374",
            0.55723858221002
        ]
    ],
    "15": [
        [
            0.14534055286406383,
            0.19556451612903225,
            0.1755485893416928,
            0.20524193548387096,
            "18900 Nm /h",
            0.6857263188946097
        ]
    ],
    "16": [
        [
            0.42775719578227417,
            0.19274193548387097,
            0.4377315474494158,
            0.20120967741935483,
            "IN2",
            0.8529647188057395
        ]
    ],
    "17": [
        [
            0.4488458250213736,
            0.19274193548387097,
            0.46337988030778,
            0.20120967741935483,
            "OUTN",
            0.9997771382331848
        ]
    ],
    "18": [
        [
            0.6611570247933884,
            0.19274193548387097,
            0.7033342832715873,
            0.20120967741935483,
            "KETEL ZUIVEREN",
            0.9237279834588434
        ]
    ],
    "19": [
        [
            0.6608720433171844,
            0.2,
            0.7036192647477914,
            0.20967741935483872,
            "ICONVERTER_216",
            0.6550979492972963
        ]
    ],
    "20": [
        [
            0.6603020803647763,
            0.2068548387096774,
            0.7058991165574238,
            0.21733870967741936,
            "ICONVERTER_AP6",
            0.7238017297861148
        ]
    ],
    "21": [
        [
            0.42775719578227417,
            0.21370967741935484,
            0.43687660302080367,
            0.2213709677419355,
            "IN3",
            0.9557963531116976
        ]
    ],
    "22": [
        [
            0.31262467939583927,
            0.2310483870967742,
            0.34169278996865204,
            0.2439516129032258,
            "F_AND4",
            0.3647462755981364
        ]
    ],
    "23": [
        [
            0.08207466514676547,
            0.24556451612903227,
            0.13793103448275862,
            0.25725806451612904,
            "NOHHLAZCFOOTIIXM2oj1",
            0.11531687276217147
        ]
    ],
    "24": [
        [
            0.14163579367341123,
            0.25040322580645163,
            0.19464234824736393,
            0.25887096774193546,
            "LUCHTDEBIET BRD 42",
            0.5858259361012756
        ]
    ],
    "25": [
        [
            0.14078084924479908,
            0.2564516129032258,
            0.170703904246224,
            0.2669354838709677,
            "'CHAN 1 FLT",
            0.43380882260255044
        ]
    ],
    "26": [
        [
            0.30977486463379883,
            0.2560483870967742,
            0.31889427187232827,
            0.2633064516129032,
            "INT",
            0.39431189793813576
        ]
    ],
    "27": [
        [
            0.3339982901111428,
            0.25483870967741934,
            0.34539754915930465,
            0.2633064516129032,
            "OUT",
            0.9968643495096279
        ]
    ],
    "28": [
        [
            0.08207466514676547,
            0.267741935483871,
            0.13793103448275862,
            0.27903225806451615,
            "NOHHLAZCFO02IIXM2O/1",
            0.27531914749518055
        ]
    ],
    "29": [
        [
            0.1413508121972072,
            0.26895161290322583,
            0.19492732972356797,
            0.2806451612903226,
            "LUCHTDEBIET BRD 42",
            0.9896019372074719
        ]
    ],
    "30": [
        [
            0.14078084924479908,
            0.27661290322580645,
            0.170703904246224,
            0.2879032258064516,
            "\"CHAN2 FLT",
            0.6353040924462705
        ]
    ],
    "31": [
        [
            0.30977486463379883,
            0.2770161290322581,
            0.31974921630094044,
            0.2842741935483871,
            "IN2",
            0.9716423869273696
        ]
    ],
    "32": [
        [
            0.32972356796808205,
            0.27419354838709675,
            0.3456825306355087,
            0.2846774193548387,
            "OUTN",
            0.9974250793457031
        ]
    ],
    "33": [
        [
            0.12368196067255628,
            0.8959677419354839,
            0.14705044172128812,
            0.9032258064516129,
            "31/12/69",
            0.9993946532063716
        ]
    ],
    "34": [
        [
            0.19948703334283271,
            0.8971774193548387,
            0.21259618124821886,
            0.9032258064516129,
            "Dato",
            0.8314253687858582
        ]
    ],