{
    "35": {
        "nodes": [
            110,
            111,
            112,
            113,
            86,
            87,
            88,
            89,
            251
        ],
        "bbx": [
            1163.552665351331,
            367.1027141794559,
            128.83461070358817,
            787.1805579692132
        ],
        "sub": {
            "66": {
                "nodes": [
                    260,
                    261,
                    262,
                    263,
                    264
                ],
                "bbx": [
                    1204.7884221169925,
                    824.32833910918,
                    55.57318018007754,
                    81.78326318789004
                ]
            },
            "41": {
                "nodes": [
                    100,
                    101,
                    254
                ],
                "bbx": [
                    1206.7099609375,
                    560.5,
                    0.0,
                    550.6259765625
                ]
            }
        },
        "class": -1
    },
    "44": {
        "nodes": [
            128,
            116,
            117,
            118,
            119,
            120,
            121,
            122,
            123,
            124,
            125,
            126,
            127
        ],
        "bbx": [
            1074.1241377537099,
            1150.7512129490224,
            507.23093184935124,
            165.94654871133025
        ],
        "sub": {
            "48": {
                "nodes": [
                    147,
                    148,
                    149,
                    150,
                    151,
                    152,
                    153,
                    154,
                    155,
                    156,
                    157,
                    158,
                    159,
                    160,
                    161,
                    162,
                    163,
                    164,
                    165,
                    166,
                    167
                ],
                "bbx": [
                    1135.2878456412723,
                    1172.2227821647098,
                    406.46434777995546,
                    125.83739465495546
                ]
            },
            "47": {
                "nodes": [
                    133,
                    134,
                    135,
                    136,
                    137,
                    138,
                    139,
                    140,
                    141,
                    142,
                    143,
                    144,
                    145,
                    146
                ],
                "bbx": [
                    1097.769027961886,
                    1185.7281344071985,
                    424.7493337608346,
                    97.40982005279056
                ]
            },
            "56": {
                "nodes": [
                    191,
                    192,
                    193,
                    194,
                    195,
                    196,
                    197,
                    198,
                    199,
                    200,
                    201,
                    202,
                    203,
                    204,
                    205,
                    206,
                    207,
                    208,
                    209,
                    210,
                    211
                ],
                "bbx": [
                    1150.1924698817293,
                    1204.1354630457918,
                    351.23208045500246,
                    59.17804851779147
                ]
            },
            "54": {
                "nodes": [
                    184,
                    185,
                    183
                ],
                "bbx": [
                    1121.3299499540276,
                    1229.136956789965,
                    20.520153802882305,
                    17.679089349757305
                ]
            },
            "52": {
                "nodes": [
                    177,
                    178,
                    179
                ],
                "bbx": [
                    1121.3305913323475,
                    1200.7915288323475,
                    17.678783155617566,
                    20.511913038430066
                ]
            },
            "50": {
                "nodes": [
                    171,
                    172,
                    173
                ],
                "bbx": [
                    1139.0550553983503,
                    1221.3480241483503,
                    21.91991850017439,
                    10.57885404704939
                ]
            },
            "55": {
                "nodes": [
                    186,
                    187,
                    188
                ],
                "bbx": [
                    1157.102645878048,
                    1256.4015960733605,
                    8.504669181404097,
                    8.503814689216597
                ]
            },
            "49": {
                "nodes": [
                    168,
                    169,
                    170
                ],
                "bbx": [
                    1137.2626953177567,
                    1216.7166748099442,
                    8.504638661361696,
                    8.503662098861696
                ]
            },
            "51": {
                "nodes": [
                    176,
                    174,
                    175
                ],
                "bbx": [
                    1120.2526855521317,
                    1216.7166748099442,
                    8.504638661361696,
                    8.503662098861696
                ]
            },
            "53": {
                "nodes": [
                    180,
                    181,
                    182
                ],
                "bbx": [
                    1137.2626953177567,
                    1239.3936767630692,
                    8.504638661361696,
                    8.503662098861696
                ]
            }
        },
        "class": -1
    },
    "58": {
        "nodes": [
            216,
            217,
            214,
            215
        ],
        "bbx": [
            1153.0282809053735,
            1229.650229147561,
            325.6234919001904,
            203.7384821345654
        ],
        "sub": {
            "61": {
                "nodes": [
                    224,
                    225,
                    226,
                    227,
                    228,
                    229,
                    230
                ],
                "bbx": [
                    1166.2855303890528,
                    1296.7674639828028,
                    129.02891480783182,
                    89.34703004220682
                ]
            },
            "62": {
                "nodes": [
                    231,
                    232,
                    233,
                    234,
                    235,
                    236,
                    237
                ],
                "bbx": [
                    1337.7855303890528,
                    1296.7674639828028,
                    129.02891480783182,
                    89.34703004220682
                ]
            },
            "60": {
                "nodes": [
                    220,
                    221,
                    222,
                    223
                ],
                "bbx": [
                    1217.9406342377818,
                    1376.7676606049693,
                    192.968707110374,
                    48.4016905088115
                ]
            },