{
    "0": [
        [
            673.4400024414062,
            90.77999877929688,
            718.343994140625,
            101.07600402832031,
            "10HYY02EU001|9\nTOEP 6 PASSIEFERING\n",
            0,
            0
        ]
    ],
    "1": [
        [
            681.7100219726562,
            457.1000061035156,
            726.6180419921875,
            467.3960266113281,
            "10HHG42CF901Z|1\nDEBIET NG BR 42  1oo2\n",
            1,
            0
        ]
    ],
    "2": [
        [
            673.4400024414062,
            277.0400390625,
            718.3480224609375,
            287.3360290527344,
            "10HHG42CF901Z|1\nDEBIET NG BR 42  1oo2\n",
            2,
            0
        ]
    ],
    "3": [
        [
            673.4400024414062,
            140.44998168945312,
            709.4520263671875,
            160.2159881591797,
            "10HHG42CF001X|1\nDEBIET NG BR 42\n[10HHG42CF001|2]\n[DEBIET NG BR 42]\n",
            3,
            0
        ]
    ],
    "4": [
        [
            549.260009765625,
            103.19998168945312,
            594.1680297851562,
            132.42601013183594,
            "10HHG42CF001X|1\nDEBIET NG BR 42\n10HHG42CF901|1\nDEBIET NG BR 42  1oo2\n10HHG42CF901Z|1\nDEBIET NG BR 42  1oo2\n",
            4,
            0
        ]
    ]
}