{
    "0": [
        [
            673.4400024414062,
            90.77999877929688,
            706.052001953125,
            96.2760009765625,
            "10HYY02EU001|9",
            0,
            0,
            0
        ],
        [
            673.4400024414062,
            95.58000183105469,
            684.33203125,
            101.07600402832031,
            "TOEP",
            0,
            1,
            0
        ],
        [
            685.4440307617188,
            95.58000183105469,
            687.6680297851562,
            101.07600402832031,
            "6",
            0,
            1,
            1
        ],
        [
            688.780029296875,
            95.58000183105469,
            718.343994140625,
            101.07600402832031,
            "PASSIEFERING",
            0,
            1,
            2
        ]
    ],
    "1": [
        [
            681.7100219726562,
            457.1000061035156,
            717.2060546875,
            462.59600830078125,
            "10HHG42CF901Z|1",
            1,
            0,
            0
        ],
        [
            681.7100219726562,
            461.9000244140625,
            696.1580200195312,
            467.3960266113281,
            "DEBIET",
            1,
            1,
            0
        ],
        [
            697.27001953125,
            461.9000244140625,
            703.27001953125,
            467.3960266113281,
            "NG",
            1,
            1,
            1
        ],
        [
            704.3820190429688,
            461.9000244140625,
            709.9380493164062,
            467.3960266113281,
            "BR",
            1,
            1,
            2
        ],
        [
            711.050048828125,
            461.9000244140625,
            715.498046875,
            467.3960266113281,
            "42",
            1,
            1,
            3
        ],
        [
            717.7220458984375,
            461.9000244140625,
            726.6180419921875,
            467.3960266113281,
            "1oo2",
            1,
            1,
            4
        ]
    ],
    "2": [
        [
            673.4400024414062,
            277.0400390625,
            708.93603515625,
            282.5360412597656,
            "10HHG42CF901Z|1",
            2,
            0,
            0
        ],
        [
            673.4400024414062,
            281.84002685546875,
            687.8880004882812,
            287.3360290527344,
            "DEBIET",
            2,
            1,
            0
        ],
        [
            689.0,
            281.84002685546875,
            695.0,
            287.3360290527344,
            "NG",
            2,
            1,
            1
        ],
        [
            696.1119995117188,
            281.84002685546875,
            701.6680297851562,
            287.3360290527344,
            "BR",
            2,
            1,
            2
        ],
        [
            702.780029296875,
            281.84002685546875,
            707.22802734375,
            287.3360290527344,
            "42",
            2,
            1,
            3
        ],
        [
            709.4520263671875,
            281.84002685546875,
            718.3480224609375,
            287.3360290527344,
            "1oo2",
            2,
            1,
            4
        ]
    ],
    "3": [
        [
            673.4400024414062,
            140.44998168945312,
            709.1600341796875,
            145.94598388671875,
            "10HHG42CF001X|1",
            3,
            0,
            0
        ],
        [
            673.4400024414062,
            145.24998474121094,
            687.8880004882812,
            150.74598693847656,
            "DEBIET",
            3,
            1,
            0
        ],
        [
            689.0,
            145.24998474121094,
            695.0,
            150.74598693847656,
            "NG",
            3,
            1,
            1
        ],
        [
            696.1119995117188,
            145.24998474121094,
            701.6680297851562,
            150.74598693847656,
            "BR",
            3,
            1,
            2
        ],
        [
            702.780029296875,
            145.24998474121094,
            707.22802734375,
            150.74598693847656,
            "42",
            3,
            1,
            3
        ],
        [
            673.4400024414062,
            149.91998291015625,
            708.7160034179688,
            155.41598510742188,
            "[10HHG42CF001|2]",
            3,
            2,
            0
        ],
        [
            673.4400024414062,
            154.71998596191406,
            689.0,
            160.2159881591797,
            "[DEBIET",
            3,
            3,
            0
        ],
        [
            690.1119995117188,
            154.71998596191406,
            696.1119995117188,
            160.2159881591797,
            "NG",
            3,
            3,
            1
        ],
        [
            697.2239990234375,
            154.71998596191406,
            702.780029296875,
            160.2159881591797,
            "BR",
            3,
            3,
            2
        ],
        [
            703.8920288085938,
            154.71998596191406,
            709.4520263671875,
            160.2159881591797,
            "42]",
            3,
            3,
            3
        ]
    ],