{
    "0": [
        [
            2249.4599609375,
            1667.948486328125,
            2336.700927734375,
            1692.34326171875,
            "03/03/2022",
            0,
            0,
            0
        ],
        [
            2375.6298828125,
            1667.948486328125,
            2444.398193359375,
            1692.34326171875,
            "Tormans",
            0,
            1,
            0
        ]
    ],
    "1": [
        [
            2276.760009765625,
            1873.3909912109375,
            2614.10595703125,
            1931.9385986328125,
            "10010178376/279",
            1,
            0,
            0
        ]
    ],
    "2": [
        [
            2062.77001953125,
            1729.5745849609375,
            2116.522216796875,
            1766.1668701171875,
            "CO2",
            2,
            0,
            0
        ],
        [
            2123.80712890625,
            1729.5745849609375,
            2219.7177734375,
            1766.1668701171875,
            "blussing",
            2,
            0,
            1
        ],
        [
            2227.00244140625,
            1729.5745849609375,
            2334.565185546875,
            1766.1668701171875,
            "container",
            2,
            0,
            2
        ],
        [
            2341.837646484375,
            1729.5745849609375,
            2370.9072265625,
            1766.1668701171875,
            "81",
            2,
            0,
            3
        ]
    ],
    "3": [
        [
            2641.030029296875,
            1930.6383056640625,
            2707.644287109375,
            1961.1318359375,
            "10SGJ",
            3,
            0,
            0
        ]
    ],
    "4": [
        [
            1574.72998046875,
            1667.948486328125,
            1594.1097412109375,
            1692.34326171875,
            "00",
            4,
            0,
            0
        ]
    ],
    "5": [
        [
            2758.659912109375,
            1888.603759765625,
            2787.7294921875,
            1925.196044921875,
            "00",
            5,
            0,
            0
        ]
    ],
    "6": [
        [
            1708.43994140625,
            1667.948486328125,
            1756.903076171875,
            1692.34326171875,
            "10066",
            6,
            0,
            0
        ]
    ],
    "7": [
        [
            1566.7099609375,
            1698.7412109375,
            1604.6864013671875,
            1718.2572021484375,
            "VERS",
            7,
            0,
            0
        ],
        [
            1831.43994140625,
            1698.7412109375,
            1926.748779296875,
            1718.2572021484375,
            "DESCRIPTION",
            7,
            1,
            0
        ]
    ],
    "8": [
        [
            1566.7099609375,
            1723.1123046875,
            1644.0953369140625,
            1750.556396484375,
            "Replace:",
            8,
            0,
            0
        ],
        [
            1566.7099609375,
            1751.458251953125,
            1639.718505859375,
            1778.90234375,
            "Original:",
            8,
            1,
            0
        ],
        [
            1566.7099609375,
            1779.8052978515625,
            1652.80126953125,
            1807.2493896484375,
            "Filename:",
            8,
            2,
            0
        ],
        [
            1566.7099609375,
            1808.1512451171875,
            1632.11279296875,
            1835.5953369140625,
            "Schaal:",
            8,
            3,
            0
        ]
    ],
    "9": [
        [
            2079.159912109375,
            1864.591064453125,
            2152.402099609375,
            1886.54638671875,
            "SUBTYPE",
            9,
            0,
            0
        ],
        [
            2082.340087890625,
            1885.597900390625,
            2149.198974609375,
            1922.190185546875,
            "Eplan",
            9,
            1,
            0
        ]
    ],
    "10": [
        [
            2103.510009765625,
            1930.2685546875,
            2130.153076171875,
            1960.7620849609375,
            "A3",
            10,
            0,
            0
        ],
        [
            2192.610107421875,
            1931.797607421875,
            2267.819091796875,
            1959.24169921875,
            "CLASS.:",
            10,
            1,
            0
        ]
    ],
    "11": [
        [
            2387.169921875,
            1864.591064453125,
            2511.823486328125,
            1886.54638671875,
            "IDENTIFICATION",
            11,
            0,
            0
        ],
        [
            2739.27001953125,
            1864.591064453125,
            2809.889404296875,
            1886.54638671875,
            "VERSION",
            11,
            1,
            0
        ]
    ],
    "12": [
        [
            2751.010009765625,
            1698.7412109375,
            2806.028564453125,
            1718.2572021484375,
            "STATUS",
            12,
            0,
            0
        ],
        [
            2615.139892578125,
            1698.7412109375,
            2692.641357421875,
            1718.2572021484375,
            "APPROVED",
            12,
            1,
            0
        ],
        [
            2696.522705078125,
            1698.7412109375,
            2715.127197265625,
            1718.2572021484375,
            "BY",
            12,
            1,
            1
        ],
        [
            2492.239990234375,
            1698.7412109375,
            2560.421142578125,
            1718.2572021484375,
            "CHECKED",
            12,
            2,
            0
        ],
        [
            2564.302490234375,
            1698.7412109375,
            2582.906982421875,
            1718.2572021484375,
            "BY",
            12,
            2,
            1
        ],
        [
            2362.35009765625,
            1698.7412109375,
            2435.19140625,
            1718.2572021484375,
            "DESIGNED",
            12,
            3,
            0
        ],
        [
            2439.07275390625,
            1698.7412109375,
            2457.67724609375,
            1718.2572021484375,
            "BY",
            12,
            3,
            1
        ],
        [
            2274.489990234375,
            1698.7412109375,
            2311.684326171875,
            1718.2572021484375,
            "DATE",
            12,
            4,
            0
        ]
    ],
    "13": [
        [
            2764.6201171875,
            1667.948486328125,
            2799.5048828125,
            1692.34326171875,
            "ASB",
            13,
            0,
            0
        ]
    ],
    "14": [
        [
            1882.4599609375,
            1894.5675048828125,
            1945.4342041015625,
            1925.06103515625,
            "BEOO",
            14,
            0,
            0
        ],
        [
            1884.280029296875,
            1930.0006103515625,
            1943.6162109375,
            1960.494140625,
            "BEKN",
            14,
            1,
            0
        ],
        [
            2755.030029296875,
            1930.6595458984375,
            2791.373046875,
            1961.153076171875,
            "016",
            14,
            2,
            0
        ]
    ],