{
    "0": [
        [
            499.5899963378906,
            190.1199951171875,
            554.9299926757812,
            200.41600036621094,
            "10HHA43FU902X|1\nMIN LU SG VERHOUDING BR\n",
            0,
            0
        ]
    ],
    "1": [
        [
            300.9100036621094,
            258.4200134277344,
            375.13800048828125,
            268.71600341796875,
            "10HHA43FU904|1\nMIN LU BRANDSTOF VERHOUDING BR\n",
            1,
            0
        ]
    ],
    "2": [
        [
            499.5899963378906,
            109.41000366210938,
            531.97802734375,
            119.70600891113281,
            "10HHA43EZ001|8\nBR 43 VRIJ\n",
            2,
            0
        ]
    ]
}