{
    "0": [
        [
            632.0399780273438,
            140.44998168945312,
            676.9439697265625,
            150.74598693847656,
            "10HYY02EU001|12\nTOEP 6 PASSIEFERING\n",
            0,
            0
        ]
    ],
    "1": [
        [
            574.0999755859375,
            190.1199951171875,
            633.6719970703125,
            209.88600158691406,
            "10HHJ53CT002X|1\nTEMPERATUUR SG BR 53\n10HHJ53CT901|1\nTEMPERATUUR SG BR 53 1oo2\n",
            1,
            0
        ]
    ],
    "2": [
        [
            574.0999755859375,
            152.8699951171875,
            633.6719970703125,
            172.62599182128906,
            "10HHJ53CT002X|1\nTEMPERATUUR SG BR 53\n10HHJ53CT901|1\nTEMPERATUUR SG BR 53 1oo2\n",
            2,
            0
        ]
    ]
}