{
    "0": [
        [
            632.0399780273438,
            140.44998168945312,
            666.8759765625,
            145.94598388671875,
            "10HYY02EU001|12",
            0,
            0,
            0
        ],
        [
            632.0399780273438,
            145.24998474121094,
            642.9320068359375,
            150.74598693847656,
            "TOEP",
            0,
            1,
            0
        ],
        [
            644.0440063476562,
            145.24998474121094,
            646.2680053710938,
            150.74598693847656,
            "6",
            0,
            1,
            1
        ],
        [
            647.3800048828125,
            145.24998474121094,
            676.9439697265625,
            150.74598693847656,
            "PASSIEFERING",
            0,
            1,
            2
        ]
    ],
    "1": [
        [
            574.0999755859375,
            190.1199951171875,
            608.7080078125,
            195.61599731445312,
            "10HHJ53CT002X|1",
            1,
            0,
            0
        ],
        [
            574.0999755859375,
            194.9199981689453,
            604.5440063476562,
            200.41600036621094,
            "TEMPERATUUR",
            1,
            1,
            0
        ],
        [
            605.656005859375,
            194.9199981689453,
            611.4359741210938,
            200.41600036621094,
            "SG",
            1,
            1,
            1
        ],
        [
            612.5479736328125,
            194.9199981689453,
            618.10400390625,
            200.41600036621094,
            "BR",
            1,
            1,
            2
        ],
        [
            619.2160034179688,
            194.9199981689453,
            623.6640014648438,
            200.41600036621094,
            "53",
            1,
            1,
            3
        ],
        [
            574.0999755859375,
            199.58999633789062,
            606.0399780273438,
            205.08599853515625,
            "10HHJ53CT901|1",
            1,
            2,
            0
        ],
        [
            574.0999755859375,
            204.38999938964844,
            604.5440063476562,
            209.88600158691406,
            "TEMPERATUUR",
            1,
            3,
            0
        ],
        [
            605.656005859375,
            204.38999938964844,
            611.4359741210938,
            209.88600158691406,
            "SG",
            1,
            3,
            1
        ],
        [
            612.5479736328125,
            204.38999938964844,
            618.10400390625,
            209.88600158691406,
            "BR",
            1,
            3,
            2
        ],
        [
            619.2160034179688,
            204.38999938964844,
            623.6640014648438,
            209.88600158691406,
            "53",
            1,
            3,
            3
        ],
        [
            624.7760009765625,
            204.38999938964844,
            633.6719970703125,
            209.88600158691406,
            "1oo2",
            1,
            3,
            4
        ]
    ],
    "2": [
        [
            574.0999755859375,
            152.8699951171875,
            608.7080078125,
            158.36599731445312,
            "10HHJ53CT002X|1",
            2,
            0,
            0
        ],
        [
            574.0999755859375,
            157.6699981689453,
            604.5440063476562,
            163.16600036621094,
            "TEMPERATUUR",
            2,
            1,
            0
        ],
        [
            605.656005859375,
            157.6699981689453,
            611.4359741210938,
            163.16600036621094,
            "SG",
            2,
            1,
            1
        ],
        [
            612.5479736328125,
            157.6699981689453,
            618.10400390625,
            163.16600036621094,
            "BR",
            2,
            1,
            2
        ],
        [
            619.2160034179688,
            157.6699981689453,
            623.6640014648438,
            163.16600036621094,
            "53",
            2,
            1,
            3
        ],
        [
            574.0999755859375,
            162.32998657226562,
            606.0399780273438,
            167.82598876953125,
            "10HHJ53CT901|1",
            2,
            2,
            0
        ],
        [
            574.0999755859375,
            167.12998962402344,
            604.5440063476562,
            172.62599182128906,
            "TEMPERATUUR",
            2,
            3,
            0
        ],
        [
            605.656005859375,
            167.12998962402344,
            611.4359741210938,
            172.62599182128906,
            "SG",
            2,
            3,
            1
        ],
        [
            612.5479736328125,
            167.12998962402344,
            618.10400390625,
            172.62599182128906,
            "BR",
            2,
            3,
            2
        ],
        [
            619.2160034179688,
            167.12998962402344,
            623.6640014648438,
            172.62599182128906,
            "53",
            2,
            3,
            3
        ],
        [
            624.7760009765625,
            167.12998962402344,
            633.6719970703125,
            172.62599182128906,
            "1oo2",
            2,
            3,
            4
        ]
    ]
}