{
    "0": [
        [
            400.25,
            146.66000366210938,
            439.5979919433594,
            175.88600158691406,
            "10HHA00EZ001|6\nALT BR V/G\n10HJG42CG002X|1\nOST ARG BR 42 VSK\n!CONVERTER_2|5\n!CONVERTER_AP6\n",
            0,
            0
        ]
    ],
    "1": [
        [
            300.9100036621094,
            109.41000366210938,
            345.8139953613281,
            119.70600891113281,
            "10HYY02EU001|5\nTOEP 6 PASSIEFERING\n",
            1,
            0
        ]
    ],
    "2": [
        [
            499.5899963378906,
            196.32998657226562,
            544.4900512695312,
            206.62599182128906,
            "10HYY02EU002|5\nTOEP 6 REINTEGRATIE\n",
            2,
            0
        ]
    ]
}