{
    "0": [
        [
            358.8599853515625,
            146.66000366210938,
            391.24798583984375,
            156.9560089111328,
            "10HHA53EZ001|6\nBR 53 VRIJ\n",
            0,
            0
        ]
    ],
    "1": [
        [
            507.8699951171875,
            134.239990234375,
            552.3219604492188,
            163.4659881591797,
            "10HHL00CF901|1\nTOTAAL LUCHTDEBIET\n10HHA53EZ001|6\nBR 53 VRIJ\n!CONVERTER_2|5\n!CONVERTER_AP6\n",
            1,
            0
        ]
    ]
}