{
    "0": [
        [
            0.31319464234824734,
            0.18870967741935485,
            0.34995725277856937,
            0.2032258064516129,
            "F_10o2_R",
            0.8408845794004793
        ]
    ],
    "1": [
        [
            0.08207466514676547,
            0.20362903225806453,
            0.13793103448275862,
            0.21491935483870966,
            "NOHHLS3CFOOTIIzQ0112",
            0.6682082686305478
        ]
    ],
    "2": [
        [
            0.14078084924479908,
            0.2068548387096774,
            0.19492732972356797,
            0.21733870967741936,
            "LUCHTDEBIET BRD 53",
            0.9397659476686128
        ]
    ],
    "3": [
        [
            0.6024508406953548,
            0.20443548387096774,
            0.6534625249358792,
            0.21491935483870966,
            "OHHLS3CF9OTIIZQ01",
            0.6767987155353724
        ]
    ],
    "4": [
        [
            0.6625819321744086,
            0.2068548387096774,
            0.7278426902251354,
            0.21733870967741936,
            "LUCHTDEBIET BRD 53 1002",
            0.7104742805854537
        ]
    ],
    "5": [
        [
            0.14163579367341123,
            0.2161290322580645,
            0.17526360786548875,
            0.2245967741935484,
            "0-60000 Nmth",
            0.8702467083297365
        ]
    ],
    "6": [
        [
            0.30977486463379883,
            0.21370967741935484,
            0.31889427187232827,
            0.2213709677419355,
            "IN1",
            0.4969884734968985
        ]
    ],
    "7": [
        [
            0.3439726417782844,
            0.21370967741935484,
            0.3548019378740382,
            0.2213709677419355,
            "OUT",
            0.9968457744608981
        ]
    ],
    "8": [
        [
            0.6628669136506127,
            0.2161290322580645,
            0.6962097463664861,
            0.2245967741935484,
            "0-60000 Nm /h",
            0.45856993260613466
        ]
    ],
    "9": [
        [
            0.0829296095753776,
            0.22661290322580646,
            0.13793103448275862,
            0.23709677419354838,
            "TOHHLS3CFO02IIZQ0112",
            0.4542793353666194
        ]
    ],
    "10": [
        [
            0.14078084924479908,
            0.22903225806451613,
            0.19492732972356797,
            0.23951612903225805,
            "LUCHTDEBIET BRD 53",
            0.9624584620651684
        ]
    ],
    "11": [
        [
            0.4251923624964377,
            0.2254032258064516,
            0.4762040467369621,
            0.23709677419354838,
            "NOHHLS3CF9OTIIZV20",
            0.5216278315539499
        ]
    ],
    "12": [
        [
            0.4853234539754916,
            0.22903225806451613,
            0.5511541749786264,
            0.23951612903225805,
            "LUCHTDEBIET BRD 53 1002",
            0.9609185687270615
        ]
    ],
    "13": [
        [
            0.6024508406953548,
            0.2254032258064516,
            0.6426332288401254,
            0.23508064516129032,
            "TOFIFILOOCF9OTIT",
            0.1921917382402963
        ]
    ],
    "14": [
        [
            0.14078084924479908,
            0.23669354838709677,
            0.1755485893416928,
            0.24717741935483872,
            "\"0-60000 Nm /h",
            0.3912287596853985
        ]
    ],
    "15": [
        [
            0.30977486463379883,
            0.23387096774193547,
            0.31889427187232827,
            0.24233870967741936,
            "IN2",
            0.920401810618666
        ]
    ],
    "16": [
        [
            0.33998290111142776,
            0.2342741935483871,
            0.3559418637788544,
            0.2439516129032258,
            "QBADS",
            0.3300455497290733
        ]
    ],
    "17": [
        [
            0.4853234539754916,
            0.23669354838709677,
            0.4964377315474494,
            0.24717741935483872,
            "FLT",
            0.9984251631402343
        ]
    ],
    "18": [
        [
            0.6024508406953548,
            0.23346774193548386,
            0.6574522656027358,
            0.2439516129032258,
            "TOTAAL LUCHTDEBIET",
            0.9135303812269925
        ]
    ],
    "19": [
        [
            0.6027358221715589,
            0.24274193548387096,
            0.6423482473639214,
            0.25120967741935485,
            "1OHHAS3EZO01/6",
            0.5227472825225123
        ]
    ],
    "20": [
        [
            0.08207466514676547,
            0.24556451612903227,
            0.13793103448275862,
            0.25725806451612904,
            "NHHLS3CFOOT IXM2O11",
            0.11798028513778028
        ]
    ],
    "21": [
        [
            0.14163579367341123,
            0.25040322580645163,
            0.19464234824736393,
            0.25887096774193546,
            "LUCHTDEBIET BRD 53",
            0.7047857470955768
        ]
    ],
    "22": [
        [
            0.4243374180678256,
            0.24556451612903227,
            0.4659447135936164,
            0.2560483870967742,
            "TOHHAS3EZOO 1/6",
            0.301066053232136
        ]
    ],
    "23": [
        [
            0.6024508406953548,
            0.24879032258064515,
            0.6292390994585352,
            0.2592741935483871,
            "BR 53 VRIJ",
            0.9857385242810215
        ]
    ],
    "24": [
        [
            0.14078084924479908,
            0.2564516129032258,
            0.170703904246224,
            0.2669354838709677,
            "'CHAN 1 FLT",
            0.43380882260255044
        ]
    ],
    "25": [
        [
            0.31062980906241094,
            0.25483870967741934,
            0.3274437161584497,
            0.2633064516129032,
            "QBAD1",
            0.6325270499136023
        ]
    ],
    "26": [
        [
            0.34340267882587633,
            0.25483870967741934,
            0.3548019378740382,
            0.2633064516129032,
            "DIS1",
            0.9529155492782593
        ]
    ],
    "27": [
        [
            0.42547734397264175,
            0.25483870967741934,
            0.4525505842120262,
            0.2633064516129032,
            "BR 53 VRIJ",
            0.6225915663197537
        ]
    ],
    "28": [
        [
            0.6015958962667427,
            0.2564516129032258,
            0.6449130806497577,
            0.26814516129032256,
            "ICONVERTER_215",
            0.8047203869472699
        ]
    ],
    "29": [
        [
            0.08207466514676547,
            0.267741935483871,
            0.13793103448275862,
            0.27903225806451615,
            "NOHHLS3CFO02IIXM2O/1",
            0.3670881306752846
        ]
    ],
    "30": [
        [
            0.1413508121972072,
            0.26895161290322583,
            0.19492732972356797,
            0.2806451612903226,
            "LUCHTDEBIET BRD 53_",
            0.9265236379895616
        ]
    ],
    "31": [
        [
            0.6015958962667427,
            0.26411290322580644,
            0.6471929324593901,
            0.2745967741935484,
            "ICONVERTER_AP6",
            0.9637056770770449
        ]
    ],
    "32": [
        [
            0.14078084924479908,
            0.27661290322580645,
            0.170703904246224,
            0.2879032258064516,
            "\"CHAN2 FLT",
            0.6353040924462705
        ]
    ],
    "33": [
        [
            0.30948988315759474,
            0.27419354838709675,
            0.3285836420632659,
            0.2846774193548387,
            "'QBAD2",
            0.507658394303105
        ]
    ],