{
    "0": [
        [
            358.8599853515625,
            146.66000366210938,
            391.24798583984375,
            152.156005859375,
            "10HHA53EZ001|6",
            0,
            0,
            0
        ],
        [
            358.8599853515625,
            151.4600067138672,
            364.4159851074219,
            156.9560089111328,
            "BR",
            0,
            1,
            0
        ],
        [
            365.5279846191406,
            151.4600067138672,
            369.9759826660156,
            156.9560089111328,
            "53",
            0,
            1,
            1
        ],
        [
            371.0879821777344,
            151.4600067138672,
            379.7559814453125,
            156.9560089111328,
            "VRIJ",
            0,
            1,
            2
        ]
    ],
    "1": [
        [
            507.8699951171875,
            134.239990234375,
            540.0339965820312,
            139.73599243164062,
            "10HHL00CF901|1",
            1,
            0,
            0
        ],
        [
            507.8699951171875,
            139.0399932861328,
            523.4299926757812,
            144.53599548339844,
            "TOTAAL",
            1,
            1,
            0
        ],
        [
            524.5419921875,
            139.0399932861328,
            552.3219604492188,
            144.53599548339844,
            "LUCHTDEBIET",
            1,
            1,
            1
        ],
        [
            507.8699951171875,
            143.70999145507812,
            540.2579956054688,
            149.20599365234375,
            "10HHA53EZ001|6",
            1,
            2,
            0
        ],
        [
            507.8699951171875,
            148.50999450683594,
            513.4259643554688,
            154.00599670410156,
            "BR",
            1,
            3,
            0
        ],
        [
            514.5380249023438,
            148.50999450683594,
            518.9860229492188,
            154.00599670410156,
            "53",
            1,
            3,
            1
        ],
        [
            520.0980224609375,
            148.50999450683594,
            528.7659912109375,
            154.00599670410156,
            "VRIJ",
            1,
            3,
            2
        ],
        [
            507.8699951171875,
            153.16998291015625,
            541.8060302734375,
            158.66598510742188,
            "!CONVERTER_2|5",
            1,
            4,
            0
        ],
        [
            507.8699951171875,
            157.96998596191406,
            543.8779907226562,
            163.4659881591797,
            "!CONVERTER_AP6",
            1,
            5,
            0
        ]
    ]
}