{
    "0": [
        [
            0.2638928469649473,
            0.20846774193548387,
            0.31176973496722715,
            0.22338709677419355,
            "FUM_ASMON",
            0.9998176809495354
        ]
    ],
    "1": [
        [
            0.579082359646623,
            0.20887096774193548,
            0.6075805072670276,
            0.2217741935483871,
            "ASMON",
            0.9999764893687645
        ]
    ],
    "2": [
        [
            0.2487888287261328,
            0.2314516129032258,
            0.25705329153605017,
            0.2399193548387097,
            "2.0",
            0.9996013732608389
        ]
    ],
    "3": [
        [
            0.26132801367911085,
            0.2346774193548387,
            0.26959247648902823,
            0.24233870967741936,
            "DB",
            0.9999778308296584
        ]
    ],
    "4": [
        [
            0.30407523510971785,
            0.23346774193548386,
            0.31604445711028784,
            0.2439516129032258,
            "OUT-",
            0.410871684551239
        ]
    ],
    "5": [
        [
            0.5753776004559704,
            0.2346774193548387,
            0.5822171558848674,
            0.24233870967741936,
            "IN",
            0.9321979118251419
        ]
    ],
    "6": [
        [
            0.5993160444571103,
            0.2342741935483871,
            0.6112852664576802,
            0.2439516129032258,
            "OUTC",
            0.5085660815238953
        ]
    ],
    "7": [
        [
            0.24422912510686806,
            0.2524193548387097,
            0.25876318039327445,
            0.2608870967741935,
            "100.08",
            0.29656861687077485
        ]
    ],
    "8": [
        [
            0.26132801367911085,
            0.25483870967741934,
            0.2690225135366201,
            0.2633064516129032,
            "UL",
            0.9999221135123715
        ]
    ],
    "9": [
        [
            0.3000854944428612,
            0.25443548387096776,
            0.31689940153889995,
            0.26491935483870965,
            "Q_AL1",
            0.816790094602568
        ]
    ],
    "10": [
        [
            0.3183243089199202,
            0.25040322580645163,
            0.3431176973496723,
            0.25887096774193546,
            "KANA FLT",
            0.9993826787539513
        ]
    ],
    "11": [
        [
            0.5636933599316044,
            0.2524193548387097,
            0.5719578227415218,
            0.2608870967741935,
            "2.0e",
            0.11074130237102509
        ]
    ],
    "12": [
        [
            0.5762325448845825,
            0.2560483870967742,
            0.5836420632658877,
            0.2633064516129032,
            "DB",
            0.9999889575435473
        ]
    ],
    "13": [
        [
            0.31803932744371616,
            0.2564516129032258,
            0.3402678825876318,
            0.2669354838709677,
            "#M XM2O",
            0.6934022376802236
        ]
    ],
    "14": [
        [
            0.24850384724992874,
            0.27298387096774196,
            0.2573382730122542,
            0.28266129032258064,
            "0.0",
            0.9916440437163057
        ]
    ],
    "15": [
        [
            0.26047306925049873,
            0.2770161290322581,
            0.268167569108008,
            0.2842741935483871,
            "LL",
            0.9992634368579427
        ]
    ],
    "16": [
        [
            0.29410088344257623,
            0.27580645161290324,
            0.3157594756340838,
            0.2842741935483871,
            "TRBL_AL",
            0.8810674171339405
        ]
    ],
    "17": [
        [
            0.31860929039612423,
            0.2693548387096774,
            0.33741806782559136,
            0.2875,
            "AKTIEF",
            0.8416966886066912
        ]
    ],
    "18": [
        [
            0.5585636933599316,
            0.27298387096774196,
            0.5722428042177259,
            0.28266129032258064,
            "100.0",
            0.9992250744136661
        ]
    ],
    "19": [
        [
            0.5753776004559704,
            0.2770161290322581,
            0.5830721003134797,
            0.2842741935483871,
            "UL",
            0.7147840494278043
        ]
    ],
    "20": [
        [
            0.26132801367911085,
            0.2967741935483871,
            0.26959247648902823,
            0.30524193548387096,
            "EU",
            0.9999376232340226
        ]
    ],
    "21": [
        [
            0.5636933599316044,
            0.2955645161290323,
            0.5719578227415218,
            0.3032258064516129,
            "0.Oe",
            0.443755179643631
        ]
    ],
    "22": [
        [
            0.5742376745511542,
            0.29516129032258065,
            0.5825021373610715,
            0.3056451612903226,
            "'LL",
            0.9664232293424991
        ]
    ],
    "23": [
        [
            0.21972071815332003,
            0.31411290322580643,
            0.2590481618694785,
            0.3245967741935484,
            "Current 4.20 mAc",
            0.4569129878367836
        ]
    ],
    "24": [
        [
            0.26132801367911085,
            0.317741935483871,
            0.28697634653747506,
            0.32620967741935486,
            "AI_RANGE",
            0.3401515789963626
        ]
    ],
    "25": [
        [
            0.5668281561698489,
            0.3165322580645161,
            0.572812767170134,
            0.3241935483870968,
            "%e",
            0.2358626090566847
        ]
    ],
    "26": [
        [
            0.5750926189797663,
            0.3161290322580645,
            0.5839270447420918,
            0.32661290322580644,
            "EU",
            0.999804107068344
        ]
    ],
    "27": [
        [
            0.22371045882017668,
            0.33669354838709675,
            0.25876318039327445,
            0.3439516129032258,
            "no modificatione",
            0.5128567816961663
        ]
    ],
    "28": [
        [
            0.26132801367911085,
            0.3387096774193548,
            0.28127671701339413,
            0.3471774193548387,
            "MODIFY",
            0.9997306687327308
        ]
    ],
    "29": [
        [
            0.2487888287261328,
            0.35766129032258065,
            0.25705329153605017,
            0.3649193548387097,
            "0.02",
            0.3229222595691681
        ]
    ],
    "30": [
        [
            0.26132801367911085,
            0.3596774193548387,
            0.268167569108008,
            0.3681451612903226,
            "T1",
            0.9500099535957952
        ]
    ],
    "31": [
        [
            0.26047306925049873,
            0.38064516129032255,
            0.2884012539184953,
            0.38911290322580644,
            "LINK_FUMI",
            0.6079747824095983
        ]
    ],
    "32": [
        [
            0.10031347962382445,
            0.4536290322580645,
            0.1439156454830436,
            0.47338709677419355,
            "K3o7 ARoom",
            0.07835814854590309
        ]
    ],
    "33": [
        [
            0.08634938728982616,
            0.8971774193548387,
            0.10800797948133371,
            0.902016129032258,
            "1.Round",
            0.8469070496837707
        ]
    ],
    "34": [
        [
            0.12368196067255628,
            0.8959677419354839,
            0.14705044172128812,
            0.9032258064516129,
            "19/07/06",
            0.9992762722638121
        ]
    ],
    "35": [
        [
            0.16129951553149044,
            0.8971774193548387,
            0.1775434596751211,
            0.9032258064516129,
            "Doerk",
            0.9245759287553079
        ]
    ],