{
    "49": {
        "nodes": [
            133,
            134,
            135,
            136,
            137,
            138,
            139,
            140,
            141,
            142,
            143,
            144,
            145,
            146,
            147,
            148,
            149,
            150,
            151,
            152,
            153,
            154,
            155,
            156,
            157,
            158,
            159,
            160,
            161,
            162,
            163,
            164,
            165,
            166,
            167,
            168
        ],
        "bbx": [
            1050.8031387396463,
            960.1811294623026,
            170.08378599726984,
            170.0788421496136
        ],
        "sub": null,
        "class": -1
    },
    "69": {
        "nodes": [
            389,
            390,
            391,
            392,
            393
        ],
        "bbx": [
            1473.3674217834362,
            626.6074120178113,
            81.79518573000269,
            55.57521502687746
        ],
        "sub": null,
        "class": 8
    },
    "71": {
        "nodes": [
            399,
            400,
            401,
            402,
            403
        ],
        "bbx": [
            1473.3674421820576,
            683.2974958929951,
            81.79514493275974,
            55.57505215932224
        ],
        "sub": null,
        "class": 8
    },
    "70": {
        "nodes": [
            394,
            395,
            396,
            397,
            398
        ],
        "bbx": [
            671.1666417455772,
            683.2976842260459,
            81.79275410650189,
            55.57467549322064
        ],
        "sub": null,
        "class": 8
    },
    "72": {
        "nodes": [
            404,
            405,
            406,
            407,
            408
        ],
        "bbx": [
            1473.3690945945375,
            739.99909947735,
            81.7918401078,
            55.56185963905
        ],
        "sub": null,
        "class": 8
    },
    "35": {
        "nodes": [
            129,
            130,
            131,
            132,
            86,
            87,
            88,
            89
        ],
        "bbx": [
            1132.2695176147527,
            177.0794541381902,
            46.830959887682184,
            66.67104777830713
        ],
        "sub": null,
        "class": -1
    },
    "60": {
        "nodes": [
            266,
            267,
            268,
            269
        ],
        "bbx": [
            1147.0115879815403,
            228.67162216122784,
            45.696794740044425,
            59.87672638066931
        ],
        "sub": null,
        "class": 10
    },
    "53": {
        "nodes": [
            180,
            181,
            182,
            183
        ],
        "bbx": [
            1123.7501534735088,
            152.9701241766339,
            24.189756529544866,
            38.359678404544695
        ],
        "sub": null,
        "class": 11
    },
    "73": {
        "nodes": [
            409,
            410,
            411
        ],
        "bbx": [
            655.8339277248392,
            349.0679365139017,
            11.119131855009073,
            8.994131855009073
        ],
        "sub": null,
        "class": 16
    },
    "85": {
        "nodes": [
            440,
            441,
            439
        ],
        "bbx": [
            655.8339277248392,
            666.5479169826517,
            11.119131855009073,
            8.994131855009073
        ],
        "sub": null,
        "class": 16
    },
    "91": {
        "nodes": [
            456,
            454,
            455
        ],
        "bbx": [
            655.8339277248392,
            779.9379316310892,
            11.119131855009073,
            8.994131855009073
        ],
        "sub": null,
        "class": 16
    },
    "109": {
        "nodes": [
            499,
            500,
            501
        ],
        "bbx": [
            655.8339366703947,
            995.3689708500822,
            11.119113963898144,
            8.994052928741894
        ],
        "sub": null,
        "class": 16
    },
    "107": {
        "nodes": [
            496,
            494,
            495
        ],
        "bbx": [
            1131.3479788246239,
            1619.7000296058739,
            8.994105827314797,
            11.118983757002297
        ],
        "sub": null,
        "class": 16
    },
    "105": {
        "nodes": [
            489,
            490,
            491
        ],
        "bbx": [
            655.8339456159983,
            1131.4319680769358,
            11.119096072690809,
            8.993974002378309
        ],
        "sub": null,
        "class": 16
    },
    "103": {
        "nodes": [
            484,
            485,
            486
        ],
        "bbx": [
            655.8340708595052,
            1074.7400767188801,
            11.118845585677036,
            8.992869023177263
        ],
        "sub": null,
        "class": 16
    },
    "87": {
        "nodes": [
            444,
            445,
            446
        ],
        "bbx": [
            1570.718494579277,
            666.5484506339644,
            11.113059669571157,
            8.993064552383657
        ],
        "sub": null,
        "class": 16
    },
    "95": {
        "nodes": [
            464,
            465,
            466
        ],
        "bbx": [
            1570.718494579277,
            779.9384652824019,
            11.113059669571157,
            8.993064552383657
        ],
        "sub": null,
        "class": 16
    },
    "101": {
        "nodes": [
            480,
            481,
            479
        ],
        "bbx": [
            1570.718494579277,
            1188.125477001152,
            11.113059669571157,
            8.993064552383657
        ],
        "sub": null,
        "class": 16
    },
    "75": {
        "nodes": [
            416,
            414,
            415
        ],
        "bbx": [
            1570.718494579277,
            349.0684701652145,
            11.113059669571157,
            8.993064552383544
        ],
        "sub": null,
        "class": 16
    },
    "77": {
        "nodes": [
            419,
            420,
            421
        ],
        "bbx": [
            1570.718494579277,
            394.428455516777,
            11.113059669571157,
            8.993064552383544
        ],
        "sub": null,
        "class": 16
    },
    "111": {
        "nodes": [
            504,
            505,
            506
        ],
        "bbx": [
            1570.7185035219602,
            995.3695044985227,
            11.113041784204597,
            8.992985631860847
        ],
        "sub": null,
        "class": 16
    },
    "99": {
        "nodes": [
            474,
            475,
            476
        ],
        "bbx": [
            1570.7185124646917,
            1131.4325017225042,
            11.11302389874163,
            8.99290671124163
        ],
        "sub": null,
        "class": 16
    },
    "97": {
        "nodes": [
            469,
            470,
            471
        ],
        "bbx": [
            1570.7186376679851,
            1074.7406103242351,
            11.112773492154702,
            8.991801812467202
        ],
        "sub": null,
        "class": 16
    },
    "79": {
        "nodes": [
            424,
            425,
            426
        ],
        "bbx": [
            655.8354133470177,
            485.1394904954552,
            11.11616061065206,
            8.98102877471456
        ],
        "sub": null,
        "class": 16
    },
    "89": {
        "nodes": [
            449,
            450,
            451
        ],