{
    "0": [
        [
            656.8800048828125,
            277.0400390625,
            701.7880249023438,
            287.3360290527344,
            "10HHG53CF901Z|1\nDEBIET NG BR 53  1oo2\n",
            0,
            0
        ]
    ],
    "1": [
        [
            656.8800048828125,
            140.44998168945312,
            692.8920288085938,
            160.2159881591797,
            "10HHG53CF001X|1\nDEBIET NG BR 53\n[10HHG53CF001|2]\n[DEBIET NG BR 53]\n",
            1,
            0
        ]
    ],
    "2": [
        [
            549.260009765625,
            103.19998168945312,
            594.1680297851562,
            132.42601013183594,
            "10HHG53CF001X|1\nDEBIET NG BR 53\n10HHG53CF901|1\nDEBIET NG BR 53  1oo2\n10HHG53CF901Z|1\nDEBIET NG BR 53  1oo2\n",
            2,
            0
        ]
    ],
    "3": [
        [
            656.8800048828125,
            450.8900451660156,
            701.7880249023438,
            461.18603515625,
            "10HHG53CF901Z|1\nDEBIET NG BR 53  1oo2\n",
            3,
            0
        ]
    ],
    "4": [
        [
            656.8800048828125,
            90.77999877929688,
            701.7839965820312,
            101.07600402832031,
            "10HYY02EU001|9\nTOEP 6 PASSIEFERING\n",
            4,
            0
        ]
    ]
}