{
    "0": [
        [
            656.8800048828125,
            277.0400390625,
            692.3760375976562,
            282.5360412597656,
            "10HHG53CF901Z|1",
            0,
            0,
            0
        ],
        [
            656.8800048828125,
            281.84002685546875,
            671.3280029296875,
            287.3360290527344,
            "DEBIET",
            0,
            1,
            0
        ],
        [
            672.4400024414062,
            281.84002685546875,
            678.4400024414062,
            287.3360290527344,
            "NG",
            0,
            1,
            1
        ],
        [
            679.552001953125,
            281.84002685546875,
            685.1080322265625,
            287.3360290527344,
            "BR",
            0,
            1,
            2
        ],
        [
            686.2200317382812,
            281.84002685546875,
            690.6680297851562,
            287.3360290527344,
            "53",
            0,
            1,
            3
        ],
        [
            692.8920288085938,
            281.84002685546875,
            701.7880249023438,
            287.3360290527344,
            "1oo2",
            0,
            1,
            4
        ]
    ],
    "1": [
        [
            656.8800048828125,
            140.44998168945312,
            692.6000366210938,
            145.94598388671875,
            "10HHG53CF001X|1",
            1,
            0,
            0
        ],
        [
            656.8800048828125,
            145.24998474121094,
            671.3280029296875,
            150.74598693847656,
            "DEBIET",
            1,
            1,
            0
        ],
        [
            672.4400024414062,
            145.24998474121094,
            678.4400024414062,
            150.74598693847656,
            "NG",
            1,
            1,
            1
        ],
        [
            679.552001953125,
            145.24998474121094,
            685.1080322265625,
            150.74598693847656,
            "BR",
            1,
            1,
            2
        ],
        [
            686.2200317382812,
            145.24998474121094,
            690.6680297851562,
            150.74598693847656,
            "53",
            1,
            1,
            3
        ],
        [
            656.8800048828125,
            149.91998291015625,
            692.156005859375,
            155.41598510742188,
            "[10HHG53CF001|2]",
            1,
            2,
            0
        ],
        [
            656.8800048828125,
            154.71998596191406,
            672.4400024414062,
            160.2159881591797,
            "[DEBIET",
            1,
            3,
            0
        ],
        [
            673.552001953125,
            154.71998596191406,
            679.552001953125,
            160.2159881591797,
            "NG",
            1,
            3,
            1
        ],
        [
            680.6640014648438,
            154.71998596191406,
            686.2200317382812,
            160.2159881591797,
            "BR",
            1,
            3,
            2
        ],
        [
            687.33203125,
            154.71998596191406,
            692.8920288085938,
            160.2159881591797,
            "53]",
            1,
            3,
            3
        ]
    ],
    "2": [
        [
            549.260009765625,
            103.19998168945312,
            584.9800415039062,
            108.69598388671875,
            "10HHG53CF001X|1",
            2,
            0,
            0
        ],
        [
            549.260009765625,
            107.99998474121094,
            563.7080078125,
            113.49598693847656,
            "DEBIET",
            2,
            1,
            0
        ],
        [
            564.8200073242188,
            107.99998474121094,
            570.8200073242188,
            113.49598693847656,
            "NG",
            2,
            1,
            1
        ],
        [
            571.9320068359375,
            107.99998474121094,
            577.488037109375,
            113.49598693847656,
            "BR",
            2,
            1,
            2
        ],
        [
            578.6000366210938,
            107.99998474121094,
            583.0480346679688,
            113.49598693847656,
            "53",
            2,
            1,
            3
        ],
        [
            549.260009765625,
            112.66000366210938,
            582.31201171875,
            118.156005859375,
            "10HHG53CF901|1",
            2,
            2,
            0
        ],
        [
            549.260009765625,
            117.46000671386719,
            563.7080078125,
            122.95600891113281,
            "DEBIET",
            2,
            3,
            0
        ],
        [
            564.8200073242188,
            117.46000671386719,
            570.8200073242188,
            122.95600891113281,
            "NG",
            2,
            3,
            1
        ],
        [
            571.9320068359375,
            117.46000671386719,
            577.488037109375,
            122.95600891113281,
            "BR",
            2,
            3,
            2
        ],
        [
            578.6000366210938,
            117.46000671386719,
            583.0480346679688,
            122.95600891113281,
            "53",
            2,
            3,
            3
        ],
        [
            585.2720336914062,
            117.46000671386719,
            594.1680297851562,
            122.95600891113281,
            "1oo2",
            2,
            3,
            4
        ],
        [
            549.260009765625,
            122.1300048828125,
            584.7560424804688,
            127.62600708007812,
            "10HHG53CF901Z|1",
            2,
            4,
            0
        ],
        [
            549.260009765625,
            126.93000793457031,
            563.7080078125,
            132.42601013183594,
            "DEBIET",
            2,
            5,
            0
        ],
        [
            564.8200073242188,
            126.93000793457031,
            570.8200073242188,
            132.42601013183594,
            "NG",
            2,
            5,
            1
        ],
        [
            571.9320068359375,
            126.93000793457031,
            577.488037109375,
            132.42601013183594,
            "BR",
            2,
            5,
            2
        ],
        [
            578.6000366210938,
            126.93000793457031,
            583.0480346679688,
            132.42601013183594,
            "53",
            2,
            5,
            3
        ],
        [
            585.2720336914062,
            126.93000793457031,
            594.1680297851562,
            132.42601013183594,
            "1oo2",
            2,
            5,
            4
        ]
    ],