{
    "0": [
        [
            499.5899963378906,
            196.32998657226562,
            532.2020263671875,
            201.82598876953125,
            "10HYY02EU002|5",
            0,
            0,
            0
        ],
        [
            499.5899963378906,
            201.12998962402344,
            510.48199462890625,
            206.62599182128906,
            "TOEP",
            0,
            1,
            0
        ],
        [
            511.593994140625,
            201.12998962402344,
            513.8179931640625,
            206.62599182128906,
            "6",
            0,
            1,
            1
        ],
        [
            514.9299926757812,
            201.12998962402344,
            544.4900512695312,
            206.62599182128906,
            "REINTEGRATIE",
            0,
            1,
            2
        ]
    ],
    "1": [
        [
            400.25,
            146.66000366210938,
            432.63800048828125,
            152.156005859375,
            "10HHA00EZ001|6",
            1,
            0,
            0
        ],
        [
            400.25,
            151.4600067138672,
            407.58599853515625,
            156.9560089111328,
            "ALT",
            1,
            1,
            0
        ],
        [
            408.697998046875,
            151.4600067138672,
            414.2539978027344,
            156.9560089111328,
            "BR",
            1,
            1,
            1
        ],
        [
            415.3659973144531,
            151.4600067138672,
            422.25799560546875,
            156.9560089111328,
            "V/G",
            1,
            1,
            2
        ],
        [
            400.25,
            156.1199951171875,
            435.75,
            161.61599731445312,
            "10HJG53CG002X|1",
            1,
            2,
            0
        ],
        [
            400.25,
            160.9199981689453,
            408.4739990234375,
            166.41600036621094,
            "OST",
            1,
            3,
            0
        ],
        [
            409.58599853515625,
            160.9199981689453,
            418.2539978027344,
            166.41600036621094,
            "ARG",
            1,
            3,
            1
        ],
        [
            419.3659973144531,
            160.9199981689453,
            424.9219970703125,
            166.41600036621094,
            "BR",
            1,
            3,
            2
        ],
        [
            426.03399658203125,
            160.9199981689453,
            430.48199462890625,
            166.41600036621094,
            "53",
            1,
            3,
            3
        ],
        [
            431.593994140625,
            160.9199981689453,
            439.5979919433594,
            166.41600036621094,
            "VSK",
            1,
            3,
            4
        ],
        [
            400.25,
            165.58999633789062,
            434.1860046386719,
            171.08599853515625,
            "!CONVERTER_2|5",
            1,
            4,
            0
        ],
        [
            400.25,
            170.38999938964844,
            436.25799560546875,
            175.88600158691406,
            "!CONVERTER_AP6",
            1,
            5,
            0
        ]
    ],
    "2": [
        [
            300.9100036621094,
            109.41000366210938,
            333.5220031738281,
            114.906005859375,
            "10HYY02EU001|5",
            2,
            0,
            0
        ],
        [
            300.9100036621094,
            114.21000671386719,
            311.802001953125,
            119.70600891113281,
            "TOEP",
            2,
            1,
            0
        ],
        [
            312.91400146484375,
            114.21000671386719,
            315.13800048828125,
            119.70600891113281,
            "6",
            2,
            1,
            1
        ],
        [
            316.25,
            114.21000671386719,
            345.8139953613281,
            119.70600891113281,
            "PASSIEFERING",
            2,
            1,
            2
        ]
    ]
}