{
    "0": [
        [
            590.6500244140625,
            177.69998168945312,
            623.0380249023438,
            187.99598693847656,
            "10HHA43EZ001|7\nBR 43 VRIJ\n",
            0,
            0
        ]
    ],
    "1": [
        [
            590.6500244140625,
            90.77999877929688,
            636.4500122070312,
            110.53599548339844,
            "10HHA43EZ001|7\nBR 43 VRIJ\n[10HHJ43CF901|1]\n[DEBIET SG BR 43 1oo2]\n",
            1,
            0
        ]
    ],
    "2": [
        [
            590.6500244140625,
            407.42999267578125,
            634.2260131835938,
            417.7259826660156,
            "10HHJ43CF901X|1\nDEBIET SG BR 43 1oo2\n",
            2,
            0
        ]
    ],
    "3": [
        [
            590.6500244140625,
            289.46002197265625,
            634.2260131835938,
            299.7560119628906,
            "10HHJ43CF901X|1\nDEBIET SG BR 43 1oo2\n",
            3,
            0
        ]
    ]
}