{
    "0": [
        [
            590.6500244140625,
            177.69998168945312,
            623.0380249023438,
            183.19598388671875,
            "10HHA43EZ001|7",
            0,
            0,
            0
        ],
        [
            590.6500244140625,
            182.49998474121094,
            596.2060546875,
            187.99598693847656,
            "BR",
            0,
            1,
            0
        ],
        [
            597.3180541992188,
            182.49998474121094,
            601.7660522460938,
            187.99598693847656,
            "43",
            0,
            1,
            1
        ],
        [
            602.8780517578125,
            182.49998474121094,
            611.5460205078125,
            187.99598693847656,
            "VRIJ",
            0,
            1,
            2
        ]
    ],
    "1": [
        [
            590.6500244140625,
            90.77999877929688,
            623.0380249023438,
            96.2760009765625,
            "10HHA43EZ001|7",
            1,
            0,
            0
        ],
        [
            590.6500244140625,
            95.58000183105469,
            596.2060546875,
            101.07600402832031,
            "BR",
            1,
            1,
            0
        ],
        [
            597.3180541992188,
            95.58000183105469,
            601.7660522460938,
            101.07600402832031,
            "43",
            1,
            1,
            1
        ],
        [
            602.8780517578125,
            95.58000183105469,
            611.5460205078125,
            101.07600402832031,
            "VRIJ",
            1,
            1,
            2
        ],
        [
            590.6500244140625,
            100.239990234375,
            624.8140258789062,
            105.73599243164062,
            "[10HHJ43CF901|1]",
            1,
            2,
            0
        ],
        [
            590.6500244140625,
            105.03999328613281,
            606.2100219726562,
            110.53599548339844,
            "[DEBIET",
            1,
            3,
            0
        ],
        [
            607.322021484375,
            105.03999328613281,
            613.10205078125,
            110.53599548339844,
            "SG",
            1,
            3,
            1
        ],
        [
            614.2140502929688,
            105.03999328613281,
            619.77001953125,
            110.53599548339844,
            "BR",
            1,
            3,
            2
        ],
        [
            620.8820190429688,
            105.03999328613281,
            625.3300170898438,
            110.53599548339844,
            "43",
            1,
            3,
            3
        ],
        [
            626.4420166015625,
            105.03999328613281,
            636.4500122070312,
            110.53599548339844,
            "1oo2]",
            1,
            3,
            4
        ]
    ],
    "2": [
        [
            590.6500244140625,
            407.42999267578125,
            625.258056640625,
            412.9259948730469,
            "10HHJ43CF901X|1",
            2,
            0,
            0
        ],
        [
            590.6500244140625,
            412.22998046875,
            605.0980224609375,
            417.7259826660156,
            "DEBIET",
            2,
            1,
            0
        ],
        [
            606.2100219726562,
            412.22998046875,
            611.9900512695312,
            417.7259826660156,
            "SG",
            2,
            1,
            1
        ],
        [
            613.10205078125,
            412.22998046875,
            618.6580200195312,
            417.7259826660156,
            "BR",
            2,
            1,
            2
        ],
        [
            619.77001953125,
            412.22998046875,
            624.218017578125,
            417.7259826660156,
            "43",
            2,
            1,
            3
        ],
        [
            625.3300170898438,
            412.22998046875,
            634.2260131835938,
            417.7259826660156,
            "1oo2",
            2,
            1,
            4
        ]
    ],
    "3": [
        [
            590.6500244140625,
            289.46002197265625,
            625.258056640625,
            294.9560241699219,
            "10HHJ43CF901X|1",
            3,
            0,
            0
        ],
        [
            590.6500244140625,
            294.260009765625,
            605.0980224609375,
            299.7560119628906,
            "DEBIET",
            3,
            1,
            0
        ],
        [
            606.2100219726562,
            294.260009765625,
            611.9900512695312,
            299.7560119628906,
            "SG",
            3,
            1,
            1
        ],
        [
            613.10205078125,
            294.260009765625,
            618.6580200195312,
            299.7560119628906,
            "BR",
            3,
            1,
            2
        ],
        [
            619.77001953125,
            294.260009765625,
            624.218017578125,
            299.7560119628906,
            "43",
            3,
            1,
            3
        ],
        [
            625.3300170898438,
            294.260009765625,
            634.2260131835938,
            299.7560119628906,
            "1oo2",
            3,
            1,
            4
        ]
    ]
}