{
    "0": [
        [
            507.8699951171875,
            128.02999877929688,
            567.4420166015625,
            147.79600524902344,
            "10HHJ42CT001X|1\nTEMPERATUUR SG BR 42\n10HHJ42CT901|1\nTEMPERATUUR SG BR 42 1oo2\n",
            0,
            0
        ]
    ],
    "1": [
        [
            507.8699951171875,
            165.27999877929688,
            567.4420166015625,
            185.04600524902344,
            "10HHJ42CT001X|1\nTEMPERATUUR SG BR 42\n10HHJ42CT901|1\nTEMPERATUUR SG BR 42 1oo2\n",
            1,
            0
        ]
    ],
    "2": [
        [
            615.489990234375,
            115.6099853515625,
            660.3939819335938,
            125.90599060058594,
            "10HYY02EU001|12\nTOEP 6 PASSIEFERING\n",
            2,
            0
        ]
    ]
}