{
    "0": [
        [
            507.8699951171875,
            128.02999877929688,
            542.47802734375,
            133.5260009765625,
            "10HHJ42CT001X|1",
            0,
            0,
            0
        ],
        [
            507.8699951171875,
            132.8300018310547,
            538.3140258789062,
            138.3260040283203,
            "TEMPERATUUR",
            0,
            1,
            0
        ],
        [
            539.426025390625,
            132.8300018310547,
            545.2059936523438,
            138.3260040283203,
            "SG",
            0,
            1,
            1
        ],
        [
            546.3179931640625,
            132.8300018310547,
            551.8740234375,
            138.3260040283203,
            "BR",
            0,
            1,
            2
        ],
        [
            552.9860229492188,
            132.8300018310547,
            557.4340209960938,
            138.3260040283203,
            "42",
            0,
            1,
            3
        ],
        [
            507.8699951171875,
            137.5,
            539.8099975585938,
            142.99600219726562,
            "10HHJ42CT901|1",
            0,
            2,
            0
        ],
        [
            507.8699951171875,
            142.3000030517578,
            538.3140258789062,
            147.79600524902344,
            "TEMPERATUUR",
            0,
            3,
            0
        ],
        [
            539.426025390625,
            142.3000030517578,
            545.2059936523438,
            147.79600524902344,
            "SG",
            0,
            3,
            1
        ],
        [
            546.3179931640625,
            142.3000030517578,
            551.8740234375,
            147.79600524902344,
            "BR",
            0,
            3,
            2
        ],
        [
            552.9860229492188,
            142.3000030517578,
            557.4340209960938,
            147.79600524902344,
            "42",
            0,
            3,
            3
        ],
        [
            558.5460205078125,
            142.3000030517578,
            567.4420166015625,
            147.79600524902344,
            "1oo2",
            0,
            3,
            4
        ]
    ],
    "1": [
        [
            507.8699951171875,
            165.27999877929688,
            542.47802734375,
            170.7760009765625,
            "10HHJ42CT001X|1",
            1,
            0,
            0
        ],
        [
            507.8699951171875,
            170.0800018310547,
            538.3140258789062,
            175.5760040283203,
            "TEMPERATUUR",
            1,
            1,
            0
        ],
        [
            539.426025390625,
            170.0800018310547,
            545.2059936523438,
            175.5760040283203,
            "SG",
            1,
            1,
            1
        ],
        [
            546.3179931640625,
            170.0800018310547,
            551.8740234375,
            175.5760040283203,
            "BR",
            1,
            1,
            2
        ],
        [
            552.9860229492188,
            170.0800018310547,
            557.4340209960938,
            175.5760040283203,
            "42",
            1,
            1,
            3
        ],
        [
            507.8699951171875,
            174.75,
            539.8099975585938,
            180.24600219726562,
            "10HHJ42CT901|1",
            1,
            2,
            0
        ],
        [
            507.8699951171875,
            179.5500030517578,
            538.3140258789062,
            185.04600524902344,
            "TEMPERATUUR",
            1,
            3,
            0
        ],
        [
            539.426025390625,
            179.5500030517578,
            545.2059936523438,
            185.04600524902344,
            "SG",
            1,
            3,
            1
        ],
        [
            546.3179931640625,
            179.5500030517578,
            551.8740234375,
            185.04600524902344,
            "BR",
            1,
            3,
            2
        ],
        [
            552.9860229492188,
            179.5500030517578,
            557.4340209960938,
            185.04600524902344,
            "42",
            1,
            3,
            3
        ],
        [
            558.5460205078125,
            179.5500030517578,
            567.4420166015625,
            185.04600524902344,
            "1oo2",
            1,
            3,
            4
        ]
    ],
    "2": [
        [
            615.489990234375,
            115.6099853515625,
            650.3259887695312,
            121.10598754882812,
            "10HYY02EU001|12",
            2,
            0,
            0
        ],
        [
            615.489990234375,
            120.40998840332031,
            626.3820190429688,
            125.90599060058594,
            "TOEP",
            2,
            1,
            0
        ],
        [
            627.4940185546875,
            120.40998840332031,
            629.718017578125,
            125.90599060058594,
            "6",
            2,
            1,
            1
        ],
        [
            630.8300170898438,
            120.40998840332031,
            660.3939819335938,
            125.90599060058594,
            "PASSIEFERING",
            2,
            1,
            2
        ]
    ]
}