{
    "0": [
        [
            300.9100036621094,
            109.41000366210938,
            345.8139953613281,
            119.70600891113281,
            "10HYY02EU001|4\nTOEP 6 PASSIEFERING\n",
            0,
            0
        ]
    ],
    "1": [
        [
            499.5899963378906,
            159.07998657226562,
            531.97802734375,
            169.37599182128906,
            "10HHA42EZ001|4\nBR 42 VRIJ\n",
            1,
            0
        ]
    ],
    "2": [
        [
            400.25,
            196.32998657226562,
            445.1499938964844,
            206.62599182128906,
            "10HYY02EU002|4\nTOEP 6 REINTEGRATIE\n",
            2,
            0
        ]
    ],
    "3": [
        [
            400.25,
            146.66000366210938,
            435.5260009765625,
            185.3560028076172,
            "10HHJ42CG001X|1\nSG BR 42 VH-A 1\n10HHA42EZ001|3\nBR 42 VRIJ\n10HHJ42AA001A|2\nSG BR 42 VH-A 1\n10HHJ42AA002A|2\nSG BR 42 VH-A 2\n",
            3,
            0
        ]
    ]
}