{
    "0": [
        [
            0.4029638073525221,
            0.14677419354838708,
            0.4288971216870903,
            0.16129032258064516,
            "F_OR4",
            0.8978772485244652
        ]
    ],
    "1": [
        [
            0.5200911940723852,
            0.14677419354838708,
            0.5468794528355657,
            0.16129032258064516,
            "F_NOT",
            0.9947352929350466
        ]
    ],
    "2": [
        [
            0.08207466514676547,
            0.16370967741935483,
            0.13707609005414648,
            0.17419354838709677,
            "NOHHLS3CFOOTIIXH54I1",
            0.4554870035488467
        ]
    ],
    "3": [
        [
            0.14078084924479908,
            0.16491935483870968,
            0.19492732972356797,
            0.17540322580645162,
            "LUCHTDEBIET BRD 53",
            0.9515875960881743
        ]
    ],
    "4": [
        [
            0.6320889142205757,
            0.16370967741935483,
            0.6856654317469365,
            0.17540322580645162,
            "NOHHLS3CF9O1ZIIZVO4",
            0.42623342643576
        ]
    ],
    "5": [
        [
            0.6913650612710174,
            0.16491935483870968,
            0.7566258193217441,
            0.17540322580645162,
            "LUCHTDEBIET BRD 53 1002",
            0.7062877809643135
        ]
    ],
    "6": [
        [
            0.14562553434026787,
            0.17419354838709677,
            0.17526360786548875,
            0.18266129032258063,
            "78900 Nm /h",
            0.4420411388823785
        ]
    ],
    "7": [
        [
            0.3978341407808492,
            0.17016129032258065,
            0.40752351097178685,
            0.18064516129032257,
            "INI",
            0.3689709427767381
        ]
    ],
    "8": [
        [
            0.42205756625819324,
            0.17016129032258065,
            0.4340267882587632,
            0.18064516129032257,
            "OUT\"",
            0.453415185213089
        ]
    ],
    "9": [
        [
            0.5166714163579368,
            0.1717741935483871,
            0.5235109717868338,
            0.18024193548387096,
            "IN",
            0.945367029428923
        ]
    ],
    "10": [
        [
            0.5391849529780565,
            0.17016129032258065,
            0.5520091194072385,
            0.18064516129032257,
            "OUuT\"",
            0.26227105289273306
        ]
    ],
    "11": [
        [
            0.6956397834140781,
            0.17419354838709677,
            0.7252778569392989,
            0.18266129032258063,
            "18900 Nm?/h",
            0.8234452905107302
        ]
    ],
    "12": [
        [
            0.08207466514676547,
            0.18346774193548387,
            0.13707609005414648,
            0.19516129032258064,
            "NOHHLS3CFOO2IIXH541",
            0.4350820853016748
        ]
    ],
    "13": [
        [
            0.14078084924479908,
            0.1870967741935484,
            0.19492732972356797,
            0.1971774193548387,
            "LUCHTDEBIET BRD 53",
            0.5291195133212775
        ]
    ],
    "14": [
        [
            0.6315189512681676,
            0.18508064516129033,
            0.6759760615559989,
            0.1935483870967742,
            "TOHYYOOEZ00213/4",
            0.6806299975503347
        ]
    ],
    "15": [
        [
            0.14534055286406383,
            0.19556451612903225,
            0.1755485893416928,
            0.20524193548387096,
            "18900 Nm /h",
            0.6857263188946097
        ]
    ],
    "16": [
        [
            0.3978341407808492,
            0.19153225806451613,
            0.40837845540039897,
            0.20161290322580644,
            "IN2",
            0.6818677353023945
        ]
    ],
    "17": [
        [
            0.41920775149615275,
            0.19274193548387097,
            0.43459675121117125,
            0.20120967741935483,
            "OUTNG",
            0.5579880091536285
        ]
    ],
    "18": [
        [
            0.6315189512681676,
            0.19274193548387097,
            0.6742661726987745,
            0.20120967741935483,
            "KETEL ZUIVEREN",
            0.6646486040923966
        ]
    ],
    "19": [
        [
            0.6312339697919636,
            0.2,
            0.6745511541749786,
            0.20967741935483872,
            "ICONVERTER_216",
            0.6999686576200908
        ]
    ],
    "20": [
        [
            0.6306640068395555,
            0.2068548387096774,
            0.6762610430322029,
            0.21733870967741936,
            "ICONVERTER_AP6",
            0.8085141718677493
        ]
    ],
    "21": [
        [
            0.3986890852094614,
            0.21370967741935484,
            0.4080934739241949,
            0.2213709677419355,
            "IN3",
            0.9942912530349837
        ]
    ],
    "22": [
        [
            0.2829866058706184,
            0.2310483870967742,
            0.3120547164434312,
            0.2439516129032258,
            "F_AND4",
            0.5912494452737322
        ]
    ],
    "23": [
        [
            0.08207466514676547,
            0.24556451612903227,
            0.13793103448275862,
            0.25725806451612904,
            "NOHHLS3CFOOTIIXM2O/1",
            0.1183518660593593
        ]
    ],
    "24": [
        [
            0.14163579367341123,
            0.25040322580645163,
            0.19464234824736393,
            0.25887096774193546,
            "LUCHTDEBIET BRD 53",
            0.7047857470955768
        ]
    ],
    "25": [
        [
            0.14078084924479908,
            0.2564516129032258,
            0.170703904246224,
            0.2669354838709677,
            "'CHAN 1 FLT",
            0.43380882260255044
        ]
    ],
    "26": [
        [
            0.2801367911085779,
            0.25483870967741934,
            0.2892561983471074,
            0.2633064516129032,
            "IN1",
            0.8294910869014511
        ]
    ],
    "27": [
        [
            0.30436021658592194,
            0.25483870967741934,
            0.3157594756340838,
            0.2633064516129032,
            "OUT",
            0.9970282935244339
        ]
    ],
    "28": [
        [
            0.08207466514676547,
            0.267741935483871,
            0.13793103448275862,
            0.27903225806451615,
            "NOHHLS3CFO02IIXM2O/1",
            0.3670881306752846
        ]
    ],
    "29": [
        [
            0.1413508121972072,
            0.26895161290322583,
            0.19492732972356797,
            0.2806451612903226,
            "LUCHTDEBIET BRD 53_",
            0.9265236379895616
        ]
    ],
    "30": [
        [
            0.14078084924479908,
            0.27661290322580645,
            0.170703904246224,
            0.2879032258064516,
            "\"CHAN2 FLT",
            0.6353040924462705
        ]
    ],
    "31": [
        [
            0.28070675406098605,
            0.2770161290322581,
            0.2901111427757196,
            0.2842741935483871,
            "IN2",
            0.9659746997391558
        ]
    ],
    "32": [
        [
            0.3012254203476774,
            0.27580645161290324,
            0.3166144200626959,
            0.2842741935483871,
            "OUTNI",
            0.4548333375243992
        ]
    ],
    "33": [
        [
            0.12368196067255628,
            0.8959677419354839,
            0.14705044172128812,
            0.9032258064516129,
            "31/12/69",
            0.9993946532063716
        ]
    ],
    "34": [
        [
            0.19948703334283271,
            0.8971774193548387,
            0.21259618124821886,
            0.9032258064516129,
            "Dato",
            0.8314253687858582
        ]
    ],