{
    "0": [
        [
            524.4199829101562,
            109.41000366210938,
            569.323974609375,
            119.70600891113281,
            "10HYY02EU001|11\nTOEP 6 PASSIEFERING\n",
            0,
            0
        ]
    ],
    "1": [
        [
            375.4100036621094,
            332.91998291015625,
            428.3139953613281,
            343.2159729003906,
            "10HHL43CF901Z|1\nLUCHTDEBIET BRD 43 1oo2\n",
            1,
            0
        ]
    ],
    "2": [
        [
            375.4100036621094,
            121.82000732421875,
            428.3139953613281,
            151.04600524902344,
            "10HHL43CF001X|1\nLUCHTDEBIET BRD 43\n10HHL43CF901|1\nLUCHTDEBIET BRD 43 1oo2\n10HHL43CF901Z|1\nLUCHTDEBIET BRD 43 1oo2\n",
            2,
            0
        ]
    ],
    "3": [
        [
            524.4199829101562,
            159.07998657226562,
            569.5399780273438,
            178.8360137939453,
            "10HHL43CF001X|1\nLUCHTDEBIET BRD 43\n[10HHL43CF001|2]\n[LUCHTDEBIET BRD 43]\n",
            3,
            0
        ]
    ]
}