{
    "0": [
        [
            524.4199829101562,
            109.41000366210938,
            559.2559814453125,
            114.906005859375,
            "10HYY02EU001|11",
            0,
            0,
            0
        ],
        [
            524.4199829101562,
            114.21000671386719,
            535.31201171875,
            119.70600891113281,
            "TOEP",
            0,
            1,
            0
        ],
        [
            536.4240112304688,
            114.21000671386719,
            538.6480102539062,
            119.70600891113281,
            "6",
            0,
            1,
            1
        ],
        [
            539.760009765625,
            114.21000671386719,
            569.323974609375,
            119.70600891113281,
            "PASSIEFERING",
            0,
            1,
            2
        ]
    ],
    "1": [
        [
            375.4100036621094,
            332.91998291015625,
            410.01800537109375,
            338.4159851074219,
            "10HHL43CF901Z|1",
            1,
            0,
            0
        ],
        [
            375.4100036621094,
            337.719970703125,
            403.19000244140625,
            343.2159729003906,
            "LUCHTDEBIET",
            1,
            1,
            0
        ],
        [
            404.302001953125,
            337.719970703125,
            412.7460021972656,
            343.2159729003906,
            "BRD",
            1,
            1,
            1
        ],
        [
            413.8580017089844,
            337.719970703125,
            418.3059997558594,
            343.2159729003906,
            "43",
            1,
            1,
            2
        ],
        [
            419.4179992675781,
            337.719970703125,
            428.3139953613281,
            343.2159729003906,
            "1oo2",
            1,
            1,
            3
        ]
    ],
    "2": [
        [
            375.4100036621094,
            121.82000732421875,
            410.24200439453125,
            127.31600952148438,
            "10HHL43CF001X|1",
            2,
            0,
            0
        ],
        [
            375.4100036621094,
            126.62001037597656,
            403.19000244140625,
            132.1160125732422,
            "LUCHTDEBIET",
            2,
            1,
            0
        ],
        [
            404.302001953125,
            126.62001037597656,
            412.7460021972656,
            132.1160125732422,
            "BRD",
            2,
            1,
            1
        ],
        [
            413.8580017089844,
            126.62001037597656,
            418.3059997558594,
            132.1160125732422,
            "43",
            2,
            1,
            2
        ],
        [
            375.4100036621094,
            131.29000854492188,
            407.5740051269531,
            136.7860107421875,
            "10HHL43CF901|1",
            2,
            2,
            0
        ],
        [
            375.4100036621094,
            136.0900115966797,
            403.19000244140625,
            141.5860137939453,
            "LUCHTDEBIET",
            2,
            3,
            0
        ],
        [
            404.302001953125,
            136.0900115966797,
            412.7460021972656,
            141.5860137939453,
            "BRD",
            2,
            3,
            1
        ],
        [
            413.8580017089844,
            136.0900115966797,
            418.3059997558594,
            141.5860137939453,
            "43",
            2,
            3,
            2
        ],
        [
            419.4179992675781,
            136.0900115966797,
            428.3139953613281,
            141.5860137939453,
            "1oo2",
            2,
            3,
            3
        ],
        [
            375.4100036621094,
            140.75,
            410.01800537109375,
            146.24600219726562,
            "10HHL43CF901Z|1",
            2,
            4,
            0
        ],
        [
            375.4100036621094,
            145.5500030517578,
            403.19000244140625,
            151.04600524902344,
            "LUCHTDEBIET",
            2,
            5,
            0
        ],
        [
            404.302001953125,
            145.5500030517578,
            412.7460021972656,
            151.04600524902344,
            "BRD",
            2,
            5,
            1
        ],
        [
            413.8580017089844,
            145.5500030517578,
            418.3059997558594,
            151.04600524902344,
            "43",
            2,
            5,
            2
        ],
        [
            419.4179992675781,
            145.5500030517578,
            428.3139953613281,
            151.04600524902344,
            "1oo2",
            2,
            5,
            3
        ]
    ],
    "3": [
        [
            524.4199829101562,
            159.07998657226562,
            559.2520141601562,
            164.57598876953125,
            "10HHL43CF001X|1",
            3,
            0,
            0
        ],
        [
            524.4199829101562,
            163.87998962402344,
            552.199951171875,
            169.37599182128906,
            "LUCHTDEBIET",
            3,
            1,
            0
        ],
        [
            553.31201171875,
            163.87998962402344,
            561.7559814453125,
            169.37599182128906,
            "BRD",
            3,
            1,
            1
        ],
        [
            562.8679809570312,
            163.87998962402344,
            567.3159790039062,
            169.37599182128906,
            "43",
            3,
            1,
            2
        ],
        [
            524.4199829101562,
            168.54000854492188,
            558.8079833984375,
            174.0360107421875,
            "[10HHL43CF001|2]",
            3,
            2,
            0
        ],
        [
            524.4199829101562,
            173.3400115966797,
            553.3119506835938,
            178.8360137939453,
            "[LUCHTDEBIET",
            3,
            3,
            0
        ],
        [
            554.4240112304688,
            173.3400115966797,
            562.8679809570312,
            178.8360137939453,
            "BRD",
            3,
            3,
            1
        ],
        [
            563.97998046875,
            173.3400115966797,
            569.5399780273438,
            178.8360137939453,
            "43]",
            3,
            3,
            2
        ]
    ]
}