{
    "0": [
        [
            408.5299987792969,
            208.75,
            453.42999267578125,
            219.04600524902344,
            "10HYY02EU002|6\nTOEP 6 REINTEGRATIE\n",
            0,
            0
        ]
    ],
    "1": [
        [
            300.9100036621094,
            134.239990234375,
            345.8139953613281,
            144.53599548339844,
            "10HYY02EU001|6\nTOEP 6 PASSIEFERING\n",
            1,
            0
        ]
    ]
}