{
    "0": [
        [
            408.5299987792969,
            208.75,
            441.1419982910156,
            214.24600219726562,
            "10HYY02EU002|6",
            0,
            0,
            0
        ],
        [
            408.5299987792969,
            213.5500030517578,
            419.4219970703125,
            219.04600524902344,
            "TOEP",
            0,
            1,
            0
        ],
        [
            420.53399658203125,
            213.5500030517578,
            422.75799560546875,
            219.04600524902344,
            "6",
            0,
            1,
            1
        ],
        [
            423.8699951171875,
            213.5500030517578,
            453.42999267578125,
            219.04600524902344,
            "REINTEGRATIE",
            0,
            1,
            2
        ]
    ],
    "1": [
        [
            300.9100036621094,
            134.239990234375,
            333.5220031738281,
            139.73599243164062,
            "10HYY02EU001|6",
            1,
            0,
            0
        ],
        [
            300.9100036621094,
            139.0399932861328,
            311.802001953125,
            144.53599548339844,
            "TOEP",
            1,
            1,
            0
        ],
        [
            312.91400146484375,
            139.0399932861328,
            315.13800048828125,
            144.53599548339844,
            "6",
            1,
            1,
            1
        ],
        [
            316.25,
            139.0399932861328,
            345.8139953613281,
            144.53599548339844,
            "PASSIEFERING",
            1,
            1,
            2
        ]
    ]
}