{
    "0": [
        [
            408.5299987792969,
            270.83001708984375,
            452.989990234375,
            281.1260070800781,
            "10CRF02GW001|1\nEL_KAST ALARM LAMP\n",
            0,
            0
        ]
    ],
    "1": [
        [
            408.5299987792969,
            121.82000732421875,
            452.989990234375,
            132.1160125732422,
            "10CRF02GW001|1\nEL_KAST ALARM LAMP\n",
            1,
            0
        ]
    ],
    "2": [
        [
            408.5299987792969,
            320.5000305175781,
            452.989990234375,
            330.7960205078125,
            "10CRF02GW001|1\nEL_KAST ALARM LAMP\n",
            2,
            0
        ]
    ],
    "3": [
        [
            408.5299987792969,
            370.1700134277344,
            684.780029296875,
            386.676025390625,
            "10CRF02GW001|1\nEL_KAST ALARM LAMP\n10CRF02GW001|1\nEL_KAST ALARM LAMP\n",
            3,
            0
        ]
    ],
    "4": [
        [
            408.5299987792969,
            221.16000366210938,
            452.989990234375,
            231.4560089111328,
            "10CRF02GW001|1\nEL_KAST ALARM LAMP\n",
            4,
            0
        ]
    ],
    "5": [
        [
            408.5299987792969,
            171.489990234375,
            452.989990234375,
            181.78599548339844,
            "10CRF02GW001|1\nEL_KAST ALARM LAMP\n",
            5,
            0
        ]
    ]
}