{
    "0": [
        [
            408.5299987792969,
            270.83001708984375,
            442.4700012207031,
            276.3260192871094,
            "10CRF02GW001|1",
            0,
            0,
            0
        ],
        [
            408.5299987792969,
            275.6300048828125,
            426.093994140625,
            281.1260070800781,
            "EL_KAST",
            0,
            1,
            0
        ],
        [
            427.20599365234375,
            275.6300048828125,
            440.9859924316406,
            281.1260070800781,
            "ALARM",
            0,
            1,
            1
        ],
        [
            442.0979919433594,
            275.6300048828125,
            452.989990234375,
            281.1260070800781,
            "LAMP",
            0,
            1,
            2
        ]
    ],
    "1": [
        [
            408.5299987792969,
            121.82000732421875,
            442.4700012207031,
            127.31600952148438,
            "10CRF02GW001|1",
            1,
            0,
            0
        ],
        [
            408.5299987792969,
            126.62001037597656,
            426.093994140625,
            132.1160125732422,
            "EL_KAST",
            1,
            1,
            0
        ],
        [
            427.20599365234375,
            126.62001037597656,
            440.9859924316406,
            132.1160125732422,
            "ALARM",
            1,
            1,
            1
        ],
        [
            442.0979919433594,
            126.62001037597656,
            452.989990234375,
            132.1160125732422,
            "LAMP",
            1,
            1,
            2
        ]
    ],
    "2": [
        [
            408.5299987792969,
            320.5000305175781,
            442.4700012207031,
            325.99603271484375,
            "10CRF02GW001|1",
            2,
            0,
            0
        ],
        [
            408.5299987792969,
            325.3000183105469,
            426.093994140625,
            330.7960205078125,
            "EL_KAST",
            2,
            1,
            0
        ],
        [
            427.20599365234375,
            325.3000183105469,
            440.9859924316406,
            330.7960205078125,
            "ALARM",
            2,
            1,
            1
        ],
        [
            442.0979919433594,
            325.3000183105469,
            452.989990234375,
            330.7960205078125,
            "LAMP",
            2,
            1,
            2
        ]
    ],
    "3": [
        [
            408.5299987792969,
            370.1700134277344,
            442.4700012207031,
            375.666015625,
            "10CRF02GW001|1",
            3,
            0,
            0
        ],
        [
            408.5299987792969,
            374.9700012207031,
            426.093994140625,
            380.46600341796875,
            "EL_KAST",
            3,
            1,
            0
        ],
        [
            427.20599365234375,
            374.9700012207031,
            440.9859924316406,
            380.46600341796875,
            "ALARM",
            3,
            1,
            1
        ],
        [
            442.0979919433594,
            374.9700012207031,
            452.989990234375,
            380.46600341796875,
            "LAMP",
            3,
            1,
            2
        ],
        [
            640.3200073242188,
            376.3800354003906,
            674.260009765625,
            381.87603759765625,
            "10CRF02GW001|1",
            3,
            2,
            0
        ],
        [
            640.3200073242188,
            381.1800231933594,
            657.8839721679688,
            386.676025390625,
            "EL_KAST",
            3,
            3,
            0
        ],
        [
            658.9960327148438,
            381.1800231933594,
            672.7760009765625,
            386.676025390625,
            "ALARM",
            3,
            3,
            1
        ],
        [
            673.8880004882812,
            381.1800231933594,
            684.780029296875,
            386.676025390625,
            "LAMP",
            3,
            3,
            2
        ]
    ],
    "4": [
        [
            408.5299987792969,
            221.16000366210938,
            442.4700012207031,
            226.656005859375,
            "10CRF02GW001|1",
            4,
            0,
            0
        ],
        [
            408.5299987792969,
            225.9600067138672,
            426.093994140625,
            231.4560089111328,
            "EL_KAST",
            4,
            1,
            0
        ],
        [
            427.20599365234375,
            225.9600067138672,
            440.9859924316406,
            231.4560089111328,
            "ALARM",
            4,
            1,
            1
        ],
        [
            442.0979919433594,
            225.9600067138672,
            452.989990234375,
            231.4560089111328,
            "LAMP",
            4,
            1,
            2
        ]
    ],
    "5": [
        [
            408.5299987792969,
            171.489990234375,
            442.4700012207031,
            176.98599243164062,
            "10CRF02GW001|1",
            5,
            0,
            0
        ],
        [
            408.5299987792969,
            176.2899932861328,
            426.093994140625,
            181.78599548339844,
            "EL_KAST",
            5,
            1,
            0
        ],
        [
            427.20599365234375,
            176.2899932861328,
            440.9859924316406,
            181.78599548339844,
            "ALARM",
            5,
            1,
            1
        ],
        [
            442.0979919433594,
            176.2899932861328,
            452.989990234375,
            181.78599548339844,
            "LAMP",
            5,
            1,
            2
        ]
    ]
}