{
    "0": [
        [
            499.5899963378906,
            109.41000366210938,
            539.6060180664062,
            129.16600036621094,
            "10HHG43AA003A|2\nARG BR 43 VSK 1\n10HHG43AA101A|2\nARG BR 43 VSK 2 RK\n",
            0,
            0
        ]
    ],
    "1": [
        [
            499.5899963378906,
            190.1199951171875,
            544.2100219726562,
            228.8159942626953,
            "10HHA00EZ001|3/4\nALT BR V/G\n10HHA43EZ001X|1\nBR 43 VRIJ\n!CONVERTER_2|5\n!CONVERTER_AP6\n[10HHA43EZ001|2/3/5/8]\n[BR 43 VRIJ]\n",
            1,
            0
        ]
    ],
    "2": [
        [
            499.5899963378906,
            376.3800354003906,
            544.4979858398438,
            462.4060363769531,
            "10HHA00EZ001|2/8\nALT BR V/G\n10HHA43EZ001X|1\nBR 43 VRIJ\n10HHG43CF001|1\nDEBIET NG BR 43\n10HHG43CF002|1\nDEBIET NG BR 43\n10HHG43CF901|1\nDEBIET NG BR 43  1oo2\n10HHJ43CF001|2\nDEBIET SG BR 43\n10HHJ43CF002|2\nDEBIET SG BR 43\n!CONVERTER_2|5\n!CONVERTER_AP6\n[10HHA43EZ001|1/3/5/8]\n[BR 43 VRIJ]\n",
            2,
            0
        ]
    ],
    "3": [
        [
            499.5899963378906,
            295.6700134277344,
            534.2020263671875,
            315.426025390625,
            "10HHJ43AA001A|2\nSG BR 43 VH-A 1\n10HHJ43AA002A|2\nSG BR 43 VH-A 2\n",
            3,
            0
        ]
    ]
}