{
    "0": [
        [
            516.1500244140625,
            146.66000366210938,
            551.426025390625,
            185.3560028076172,
            "10HHJ53CG002X|1\nSG BR 53 VH-A 2\n10HHA53EZ001|3\nBR 53 VRIJ\n10HHJ53AA001A|2\nSG BR 53 VH-A 1\n10HHJ53AA002A|2\nSG BR 53 VH-A 2\n",
            0,
            0
        ]
    ],
    "1": [
        [
            400.25,
            196.32998657226562,
            445.1499938964844,
            206.62599182128906,
            "10HYY02EU002|4\nTOEP 6 REINTEGRATIE\n",
            1,
            0
        ]
    ],
    "2": [
        [
            300.9100036621094,
            109.41000366210938,
            345.8139953613281,
            119.70600891113281,
            "10HYY02EU001|4\nTOEP 6 PASSIEFERING\n",
            2,
            0
        ]
    ],
    "3": [
        [
            400.25,
            159.07998657226562,
            432.63800048828125,
            169.37599182128906,
            "10HHA53EZ001|4\nBR 53 VRIJ\n",
            3,
            0
        ]
    ]
}