{
    "0": [
        [
            549.260009765625,
            171.489990234375,
            582.8280029296875,
            191.25599670410156,
            "10HHJ42CF001|2\nDEBIET SG BR 42\n10HHJ42CF002|2\nDEBIET SG BR 42\n",
            0,
            0
        ]
    ],
    "1": [
        [
            607.2100219726562,
            159.07998657226562,
            640.7780151367188,
            178.8360137939453,
            "10HHJ42CF001|2\nDEBIET SG BR 42\n10HHJ42CF002|2\nDEBIET SG BR 42\n",
            1,
            0
        ]
    ]
}