{
    "0": [
        [
            0.47221430607010545,
            0.23387096774193547,
            0.4773439726417783,
            0.2435483870967742,
            "F",
            0.9993019130649863
        ]
    ],
    "1": [
        [
            0.4793388429752066,
            0.2306451612903226,
            0.5078369905956113,
            0.24516129032258063,
            "1002_R",
            0.9558529577362954
        ]
    ],
    "2": [
        [
            0.15075520091194072,
            0.24556451612903227,
            0.20575662581932175,
            0.25725806451612904,
            "NOHHJ42CTOOTIIXQ01/T",
            0.18195407951539763
        ]
    ],
    "3": [
        [
            0.21060131091479053,
            0.25040322580645163,
            0.2713023653462525,
            0.25887096774193546,
            "TEMPERATUUR SG BR 42",
            0.7606518687143675
        ]
    ],
    "4": [
        [
            0.7204331718438302,
            0.24556451612903227,
            0.7722998005129666,
            0.25725806451612904,
            "NOHHJ4ZCT90TIIZQ01",
            0.40152078740757563
        ]
    ],
    "5": [
        [
            0.7797093188942719,
            0.24879032258064515,
            0.85351952123112,
            0.2592741935483871,
            "TEMPERATUUR SG BR 42 1002",
            0.9910340118678966
        ]
    ],
    "6": [
        [
            0.21060131091479053,
            0.25806451612903225,
            0.23140495867768596,
            0.26653225806451614,
            "0-400 -",
            0.8961703196071731
        ]
    ],
    "7": [
        [
            0.4676546024508407,
            0.2560483870967742,
            0.47677400968937017,
            0.2633064516129032,
            "INT",
            0.446421149847791
        ]
    ],
    "8": [
        [
            0.5009974351667141,
            0.25483870967741934,
            0.51268167569108,
            0.2633064516129032,
            "OUT",
            0.9992266477583716
        ]
    ],
    "9": [
        [
            0.780849244799088,
            0.25806451612903225,
            0.8007979481333714,
            0.26653225806451614,
            "0-400 *C",
            0.48755528145512156
        ]
    ],
    "10": [
        [
            0.15075520091194072,
            0.267741935483871,
            0.20575662581932175,
            0.27903225806451615,
            "NOHHJ42CTO02IIXQ01/1",
            0.5145889630638736
        ]
    ],
    "11": [
        [
            0.2103163294385865,
            0.2685483870967742,
            0.27158734682245655,
            0.28024193548387094,
            "TEMPERATUUR SG BR 42",
            0.7288588236496083
        ]
    ],
    "12": [
        [
            0.6517526360786549,
            0.267741935483871,
            0.7027643203191792,
            0.27903225806451615,
            "NOHHJA2CT9OTIIzV20",
            0.3617071126244062
        ]
    ],
    "13": [
        [
            0.7104588201766885,
            0.2669354838709677,
            0.774294670846395,
            0.2887096774193548,
            "FETBEBETE8HNCER42 ,",
            0.0068520702159997355
        ]
    ],
    "14": [
        [
            0.7722998005129666,
            0.2713709677419355,
            0.7845540039897406,
            0.2786290322580645,
            "1002",
            0.9947823882102966
        ]
    ],
    "15": [
        [
            0.21060131091479053,
            0.27903225806451615,
            0.23140495867768596,
            0.2875,
            "0-400 \"C",
            0.3527294537686106
        ]
    ],
    "16": [
        [
            0.46679965802222856,
            0.27580645161290324,
            0.47677400968937017,
            0.2842741935483871,
            "IN2",
            0.8638627421041374
        ]
    ],
    "17": [
        [
            0.4981476204046737,
            0.27580645161290324,
            0.51268167569108,
            0.2842741935483871,
            "QBAD",
            0.9838907270908747
        ]
    ],
    "18": [
        [
            0.7201481903676261,
            0.28225806451612906,
            0.7606155599886008,
            0.29354838709677417,
            "1OHHJ42CFO0212",
            0.28890634075327026
        ]
    ],
    "19": [
        [
            0.15161014534055287,
            0.2887096774193548,
            0.2066115702479339,
            0.2991935483870968,
            "TOHHJ4ZCTOOTIIXM2O/1",
            0.3081195527960901
        ]
    ],
    "20": [
        [
            0.2103163294385865,
            0.2907258064516129,
            0.27158734682245655,
            0.3024193548387097,
            "TEMPERATUUR SG BR 42",
            0.713860669357436
        ]
    ],
    "21": [
        [
            0.6520376175548589,
            0.28911290322580646,
            0.6916500427472214,
            0.29758064516129035,
            "TOHHJ4ZCFO0112",
            0.6604336373147294
        ]
    ],
    "22": [
        [
            0.719578227415218,
            0.28951612903225804,
            0.7620404673696209,
            0.30120967741935484,
            "DEBIET SG BR 42",
            0.8603024333197731
        ]
    ],
    "23": [
        [
            0.20946138500997435,
            0.29838709677419356,
            0.2402393844400114,
            0.3088709677419355,
            "CHAN 1 FLT",
            0.7639494400046194
        ]
    ],
    "24": [
        [
            0.4665146765460245,
            0.29516129032258065,
            0.48560843545169563,
            0.3056451612903226,
            "QBAD1",
            0.7636676550871702
        ]
    ],
    "25": [
        [
            0.5004274722143061,
            0.2967741935483871,
            0.5118267312624679,
            0.30524193548387096,
            "DIS1",
            0.9418856501579285
        ]
    ],
    "26": [
        [
            0.6517526360786549,
            0.29516129032258065,
            0.6933599316044458,
            0.3056451612903226,
            "DEBIET SG BR 42",
            0.9984199657422913
        ]
    ],
    "27": [
        [
            0.6517526360786549,
            0.3040322580645161,
            0.6919350242234255,
            0.31451612903225806,
            "1OHHJ4ZCFO02/2",
            0.503953192952625
        ]
    ],
    "28": [
        [
            0.15075520091194072,
            0.3096774193548387,
            0.2066115702479339,
            0.32137096774193546,
            "NoHHJ42CTO021IXM2O/T",
            0.13056657363610877
        ]
    ],
    "29": [
        [
            0.2103163294385865,
            0.31088709677419357,
            0.27158734682245655,
            0.32217741935483873,
            "TEMPERATUUR SG BR 42",
            0.9394869736483663
        ]
    ],
    "30": [
        [
            0.6508976916500427,
            0.3116935483870968,
            0.6933599316044458,
            0.32217741935483873,
            "DEBIET SG BR 42",
            0.880204693327428
        ]
    ],
    "31": [
        [
            0.20946138500997435,
            0.3185483870967742,
            0.23938444001139925,
            0.32983870967741935,
            "\"CHAN 2 FLT",
            0.37736515428474193
        ]
    ],
    "32": [
        [
            0.4665146765460245,
            0.3161290322580645,
            0.48560843545169563,
            0.32661290322580644,
            "QBAD2",
            0.8734370904156493
        ]
    ],
    "33": [
        [
            0.5004274722143061,
            0.317741935483871,
            0.51268167569108,
            0.32620967741935486,
            "DIS2",
            0.972865104675293
        ]
    ],
    "34": [
        [
            0.45283556568823025,
            0.33669354838709675,
            0.46337988030778,
            0.3439516129032258,
            "40.0",
            0.6475378568613938
        ]
    ],