{
    "0": [
        [
            549.260009765625,
            171.489990234375,
            581.2000122070312,
            176.98599243164062,
            "10HHJ42CF001|2",
            0,
            0,
            0
        ],
        [
            549.260009765625,
            176.2899932861328,
            563.7080078125,
            181.78599548339844,
            "DEBIET",
            0,
            1,
            0
        ],
        [
            564.8200073242188,
            176.2899932861328,
            570.6000366210938,
            181.78599548339844,
            "SG",
            0,
            1,
            1
        ],
        [
            571.7120361328125,
            176.2899932861328,
            577.2680053710938,
            181.78599548339844,
            "BR",
            0,
            1,
            2
        ],
        [
            578.3800048828125,
            176.2899932861328,
            582.8280029296875,
            181.78599548339844,
            "42",
            0,
            1,
            3
        ],
        [
            549.260009765625,
            180.95999145507812,
            581.2000122070312,
            186.45599365234375,
            "10HHJ42CF002|2",
            0,
            2,
            0
        ],
        [
            549.260009765625,
            185.75999450683594,
            563.7080078125,
            191.25599670410156,
            "DEBIET",
            0,
            3,
            0
        ],
        [
            564.8200073242188,
            185.75999450683594,
            570.6000366210938,
            191.25599670410156,
            "SG",
            0,
            3,
            1
        ],
        [
            571.7120361328125,
            185.75999450683594,
            577.2680053710938,
            191.25599670410156,
            "BR",
            0,
            3,
            2
        ],
        [
            578.3800048828125,
            185.75999450683594,
            582.8280029296875,
            191.25599670410156,
            "42",
            0,
            3,
            3
        ]
    ],
    "1": [
        [
            607.2100219726562,
            159.07998657226562,
            639.1500244140625,
            164.57598876953125,
            "10HHJ42CF001|2",
            1,
            0,
            0
        ],
        [
            607.2100219726562,
            163.87998962402344,
            621.6580200195312,
            169.37599182128906,
            "DEBIET",
            1,
            1,
            0
        ],
        [
            622.77001953125,
            163.87998962402344,
            628.550048828125,
            169.37599182128906,
            "SG",
            1,
            1,
            1
        ],
        [
            629.6620483398438,
            163.87998962402344,
            635.218017578125,
            169.37599182128906,
            "BR",
            1,
            1,
            2
        ],
        [
            636.3300170898438,
            163.87998962402344,
            640.7780151367188,
            169.37599182128906,
            "42",
            1,
            1,
            3
        ],
        [
            607.2100219726562,
            168.54000854492188,
            639.1500244140625,
            174.0360107421875,
            "10HHJ42CF002|2",
            1,
            2,
            0
        ],
        [
            607.2100219726562,
            173.3400115966797,
            621.6580200195312,
            178.8360137939453,
            "DEBIET",
            1,
            3,
            0
        ],
        [
            622.77001953125,
            173.3400115966797,
            628.550048828125,
            178.8360137939453,
            "SG",
            1,
            3,
            1
        ],
        [
            629.6620483398438,
            173.3400115966797,
            635.218017578125,
            178.8360137939453,
            "BR",
            1,
            3,
            2
        ],
        [
            636.3300170898438,
            173.3400115966797,
            640.7780151367188,
            178.8360137939453,
            "42",
            1,
            3,
            3
        ]
    ]
}