{
    "0": [
        [
            607.2100219726562,
            183.91000366210938,
            639.5980224609375,
            194.2060089111328,
            "10HHA42EZ001|7\nBR 42 VRIJ\n",
            0,
            0
        ]
    ],
    "1": [
        [
            607.2100219726562,
            289.46002197265625,
            650.7860107421875,
            299.7560119628906,
            "10HHJ42CF901X|1\nDEBIET SG BR 42 1oo2\n",
            1,
            0
        ]
    ],
    "2": [
        [
            607.2100219726562,
            90.77999877929688,
            643.0020141601562,
            110.53599548339844,
            "10HHA42EZ001|7\nBR 42 VRIJ\n[10HHJ42CF901|1]\n[DEBIET SG BR 42]\n",
            2,
            0
        ]
    ],
    "3": [
        [
            607.2100219726562,
            407.42999267578125,
            650.7860107421875,
            417.7259826660156,
            "10HHJ42CF901X|1\nDEBIET SG BR 42 1oo2\n",
            3,
            0
        ]
    ]
}