{
    "0": [
        [
            607.2100219726562,
            183.91000366210938,
            639.5980224609375,
            189.406005859375,
            "10HHA42EZ001|7",
            0,
            0,
            0
        ],
        [
            607.2100219726562,
            188.7100067138672,
            612.7660522460938,
            194.2060089111328,
            "BR",
            0,
            1,
            0
        ],
        [
            613.8780517578125,
            188.7100067138672,
            618.3260498046875,
            194.2060089111328,
            "42",
            0,
            1,
            1
        ],
        [
            619.4380493164062,
            188.7100067138672,
            628.1060180664062,
            194.2060089111328,
            "VRIJ",
            0,
            1,
            2
        ]
    ],
    "1": [
        [
            607.2100219726562,
            289.46002197265625,
            641.8180541992188,
            294.9560241699219,
            "10HHJ42CF901X|1",
            1,
            0,
            0
        ],
        [
            607.2100219726562,
            294.260009765625,
            621.6580200195312,
            299.7560119628906,
            "DEBIET",
            1,
            1,
            0
        ],
        [
            622.77001953125,
            294.260009765625,
            628.550048828125,
            299.7560119628906,
            "SG",
            1,
            1,
            1
        ],
        [
            629.6620483398438,
            294.260009765625,
            635.218017578125,
            299.7560119628906,
            "BR",
            1,
            1,
            2
        ],
        [
            636.3300170898438,
            294.260009765625,
            640.7780151367188,
            299.7560119628906,
            "42",
            1,
            1,
            3
        ],
        [
            641.8900146484375,
            294.260009765625,
            650.7860107421875,
            299.7560119628906,
            "1oo2",
            1,
            1,
            4
        ]
    ],
    "2": [
        [
            607.2100219726562,
            90.77999877929688,
            639.5980224609375,
            96.2760009765625,
            "10HHA42EZ001|7",
            2,
            0,
            0
        ],
        [
            607.2100219726562,
            95.58000183105469,
            612.7660522460938,
            101.07600402832031,
            "BR",
            2,
            1,
            0
        ],
        [
            613.8780517578125,
            95.58000183105469,
            618.3260498046875,
            101.07600402832031,
            "42",
            2,
            1,
            1
        ],
        [
            619.4380493164062,
            95.58000183105469,
            628.1060180664062,
            101.07600402832031,
            "VRIJ",
            2,
            1,
            2
        ],
        [
            607.2100219726562,
            100.239990234375,
            641.3740234375,
            105.73599243164062,
            "[10HHJ42CF901|1]",
            2,
            2,
            0
        ],
        [
            607.2100219726562,
            105.03999328613281,
            622.77001953125,
            110.53599548339844,
            "[DEBIET",
            2,
            3,
            0
        ],
        [
            623.8820190429688,
            105.03999328613281,
            629.6620483398438,
            110.53599548339844,
            "SG",
            2,
            3,
            1
        ],
        [
            630.7740478515625,
            105.03999328613281,
            636.3300170898438,
            110.53599548339844,
            "BR",
            2,
            3,
            2
        ],
        [
            637.4420166015625,
            105.03999328613281,
            643.0020141601562,
            110.53599548339844,
            "42]",
            2,
            3,
            3
        ]
    ],
    "3": [
        [
            607.2100219726562,
            407.42999267578125,
            641.8180541992188,
            412.9259948730469,
            "10HHJ42CF901X|1",
            3,
            0,
            0
        ],
        [
            607.2100219726562,
            412.22998046875,
            621.6580200195312,
            417.7259826660156,
            "DEBIET",
            3,
            1,
            0
        ],
        [
            622.77001953125,
            412.22998046875,
            628.550048828125,
            417.7259826660156,
            "SG",
            3,
            1,
            1
        ],
        [
            629.6620483398438,
            412.22998046875,
            635.218017578125,
            417.7259826660156,
            "BR",
            3,
            1,
            2
        ],
        [
            636.3300170898438,
            412.22998046875,
            640.7780151367188,
            417.7259826660156,
            "42",
            3,
            1,
            3
        ],
        [
            641.8900146484375,
            412.22998046875,
            650.7860107421875,
            417.7259826660156,
            "1oo2",
            3,
            1,
            4
        ]
    ]
}