{
    "0": [
        [
            714.8300170898438,
            134.239990234375,
            754.8460693359375,
            144.53599548339844,
            "10HHG43AA101|2\nARG BR 43 VSK 2 RK\n",
            0,
            0
        ]
    ],
    "1": [
        [
            714.8300170898438,
            183.91000366210938,
            760.842041015625,
            194.2060089111328,
            "10HHL43AA102|3\nCORE-AIR KLEP BRD 43\n",
            1,
            0
        ]
    ],
    "2": [
        [
            358.8599853515625,
            134.239990234375,
            425.0959777832031,
            144.53599548339844,
            "10HHL42AA101|1\nSECONDAIRE LUCHTKLEP BRD 42\n",
            2,
            0
        ]
    ],
    "3": [
        [
            714.8300170898438,
            159.07998657226562,
            759.0580444335938,
            169.37599182128906,
            "10HHJ43AA101|2\nSG HFD R-DEMP BR 43\n",
            3,
            0
        ]
    ],
    "4": [
        [
            632.0399780273438,
            121.82000732421875,
            672.0560302734375,
            132.1160125732422,
            "10HHG42AA101|2\nARG BR 42 VSK 2 RK\n",
            4,
            0
        ]
    ],
    "5": [
        [
            632.0399780273438,
            171.489990234375,
            678.052001953125,
            181.78599548339844,
            "10HHL42AA102|3\nCORE-AIR KLEP BRD 42\n",
            5,
            0
        ]
    ],
    "6": [
        [
            632.0399780273438,
            146.66000366210938,
            676.2680053710938,
            156.9560089111328,
            "10HHJ42AA101|2\nSG HFD R-DEMP BR 42\n",
            6,
            0
        ]
    ],
    "7": [
        [
            276.07000732421875,
            121.82000732421875,
            321.6300048828125,
            132.1160125732422,
            "10HHJ42AA102|1\nSG BR 42 WRD R-DEMP\n",
            7,
            0
        ]
    ]
}