{
    "0": [
        [
            714.8300170898438,
            134.239990234375,
            747.8860473632812,
            139.73599243164062,
            "10HHG43AA101|2",
            0,
            0,
            0
        ],
        [
            714.8300170898438,
            139.0399932861328,
            723.498046875,
            144.53599548339844,
            "ARG",
            0,
            1,
            0
        ],
        [
            724.6100463867188,
            139.0399932861328,
            730.166015625,
            144.53599548339844,
            "BR",
            0,
            1,
            1
        ],
        [
            731.2780151367188,
            139.0399932861328,
            735.7260131835938,
            144.53599548339844,
            "43",
            0,
            1,
            2
        ],
        [
            736.8380126953125,
            139.0399932861328,
            744.842041015625,
            144.53599548339844,
            "VSK",
            0,
            1,
            3
        ],
        [
            745.9540405273438,
            139.0399932861328,
            748.1780395507812,
            144.53599548339844,
            "2",
            0,
            1,
            4
        ],
        [
            749.2900390625,
            139.0399932861328,
            754.8460693359375,
            144.53599548339844,
            "RK",
            0,
            1,
            5
        ]
    ],
    "1": [
        [
            714.8300170898438,
            183.91000366210938,
            746.998046875,
            189.406005859375,
            "10HHL43AA102|3",
            1,
            0,
            0
        ],
        [
            714.8300170898438,
            188.7100067138672,
            734.3860473632812,
            194.2060089111328,
            "CORE-AIR",
            1,
            1,
            0
        ],
        [
            735.498046875,
            188.7100067138672,
            745.72607421875,
            194.2060089111328,
            "KLEP",
            1,
            1,
            1
        ],
        [
            746.8380126953125,
            188.7100067138672,
            755.2820434570312,
            194.2060089111328,
            "BRD",
            1,
            1,
            2
        ],
        [
            756.39404296875,
            188.7100067138672,
            760.842041015625,
            194.2060089111328,
            "43",
            1,
            1,
            3
        ]
    ],
    "2": [
        [
            358.8599853515625,
            134.239990234375,
            391.0279846191406,
            139.73599243164062,
            "10HHL42AA101|1",
            2,
            0,
            0
        ],
        [
            358.8599853515625,
            139.0399932861328,
            385.3079833984375,
            144.53599548339844,
            "SECONDAIRE",
            2,
            1,
            0
        ],
        [
            386.41998291015625,
            139.0399932861328,
            409.97998046875,
            144.53599548339844,
            "LUCHTKLEP",
            2,
            1,
            1
        ],
        [
            411.09197998046875,
            139.0399932861328,
            419.5359802246094,
            144.53599548339844,
            "BRD",
            2,
            1,
            2
        ],
        [
            420.6479797363281,
            139.0399932861328,
            425.0959777832031,
            144.53599548339844,
            "42",
            2,
            1,
            3
        ]
    ],
    "3": [
        [
            714.8300170898438,
            159.07998657226562,
            746.7740478515625,
            164.57598876953125,
            "10HHJ43AA101|2",
            3,
            0,
            0
        ],
        [
            714.8300170898438,
            163.87998962402344,
            720.6100463867188,
            169.37599182128906,
            "SG",
            3,
            1,
            0
        ],
        [
            721.7220458984375,
            163.87998962402344,
            729.9420166015625,
            169.37599182128906,
            "HFD",
            3,
            1,
            1
        ],
        [
            731.0540161132812,
            163.87998962402344,
            746.830078125,
            169.37599182128906,
            "R-DEMP",
            3,
            1,
            2
        ],
        [
            747.9420166015625,
            163.87998962402344,
            753.498046875,
            169.37599182128906,
            "BR",
            3,
            1,
            3
        ],
        [
            754.6100463867188,
            163.87998962402344,
            759.0580444335938,
            169.37599182128906,
            "43",
            3,
            1,
            4
        ]
    ],
    "4": [
        [
            632.0399780273438,
            121.82000732421875,
            665.0960083007812,
            127.31600952148438,
            "10HHG42AA101|2",
            4,
            0,
            0
        ],
        [
            632.0399780273438,
            126.62001037597656,
            640.7080078125,
            132.1160125732422,
            "ARG",
            4,
            1,
            0
        ],
        [
            641.8200073242188,
            126.62001037597656,
            647.3759765625,
            132.1160125732422,
            "BR",
            4,
            1,
            1
        ],
        [
            648.4879760742188,
            126.62001037597656,
            652.9359741210938,
            132.1160125732422,
            "42",
            4,
            1,
            2
        ],
        [
            654.0479736328125,
            126.62001037597656,
            662.052001953125,
            132.1160125732422,
            "VSK",
            4,
            1,
            3
        ],
        [
            663.1640014648438,
            126.62001037597656,
            665.3880004882812,
            132.1160125732422,
            "2",
            4,
            1,
            4
        ],
        [
            666.5,
            126.62001037597656,
            672.0560302734375,
            132.1160125732422,
            "RK",
            4,
            1,
            5
        ]
    ],
    "5": [
        [
            632.0399780273438,
            171.489990234375,
            664.2080078125,
            176.98599243164062,
            "10HHL42AA102|3",
            5,
            0,
            0
        ],
        [
            632.0399780273438,
            176.2899932861328,
            651.5960083007812,
            181.78599548339844,
            "CORE-AIR",
            5,
            1,
            0
        ],
        [
            652.7080078125,
            176.2899932861328,
            662.93603515625,
            181.78599548339844,
            "KLEP",
            5,
            1,
            1
        ],
        [
            664.0479736328125,
            176.2899932861328,
            672.4920043945312,
            181.78599548339844,
            "BRD",
            5,
            1,
            2
        ],
        [
            673.60400390625,
            176.2899932861328,
            678.052001953125,
            181.78599548339844,
            "42",
            5,
            1,
            3
        ]
    ],