{
    "0": [
        [
            375.4100036621094,
            146.66000366210938,
            407.7980041503906,
            156.9560089111328,
            "10HHA43EZ001|6\nBR 43 VRIJ\n",
            0,
            0
        ]
    ],
    "1": [
        [
            540.97998046875,
            134.239990234375,
            585.4319458007812,
            163.4659881591797,
            "10HHL00CF901|1\nTOTAAL LUCHTDEBIET\n10HHA43EZ001|6\nBR 43 VRIJ\n!CONVERTER_2|5\n!CONVERTER_AP6\n",
            1,
            0
        ]
    ]
}