{
    "0": [
        [
            0.32345397549159305,
            0.19032258064516128,
            0.35993160444571104,
            0.2028225806451613,
            "F_10o2_R",
            0.5990877711241874
        ]
    ],
    "1": [
        [
            0.08207466514676547,
            0.20362903225806453,
            0.13793103448275862,
            0.21491935483870966,
            "NOHHLA3CFOOTIIzQ0112",
            0.6324820859649474
        ]
    ],
    "2": [
        [
            0.14078084924479908,
            0.2068548387096774,
            0.19492732972356797,
            0.21733870967741936,
            "LUCHTDEBIET BRD 43",
            0.9842719921536047
        ]
    ],
    "3": [
        [
            0.6414933029353092,
            0.20362903225806453,
            0.6925049871758335,
            0.21491935483870966,
            "NOHHLA3CF9OTIIZQ01",
            0.4700282493761019
        ]
    ],
    "4": [
        [
            0.7016243944143631,
            0.2068548387096774,
            0.7668851524650898,
            0.21733870967741936,
            "LUCHTDEBIET BRD 43 1002",
            0.8353794262206462
        ]
    ],
    "5": [
        [
            0.14163579367341123,
            0.2161290322580645,
            0.17526360786548875,
            0.2245967741935484,
            "0-60000 Nmth",
            0.8702467083297365
        ]
    ],
    "6": [
        [
            0.3194642348247364,
            0.21330645161290324,
            0.329438586491878,
            0.22298387096774194,
            "IN1",
            0.5800230737159963
        ]
    ],
    "7": [
        [
            0.3542319749216301,
            0.21370967741935484,
            0.3650612710173839,
            0.2213709677419355,
            "OUT",
            0.9965290426193533
        ]
    ],
    "8": [
        [
            0.7019093758905671,
            0.2161290322580645,
            0.7352522086064406,
            0.2245967741935484,
            "0-60000 Nm?h",
            0.849392689902145
        ]
    ],
    "9": [
        [
            0.0829296095753776,
            0.22661290322580646,
            0.13793103448275862,
            0.23709677419354838,
            "TOHHL43CFO02IIZQ0112",
            0.46027784959500534
        ]
    ],
    "10": [
        [
            0.14078084924479908,
            0.22903225806451613,
            0.19492732972356797,
            0.23951612903225805,
            "LUCHTDEBIET BRD 43",
            0.9597417586218406
        ]
    ],
    "11": [
        [
            0.4445711028783129,
            0.2254032258064516,
            0.4964377315474494,
            0.23709677419354838,
            "NHHL43CF9OTIIZV2O",
            0.5499167314725105
        ]
    ],
    "12": [
        [
            0.5038472499287546,
            0.22903225806451613,
            0.5699629524080935,
            0.23951612903225805,
            "ILUCHTDEBIET BRD 43 1002",
            0.864795691189653
        ]
    ],
    "13": [
        [
            0.6423482473639214,
            0.2254032258064516,
            0.6816756910800797,
            0.23508064516129032,
            "TOHIFILOOCF9OTIT",
            0.22126096090817315
        ]
    ],
    "14": [
        [
            0.14078084924479908,
            0.23669354838709677,
            0.1755485893416928,
            0.24717741935483872,
            "\"0-60000 Nm /h",
            0.3912287596853985
        ]
    ],
    "15": [
        [
            0.3194642348247364,
            0.2342741935483871,
            0.329438586491878,
            0.2439516129032258,
            "IN2",
            0.7123775708867454
        ]
    ],
    "16": [
        [
            0.34995725277856937,
            0.2342741935483871,
            0.36534625249358793,
            0.2439516129032258,
            "QBAD",
            0.9999895095825195
        ]
    ],
    "17": [
        [
            0.5049871758335708,
            0.23830645161290323,
            0.5158164719293246,
            0.2467741935483871,
            "FLT",
            0.9989564716845046
        ]
    ],
    "18": [
        [
            0.6414933029353092,
            0.23346774193548386,
            0.6964947278426902,
            0.2439516129032258,
            "TOTAAL LUCHTDEBIET",
            0.9901646504529596
        ]
    ],
    "19": [
        [
            0.6417782844115133,
            0.24274193548387096,
            0.6822456540324879,
            0.25120967741935485,
            "1OHHA43EZO01/6",
            0.537081660320453
        ]
    ],
    "20": [
        [
            0.08207466514676547,
            0.24556451612903227,
            0.13793103448275862,
            0.25725806451612904,
            "NHHLA3CFOOT XM2O11",
            0.17759337229796318
        ]
    ],
    "21": [
        [
            0.14163579367341123,
            0.25040322580645163,
            0.19464234824736393,
            0.25887096774193546,
            "LUCHTDEBIET BRD 43",
            0.9988232532173718
        ]
    ],
    "22": [
        [
            0.4445711028783129,
            0.24556451612903227,
            0.48560843545169563,
            0.2560483870967742,
            "TOHHA43EZOO1/6",
            0.23597826163493693
        ]
    ],
    "23": [
        [
            0.640638358506697,
            0.24879032258064515,
            0.6682815616984896,
            0.2592741935483871,
            "BR 43 VRIJ",
            0.99896840604622
        ]
    ],
    "24": [
        [
            0.14078084924479908,
            0.2564516129032258,
            0.170703904246224,
            0.2669354838709677,
            "'CHAN 1 FLT",
            0.43380882260255044
        ]
    ],
    "25": [
        [
            0.31974921630094044,
            0.25483870967741934,
            0.3377030493017954,
            0.2633064516129032,
            "QBADI",
            0.6537841170737726
        ]
    ],
    "26": [
        [
            0.35337703049301794,
            0.25483870967741934,
            0.3650612710173839,
            0.2633064516129032,
            "DIS1 ",
            0.5241459688652751
        ]
    ],
    "27": [
        [
            0.44485608435451696,
            0.2560483870967742,
            0.4719293245939014,
            0.2633064516129032,
            "BR 43 VRIJ",
            0.598208612835558
        ]
    ],
    "28": [
        [
            0.640638358506697,
            0.2564516129032258,
            0.6839555428897122,
            0.26814516129032256,
            "ICONVERTER_215",
            0.9053436834545503
        ]
    ],
    "29": [
        [
            0.08207466514676547,
            0.267741935483871,
            0.13793103448275862,
            0.27903225806451615,
            "NOHHL43CFO02IIXM2O/1",
            0.3041737879957
        ]
    ],
    "30": [
        [
            0.1413508121972072,
            0.2685483870967742,
            0.1878027928184668,
            0.2806451612903226,
            "LUCHTDEBIET BRD_",
            0.7237987662638732
        ]
    ],
    "31": [
        [
            0.18694784838985465,
            0.2713709677419355,
            0.19464234824736393,
            0.2786290322580645,
            "43",
            0.5954402033544963
        ]
    ],
    "32": [
        [
            0.640638358506697,
            0.26411290322580644,
            0.6862353946993446,
            0.2745967741935484,
            "ICONVERTER_AP6",
            0.755909379241095
        ]
    ],
    "33": [
        [
            0.14078084924479908,
            0.27661290322580645,
            0.170703904246224,
            0.2879032258064516,
            "\"CHAN2 FLT",
            0.6353040924462705
        ]
    ],
    "34": [
        [
            0.31889427187232827,
            0.27419354838709675,
            0.33798803077799944,
            0.2846774193548387,
            "'QBAD2",
            0.36089742128002245
        ]
    ],