{
    "0": [
        [
            375.4100036621094,
            146.66000366210938,
            407.7980041503906,
            152.156005859375,
            "10HHA43EZ001|6",
            0,
            0,
            0
        ],
        [
            375.4100036621094,
            151.4600067138672,
            380.96600341796875,
            156.9560089111328,
            "BR",
            0,
            1,
            0
        ],
        [
            382.0780029296875,
            151.4600067138672,
            386.5260009765625,
            156.9560089111328,
            "43",
            0,
            1,
            1
        ],
        [
            387.63800048828125,
            151.4600067138672,
            396.3059997558594,
            156.9560089111328,
            "VRIJ",
            0,
            1,
            2
        ]
    ],
    "1": [
        [
            540.97998046875,
            134.239990234375,
            573.1439819335938,
            139.73599243164062,
            "10HHL00CF901|1",
            1,
            0,
            0
        ],
        [
            540.97998046875,
            139.0399932861328,
            556.5399780273438,
            144.53599548339844,
            "TOTAAL",
            1,
            1,
            0
        ],
        [
            557.6519775390625,
            139.0399932861328,
            585.4319458007812,
            144.53599548339844,
            "LUCHTDEBIET",
            1,
            1,
            1
        ],
        [
            540.97998046875,
            143.70999145507812,
            573.3679809570312,
            149.20599365234375,
            "10HHA43EZ001|6",
            1,
            2,
            0
        ],
        [
            540.97998046875,
            148.50999450683594,
            546.5360107421875,
            154.00599670410156,
            "BR",
            1,
            3,
            0
        ],
        [
            547.6480102539062,
            148.50999450683594,
            552.0960083007812,
            154.00599670410156,
            "43",
            1,
            3,
            1
        ],
        [
            553.2080078125,
            148.50999450683594,
            561.8759765625,
            154.00599670410156,
            "VRIJ",
            1,
            3,
            2
        ],
        [
            540.97998046875,
            153.16998291015625,
            574.916015625,
            158.66598510742188,
            "!CONVERTER_2|5",
            1,
            4,
            0
        ],
        [
            540.97998046875,
            157.96998596191406,
            576.9879760742188,
            163.4659881591797,
            "!CONVERTER_AP6",
            1,
            5,
            0
        ]
    ]
}