{
    "0": [
        [
            499.5899963378906,
            159.07998657226562,
            557.8179931640625,
            169.37599182128906,
            "10HHA53FU903|1\nMIN LU ARG VERHOUDING BR\n",
            0,
            0
        ]
    ],
    "1": [
        [
            499.5899963378906,
            382.59002685546875,
            573.8179931640625,
            421.2860107421875,
            "10HHA53EZ001X|2\nBR 53 VRIJ\n10HHA53FU902|1\nMIN LU SG VERHOUDING BR\n10HHA53FU903|1\nMIN LU ARG VERHOUDING BR\n10HHA53FU904|1\nMIN LU BRANDSTOF VERHOUDING BR\n",
            1,
            0
        ]
    ],
    "2": [
        [
            499.5899963378906,
            227.3699951171875,
            554.9340209960938,
            247.13600158691406,
            "10EKY00FU902|3\nSOM OP THERMISCH LAST 2\n!CONVERTER_2|5\n!CONVERTER_AP6\n",
            2,
            0
        ]
    ],
    "3": [
        [
            499.5899963378906,
            109.41000366210938,
            556.489990234375,
            138.63600158691406,
            "10EKY00FU901|3\nSOM OP THERMISCH LAST 1\n10HHA53FU901|1\nMAX THERMISCH LAST BR 53\n!CONVERTER_2|5\n!CONVERTER_AP6\n",
            3,
            0
        ]
    ]
}