{
    "35": {
        "nodes": [
            88,
            89,
            86,
            87
        ],
        "bbx": [
            1083.815472067465,
            873.7154964815273,
            3.659094927570095,
            4.789099810382822
        ],
        "sub": null,
        "class": -1
    },
    "36": {
        "nodes": [
            90,
            91,
            92,
            93
        ],
        "bbx": [
            1114.99540370809,
            873.7154964815273,
            3.659094927570095,
            4.789099810382822
        ],
        "sub": null,
        "class": -1
    },
    "37": {
        "nodes": [
            96,
            97,
            94,
            95
        ],
        "bbx": [
            1114.99540370809,
            889.5854915987148,
            3.659094927570095,
            4.789099810382822
        ],
        "sub": null,
        "class": -1
    },
    "38": {
        "nodes": [
            98,
            99,
            100,
            101
        ],
        "bbx": [
            1083.815472067465,
            889.5854915987148,
            3.659094927570095,
            4.789099810382822
        ],
        "sub": null,
        "class": -1
    },
    "39": {
        "nodes": [
            104,
            105,
            102,
            103
        ],
        "bbx": [
            1052.6354183565275,
            889.5854915987148,
            3.659094927570095,
            4.789099810382822
        ],
        "sub": null,
        "class": -1
    },
    "40": {
        "nodes": [
            106,
            107,
            108,
            109
        ],
        "bbx": [
            1052.6354183565275,
            873.7154964815273,
            3.659094927570095,
            4.789099810382822
        ],
        "sub": null,
        "class": -1
    }
}