{
    "0": [
        [
            2249.4599609375,
            1667.948486328125,
            2444.398193359375,
            1692.34326171875,
            "03/11/2020\nTormans\n",
            0,
            0
        ]
    ],
    "1": [
        [
            2276.760009765625,
            1873.3909912109375,
            2614.10595703125,
            1931.9385986328125,
            "10010178376/274\n",
            1,
            0
        ]
    ],
    "2": [
        [
            2062.77001953125,
            1729.5745849609375,
            2478.535400390625,
            1766.1668701171875,
            "Regellucht delugepost kabelgangen\n",
            2,
            0
        ]
    ],
    "3": [
        [
            2638.610107421875,
            1930.6383056640625,
            2707.648193359375,
            1961.1318359375,
            "10QFB\n",
            3,
            0
        ]
    ],
    "4": [
        [
            1574.72998046875,
            1667.948486328125,
            1594.1097412109375,
            1692.34326171875,
            "01\n",
            4,
            0
        ]
    ],
    "5": [
        [
            2758.659912109375,
            1888.603759765625,
            2787.7294921875,
            1925.196044921875,
            "01\n",
            5,
            0
        ]
    ],
    "6": [
        [
            1708.43994140625,
            1667.948486328125,
            1747.2086181640625,
            1692.34326171875,
            "9713\n",
            6,
            0
        ]
    ],
    "7": [
        [
            1566.7099609375,
            1698.7412109375,
            1926.748779296875,
            1718.2572021484375,
            "VERS\nDESCRIPTION\n",
            7,
            0
        ]
    ],
    "8": [
        [
            1566.7099609375,
            1723.1123046875,
            1652.80126953125,
            1835.5953369140625,
            "Replace:\nOriginal:\nFilename:\nSchaal:\n",
            8,
            0
        ]
    ],
    "9": [
        [
            2079.159912109375,
            1864.591064453125,
            2152.402099609375,
            1922.190185546875,
            "SUBTYPE\nEplan\n",
            9,
            0
        ]
    ],
    "10": [
        [
            2103.510009765625,
            1930.2685546875,
            2267.819091796875,
            1960.7620849609375,
            "A3\nCLASS.:\n",
            10,
            0
        ]
    ],
    "11": [
        [
            2387.169921875,
            1864.591064453125,
            2809.889404296875,
            1886.54638671875,
            "IDENTIFICATION\nVERSION\n",
            11,
            0
        ]
    ],
    "12": [
        [
            2274.489990234375,
            1698.7412109375,
            2806.028564453125,
            1718.2572021484375,
            "STATUS\nAPPROVED BY\nCHECKED BY\nDESIGNED BY\nDATE\n",
            12,
            0
        ]
    ],
    "13": [
        [
            2764.6201171875,
            1667.948486328125,
            2799.5048828125,
            1692.34326171875,
            "ASB\n",
            13,
            0
        ]
    ],
    "14": [
        [
            1882.4599609375,
            1894.5675048828125,
            2791.373046875,
            1961.153076171875,
            "BEOO\nBEKN\n060\n",
            14,
            0
        ]
    ],
    "15": [
        [
            2506.570068359375,
            1667.948486328125,
            2720.832763671875,
            1692.34326171875,
            "Cops B.\nNeckebroek J.\n",
            15,
            0
        ]
    ],
    "16": [
        [
            172.67999267578125,
            10.682774543762207,
            2703.574951171875,
            28.978923797607422,
            "1\n2\n3\n4\n5\n6\n7\n8\n9\n10\n",
            16,
            0
        ]
    ],
    "17": [
        [
            12.777899742126465,
            138.65939331054688,
            23.241750717163086,
            160.61480712890625,
            "A\n",
            17,
            0
        ]
    ],
    "18": [
        [
            12.777899742126465,
            379.5993347167969,
            23.241750717163086,
            401.55474853515625,
            "B\n",
            18,
            0
        ]
    ],
    "19": [
        [
            11.916799545288086,
            620.54931640625,
            23.24018096923828,
            642.5046997070312,
            "C\n",
            19,
            0
        ]
    ],
    "20": [
        [
            11.916799545288086,
            861.4893798828125,
            23.24018096923828,
            883.4447631835938,
            "D\n",
            20,
            0
        ]
    ],
    "21": [
        [
            12.777899742126465,
            1102.4383544921875,
            23.241750717163086,
            1124.3936767578125,
            "E\n",
            21,
            0
        ]
    ],
    "22": [
        [
            13.657999992370605,
            1343.38232421875,
            23.243635177612305,
            1365.337646484375,
            "F\n",
            22,
            0
        ]
    ],
    "23": [
        [
            11.036700248718262,
            1584.327392578125,
            23.238298416137695,
            1606.28271484375,
            "G\n",
            23,
            0
        ]
    ],
    "24": [
        [
            11.916799545288086,
            1825.2723388671875,
            23.24018096923828,
            1847.2276611328125,
            "H\n",
            24,
            0
        ]
    ],
    "25": [
        [
            1617.72998046875,
            1666.4073486328125,
            1703.921875,
            1693.8758544921875,
            "Opdracht:\n",
            25,
            0
        ]
    ],
    "26": [
        [
            1144.030029296875,
            923.8818359375,
            1192.5283203125,
            939.7384643554688,
            "10QFB61\n",
            26,
            0
        ]
    ],
    "27": [
        [
            1974.27001953125,
            870.244140625,
            2009.533935546875,
            880.0020751953125,
            "QFB   SGC\n",
            27,
            0
        ]
    ],
    "28": [
        [
            1974.27001953125,
            643.4742431640625,
            2009.533935546875,
            653.232177734375,
            "QFB   SGC\n",
            28,
            0
        ]
    ],
    "29": [
        [
            965.7639770507812,
            694.851806640625,
            1017.4044799804688,
            710.7084350585938,
            "Atmosfeer\n",
            29,
            0
        ]
    ],
    "30": [
        [
            1141.510009765625,
            944.3017578125,
            1195.0379638671875,
            960.1583862304688,
            "Regellucht\n",
            30,
            0
        ]
    ],
    "31": [
        [
            1412.06005859375,
            711.9818115234375,
            1460.558349609375,
            727.8384399414062,
            "10QFB60\n",
            31,
            0
        ]
    ],
    "32": [
        [
            1419.300048828125,
            727.831787109375,
            1453.316162109375,
            743.6884155273438,
            "AA006\n",
            32,
            0
        ]
    ],
    "33": [
        [
            1435.06982421875,
            704.2739868164062,
            1437.559814453125,
            705.8435668945312,
            "10QFB60AA006\n",
            33,
            0
        ]
    ],
    "34": [
        [
            1875.6099853515625,
            536.11181640625,
            1926.7742919921875,
            567.97216796875,
            "10QFB60CP001\n10QFB60\n",
            34,
            0
        ]
    ],
    "35": [
        [
            1883.8699951171875,
            551.9617919921875,
            1918.5079345703125,
            567.8184204101562,
            "CP001\n",
            35,
            0
        ]
    ],