{
    "0": [
        [
            673.4400024414062,
            432.2600402832031,
            718.3480224609375,
            442.5560302734375,
            "10HHG42CF901X|1\nDEBIET NG BR 42  1oo2\n",
            0,
            0
        ]
    ],
    "1": [
        [
            673.4400024414062,
            177.69998168945312,
            705.8280029296875,
            187.99598693847656,
            "10HHA42EZ001|6\nBR 42 VRIJ\n",
            1,
            0
        ]
    ],
    "2": [
        [
            673.4400024414062,
            339.1300354003906,
            718.3480224609375,
            349.426025390625,
            "10HHG42CF901X|2\nDEBIET NG BR 42  1oo2\n",
            2,
            0
        ]
    ],
    "3": [
        [
            673.4400024414062,
            84.57000732421875,
            720.572021484375,
            104.33601379394531,
            "10HHA42EZ001|6\nBR 42 VRIJ\n[10HHG42CF901|1]\n[DEBIET NG BR 42  1oo2]\n",
            3,
            0
        ]
    ]
}