{
    "0": [
        [
            673.4400024414062,
            432.2600402832031,
            709.1600341796875,
            437.75604248046875,
            "10HHG42CF901X|1",
            0,
            0,
            0
        ],
        [
            673.4400024414062,
            437.0600280761719,
            687.8880004882812,
            442.5560302734375,
            "DEBIET",
            0,
            1,
            0
        ],
        [
            689.0,
            437.0600280761719,
            695.0,
            442.5560302734375,
            "NG",
            0,
            1,
            1
        ],
        [
            696.1119995117188,
            437.0600280761719,
            701.6680297851562,
            442.5560302734375,
            "BR",
            0,
            1,
            2
        ],
        [
            702.780029296875,
            437.0600280761719,
            707.22802734375,
            442.5560302734375,
            "42",
            0,
            1,
            3
        ],
        [
            709.4520263671875,
            437.0600280761719,
            718.3480224609375,
            442.5560302734375,
            "1oo2",
            0,
            1,
            4
        ]
    ],
    "1": [
        [
            673.4400024414062,
            177.69998168945312,
            705.8280029296875,
            183.19598388671875,
            "10HHA42EZ001|6",
            1,
            0,
            0
        ],
        [
            673.4400024414062,
            182.49998474121094,
            678.9960327148438,
            187.99598693847656,
            "BR",
            1,
            1,
            0
        ],
        [
            680.1080322265625,
            182.49998474121094,
            684.5560302734375,
            187.99598693847656,
            "42",
            1,
            1,
            1
        ],
        [
            685.6680297851562,
            182.49998474121094,
            694.3359985351562,
            187.99598693847656,
            "VRIJ",
            1,
            1,
            2
        ]
    ],
    "2": [
        [
            673.4400024414062,
            339.1300354003906,
            709.1600341796875,
            344.62603759765625,
            "10HHG42CF901X|2",
            2,
            0,
            0
        ],
        [
            673.4400024414062,
            343.9300231933594,
            687.8880004882812,
            349.426025390625,
            "DEBIET",
            2,
            1,
            0
        ],
        [
            689.0,
            343.9300231933594,
            695.0,
            349.426025390625,
            "NG",
            2,
            1,
            1
        ],
        [
            696.1119995117188,
            343.9300231933594,
            701.6680297851562,
            349.426025390625,
            "BR",
            2,
            1,
            2
        ],
        [
            702.780029296875,
            343.9300231933594,
            707.22802734375,
            349.426025390625,
            "42",
            2,
            1,
            3
        ],
        [
            709.4520263671875,
            343.9300231933594,
            718.3480224609375,
            349.426025390625,
            "1oo2",
            2,
            1,
            4
        ]
    ],
    "3": [
        [
            673.4400024414062,
            84.57000732421875,
            705.8280029296875,
            90.06600952148438,
            "10HHA42EZ001|6",
            3,
            0,
            0
        ],
        [
            673.4400024414062,
            89.37001037597656,
            678.9960327148438,
            94.86601257324219,
            "BR",
            3,
            1,
            0
        ],
        [
            680.1080322265625,
            89.37001037597656,
            684.5560302734375,
            94.86601257324219,
            "42",
            3,
            1,
            1
        ],
        [
            685.6680297851562,
            89.37001037597656,
            694.3359985351562,
            94.86601257324219,
            "VRIJ",
            3,
            1,
            2
        ],
        [
            673.4400024414062,
            94.04000854492188,
            708.7160034179688,
            99.5360107421875,
            "[10HHG42CF901|1]",
            3,
            2,
            0
        ],
        [
            673.4400024414062,
            98.84001159667969,
            689.0,
            104.33601379394531,
            "[DEBIET",
            3,
            3,
            0
        ],
        [
            690.1119995117188,
            98.84001159667969,
            696.1119995117188,
            104.33601379394531,
            "NG",
            3,
            3,
            1
        ],
        [
            697.2239990234375,
            98.84001159667969,
            702.780029296875,
            104.33601379394531,
            "BR",
            3,
            3,
            2
        ],
        [
            703.8920288085938,
            98.84001159667969,
            708.3400268554688,
            104.33601379394531,
            "42",
            3,
            3,
            3
        ],
        [
            710.5640258789062,
            98.84001159667969,
            720.572021484375,
            104.33601379394531,
            "1oo2]",
            3,
            3,
            4
        ]
    ]
}