{
    "0": [
        [
            2249.4599609375,
            1667.948486328125,
            2453.592529296875,
            1692.34326171875,
            "14/03/2014\nTORMANS\n",
            0,
            0
        ]
    ],
    "1": [
        [
            2276.760009765625,
            1873.3909912109375,
            2614.10595703125,
            1931.9385986328125,
            "10010178376/019\n",
            1,
            0
        ]
    ],
    "2": [
        [
            2062.77001953125,
            1729.5745849609375,
            2345.3095703125,
            1766.1668701171875,
            "CONDENSAAT LUVO'S\n",
            2,
            0
        ]
    ],
    "3": [
        [
            2639.830078125,
            1930.6383056640625,
            2707.6435546875,
            1961.1318359375,
            "10LCN\n",
            3,
            0
        ]
    ],
    "4": [
        [
            1680.0899658203125,
            1721.5831298828125,
            1813.377685546875,
            1752.07666015625,
            "10010186849\n",
            4,
            0
        ]
    ],
    "5": [
        [
            1574.72998046875,
            1667.948486328125,
            1594.1097412109375,
            1692.34326171875,
            "01\n",
            5,
            0
        ]
    ],
    "6": [
        [
            2758.659912109375,
            1888.603759765625,
            2787.7294921875,
            1925.196044921875,
            "01\n",
            6,
            0
        ]
    ],
    "7": [
        [
            1708.43994140625,
            1667.948486328125,
            1747.2086181640625,
            1692.34326171875,
            "6121\n",
            7,
            0
        ]
    ],
    "8": [
        [
            1566.7099609375,
            1698.7412109375,
            1926.748779296875,
            1718.2572021484375,
            "VERS\nDESCRIPTION\n",
            8,
            0
        ]
    ],
    "9": [
        [
            1566.7099609375,
            1723.1123046875,
            1652.80126953125,
            1835.5953369140625,
            "Replace:\nOriginal:\nFilename:\nSchaal:\n",
            9,
            0
        ]
    ],
    "10": [
        [
            2079.159912109375,
            1864.591064453125,
            2152.402099609375,
            1922.190185546875,
            "SUBTYPE\nEplan\n",
            10,
            0
        ]
    ],
    "11": [
        [
            2103.510009765625,
            1930.2685546875,
            2267.819091796875,
            1960.7620849609375,
            "A3\nCLASS.:\n",
            11,
            0
        ]
    ],
    "12": [
        [
            2387.169921875,
            1864.591064453125,
            2809.889404296875,
            1886.54638671875,
            "IDENTIFICATION\nVERSION\n",
            12,
            0
        ]
    ],
    "13": [
        [
            2274.489990234375,
            1698.7412109375,
            2806.028564453125,
            1718.2572021484375,
            "STATUS\nAPPROVED BY\nCHECKED BY\nDESIGNED BY\nDATE\n",
            13,
            0
        ]
    ],
    "14": [
        [
            2764.6201171875,
            1667.948486328125,
            2799.5048828125,
            1692.34326171875,
            "ASB\n",
            14,
            0
        ]
    ],
    "15": [
        [
            1882.4599609375,
            1894.5675048828125,
            2791.373046875,
            1961.153076171875,
            "BEOO\nBEKN\n010\n",
            15,
            0
        ]
    ],
    "16": [
        [
            2498.340087890625,
            1667.948486328125,
            2714.5244140625,
            1692.34326171875,
            "HEYDE J.\nHUYGHE M.\n",
            16,
            0
        ]
    ],
    "17": [
        [
            172.67999267578125,
            10.682774543762207,
            2703.574951171875,
            28.978923797607422,
            "1\n2\n3\n4\n5\n6\n7\n8\n9\n10\n",
            17,
            0
        ]
    ],
    "18": [
        [
            12.777899742126465,
            138.65939331054688,
            23.241750717163086,
            160.61480712890625,
            "A\n",
            18,
            0
        ]
    ],
    "19": [
        [
            12.777899742126465,
            379.5993347167969,
            23.241750717163086,
            401.55474853515625,
            "B\n",
            19,
            0
        ]
    ],
    "20": [
        [
            11.916799545288086,
            620.54931640625,
            23.24018096923828,
            642.5046997070312,
            "C\n",
            20,
            0
        ]
    ],
    "21": [
        [
            11.916799545288086,
            861.4893798828125,
            23.24018096923828,
            883.4447631835938,
            "D\n",
            21,
            0
        ]
    ],
    "22": [
        [
            12.777899742126465,
            1102.4383544921875,
            23.241750717163086,
            1124.3936767578125,
            "E\n",
            22,
            0
        ]
    ],
    "23": [
        [
            13.657999992370605,
            1343.38232421875,
            23.243635177612305,
            1365.337646484375,
            "F\n",
            23,
            0
        ]
    ],
    "24": [
        [
            11.036700248718262,
            1584.327392578125,
            23.238298416137695,
            1606.28271484375,
            "G\n",
            24,
            0
        ]
    ],
    "25": [
        [
            11.916799545288086,
            1825.2723388671875,
            23.24018096923828,
            1847.2276611328125,
            "H\n",
            25,
            0
        ]
    ],
    "26": [
        [
            1617.72998046875,
            1666.4073486328125,
            1703.921875,
            1693.8758544921875,
            "Opdracht:\n",
            26,
            0
        ]
    ],
    "27": [
        [
            943.0869750976562,
            1029.34375,
            961.3364868164062,
            1045.200439453125,
            "GM\n",
            27,
            0
        ]
    ],
    "28": [
        [
            1113.1700439453125,
            575.8017578125,
            1131.41943359375,
            591.6583862304688,
            "GM\n",
            28,
            0
        ]
    ],
    "29": [
        [
            1861.510009765625,
            1029.34375,
            1879.7593994140625,
            1045.200439453125,
            "GM\n",
            29,
            0
        ]
    ],
    "30": [
        [
            2031.5899658203125,
            575.8017578125,
            2049.83935546875,
            591.6583862304688,
            "GM\n",
            30,
            0
        ]
    ],
    "31": [
        [
            2030.3299560546875,
            772.6921997070312,
            2032.8494873046875,
            773.1800537109375,
            "10LCN63AA101\n",
            31,
            0
        ]
    ],
    "32": [
        [
            2022.1500244140625,
            723.311767578125,
            2063.71435546875,
            739.1683959960938,
            "BOILER\n",
            32,
            0
        ]
    ],
    "33": [
        [
            2049.841796875,
            749.1673583984375,
            2065.698486328125,
            797.030029296875,
            "10LCN63\n",
            33,
            0
        ]
    ],
    "34": [
        [
            2065.69189453125,
            756.0938720703125,
            2081.548583984375,
            790.1099853515625,
            "AA101\n",
            34,
            0
        ]
    ],
    "35": [
        [
            1907.4017333984375,
            696.727294921875,
            1923.2601318359375,
            744.5899658203125,
            "10LCN63BR501\n10LCN63\n",
            35,
            0
        ]
    ],