{
    "0": [
        [
            284.3500061035156,
            345.34002685546875,
            325.2539978027344,
            355.6360168457031,
            "10HHW43CG002A|1\nSG BR 43 N2 I-K 1 ME\n",
            0,
            0
        ]
    ],
    "1": [
        [
            284.3500061035156,
            221.16000366210938,
            323.4739990234375,
            231.4560089111328,
            "10HHJ43CG002A|1\nSG BR 43 VH-A 2 ME\n",
            1,
            0
        ]
    ],
    "2": [
        [
            615.489990234375,
            146.66000366210938,
            651.8779907226562,
            156.9560089111328,
            "10HHW43AA002A|1\nSG BR 43 N2 I-K 1\n",
            2,
            0
        ]
    ],
    "3": [
        [
            284.3500061035156,
            171.489990234375,
            326.8059997558594,
            181.78599548339844,
            "10HHG43CG503A|1\nARG BR 43 ONTKL ME\n",
            3,
            0
        ]
    ],
    "4": [
        [
            284.3500061035156,
            370.1700134277344,
            325.2539978027344,
            380.46600341796875,
            "10HHW43CG002B|1\nSG BR 43 N2 I-K 1 ME\n",
            4,
            0
        ]
    ],
    "5": [
        [
            284.3500061035156,
            121.82000732421875,
            324.80999755859375,
            132.1160125732422,
            "10HHG43CG003A|1\nARG BR 43 VSK 1 ME\n",
            5,
            0
        ]
    ],
    "6": [
        [
            615.489990234375,
            121.82000732421875,
            651.2139892578125,
            132.1160125732422,
            "10HHG43AA503A|1\nARG BR 43 ONTKL\n",
            6,
            0
        ]
    ],
    "7": [
        [
            284.3500061035156,
            444.6800231933594,
            330.80999755859375,
            454.97601318359375,
            "10HJG43CG002A|1\nOST ARG BR 43 VSK ME\n",
            7,
            0
        ]
    ],
    "8": [
        [
            689.989990234375,
            159.07998657226562,
            726.3779907226562,
            169.37599182128906,
            "10HHW43AA003A|1\nSG BR 43 N2 I-K 2\n",
            8,
            0
        ]
    ],
    "9": [
        [
            284.3500061035156,
            320.5000305175781,
            323.9179992675781,
            330.7960205078125,
            "10HHJ43CG504B|1\nSG BR 43 ONTKL ME\n",
            9,
            0
        ]
    ],
    "10": [
        [
            284.3500061035156,
            146.66000366210938,
            331.4779968261719,
            156.9560089111328,
            "10HHG43CG101A|1\nARG BR 43 VSK 2 RK ME\n",
            10,
            0
        ]
    ],
    "11": [
        [
            284.3500061035156,
            419.84002685546875,
            325.2539978027344,
            430.1360168457031,
            "10HHW43CG003B|1\nSG BR 43 N2 I-K 2 ME\n",
            11,
            0
        ]
    ],
    "12": [
        [
            284.3500061035156,
            295.6700134277344,
            323.9179992675781,
            305.96600341796875,
            "10HHJ43CG504A|1\nSG BR 43 ONTKL ME\n",
            12,
            0
        ]
    ],
    "13": [
        [
            284.3500061035156,
            196.32998657226562,
            323.4739990234375,
            206.62599182128906,
            "10HHJ43CG001A|1\nSG BR 43 VH-A 1 ME\n",
            13,
            0
        ]
    ],
    "14": [
        [
            689.989990234375,
            134.239990234375,
            724.6019897460938,
            144.53599548339844,
            "10HHJ43AA504A|1\nSG BR 43 ONTKL\n",
            14,
            0
        ]
    ],
    "15": [
        [
            284.3500061035156,
            395.0100402832031,
            325.2539978027344,
            405.3060302734375,
            "10HHW43CG003A|1\nSG BR 43 N2 I-K 2 ME\n",
            15,
            0
        ]
    ]
}