{
    "0": [
        [
            0.24109432886862353,
            0.14677419354838708,
            0.2750071245369051,
            0.16129032258064516,
            "F_CH_DI",
            0.9639552186278921
        ]
    ],
    "1": [
        [
            0.22200056996295242,
            0.1681451612903226,
            0.23795953263037903,
            0.1786290322580645,
            "1112.35",
            0.2492216724865477
        ]
    ],
    "2": [
        [
            0.24052436591621545,
            0.16532258064516128,
            0.2750071245369051,
            0.1810483870967742,
            "'VALUE PASS",
            0.9947231024707166
        ]
    ],
    "3": [
        [
            0.3542319749216301,
            0.1629032258064516,
            0.40267882587631804,
            0.18266129032258063,
            "[PAsco3GGto1Bl",
            0.16274371318755912
        ]
    ],
    "4": [
        [
            0.41635793673411226,
            0.16491935483870968,
            0.47534910230835,
            0.17540322580645162,
            "ARG BR 42 VSK 2 RK ME",
            0.583151303422415
        ]
    ],
    "5": [
        [
            0.2593331433456825,
            0.17459677419354838,
            0.27158734682245655,
            0.1842741935483871,
            "OUT",
            0.9846039429059382
        ]
    ],
    "6": [
        [
            0.41635793673411226,
            0.17258064516129032,
            0.4442861214021089,
            0.18306451612903227,
            "PASS_OUT",
            0.8897142065983092
        ]
    ],
    "7": [
        [
            0.35651182673126247,
            0.18508064516129033,
            0.3969791963522371,
            0.1935483870967742,
            "TOHYYOZEU00112",
            0.45918862156024254
        ]
    ],
    "8": [
        [
            0.2408093473924195,
            0.19153225806451613,
            0.2527785693929895,
            0.20161290322580644,
            "'SIM",
            0.9042279720306396
        ]
    ],
    "9": [
        [
            0.262182958107723,
            0.19274193548387097,
            0.2767170133941294,
            0.20120967741935483,
            "QBAD",
            0.9999767541885376
        ]
    ],
    "10": [
        [
            0.35622684525505843,
            0.19153225806451613,
            0.41208321459105157,
            0.20161290322580644,
            "TOEP 6 PASSIEFERING",
            0.7420655390564775
        ]
    ],
    "11": [
        [
            0.2413793103448276,
            0.20887096774193548,
            0.2536335138216016,
            0.21854838709677418,
            "SIM _",
            0.6801730476619096
        ]
    ],
    "12": [
        [
            0.24166429182103163,
            0.21733870967741936,
            0.25021373610715303,
            0.2245967741935484,
            "ON",
            0.9994075510189067
        ]
    ],
    "13": [
        [
            0.26246793958392706,
            0.2125,
            0.27700199487033345,
            0.22298387096774194,
            "QSIM",
            0.41790416836738586
        ]
    ],
    "14": [
        [
            0.24166429182103163,
            0.22943548387096774,
            0.2556283841550299,
            0.23790322580645162,
            "PASS",
            0.9966927766799927
        ]
    ],
    "15": [
        [
            0.2798518096323739,
            0.22983870967741934,
            0.31917925334853237,
            0.23951612903225805,
            "DB1OOO FBQ_BQ",
            0.5640757539649434
        ]
    ],
    "16": [
        [
            0.31974921630094044,
            0.2314516129032258,
            0.3265887717298376,
            0.23790322580645162,
            "64",
            0.9996400006023822
        ]
    ],
    "17": [
        [
            0.4762040467369621,
            0.22701612903225807,
            0.5320604160729553,
            0.23548387096774193,
            "1OHHGAZCG1O1BIIXGO2",
            0.6205086109464909
        ]
    ],
    "18": [
        [
            0.5351952123111998,
            0.22903225806451613,
            0.5924764890282131,
            0.23951612903225805,
            "ARG BR 42 VSK 2 RK ME",
            0.8164411939441936
        ]
    ],
    "19": [
        [
            0.24166429182103163,
            0.23830645161290323,
            0.25021373610715303,
            0.24556451612903227,
            "ON",
            0.9997477182865775
        ]
    ],
    "20": [
        [
            0.5346252493587916,
            0.23830645161290323,
            0.5494442861214021,
            0.2467741935483871,
            "CLSD",
            0.9999492168426514
        ]
    ],
    "21": [
        [
            0.2408093473924195,
            0.24879032258064515,
            0.2536335138216016,
            0.2592741935483871,
            "ACK_",
            0.5989330661451991
        ]
    ],
    "22": [
        [
            0.4736392134511257,
            0.24556451612903227,
            0.5192362496437731,
            0.2560483870967742,
            "TOHHG42CGT01XIT",
            0.4433033050433086
        ]
    ],
    "23": [
        [
            0.591336563123397,
            0.24556451612903227,
            0.6497577657452266,
            0.25725806451612904,
            "[THHGA2CGTO1BIIXG52",
            0.42340634106732794
        ]
    ],
    "24": [
        [
            0.6517526360786549,
            0.24879032258064515,
            0.7104588201766885,
            0.26048387096774195,
            "ARG BR 42 VSK 2 RK ME",
            0.7450646627917423
        ]
    ],
    "25": [
        [
            0.2408093473924195,
            0.2564516129032258,
            0.2536335138216016,
            0.2669354838709677,
            "NEC",
            0.997651974232864
        ]
    ],
    "26": [
        [
            0.268452550584212,
            0.2560483870967742,
            0.2767170133941294,
            0.2633064516129032,
            "QN",
            0.999940151999668
        ]
    ],
    "27": [
        [
            0.4744941578797378,
            0.25483870967741934,
            0.5166714163579368,
            0.2633064516129032,
            "ARO BR 42 VSK 2",
            0.6661471981400284
        ]
    ],
    "28": [
        [
            0.6526075805072671,
            0.25806451612903225,
            0.6728412653177543,
            0.26653225806451614,
            "N. CLSD",
            0.6259086728832292
        ]
    ],
    "29": [
        [
            0.47420917640353377,
            0.2620967741935484,
            0.5192362496437731,
            0.2725806451612903,
            "1OHHA4ZEZO01/3/5",
            0.6928612007364988
        ]
    ],
    "30": [
        [
            0.24166429182103163,
            0.2713709677419355,
            0.25391849529780564,
            0.27983870967741936,
            "ACK",
            0.9912114927711574
        ]
    ],
    "31": [
        [
            0.4736392134511257,
            0.26975806451612905,
            0.5018523795953264,
            0.28024193548387094,
            "BR 42 VRIJ",
            0.9945058462133781
        ]
    ],
    "32": [
        [
            0.5924764890282131,
            0.26814516129032256,
            0.6329438586491878,
            0.27661290322580645,
            "TTOFIFIA4ZEZO014",
            0.3794664286590099
        ]
    ],
    "33": [
        [
            0.2408093473924195,
            0.27741935483870966,
            0.2510686805357652,
            0.2879032258064516,
            "REI",
            0.9992471556644148
        ]
    ],
    "34": [
        [
            0.2618979766315189,
            0.27741935483870966,
            0.27700199487033345,
            0.2879032258064516,
            "DATA",
            0.9999501705169678
        ]
    ],