{
    "0": [
        [
            499.5899963378906,
            159.07998657226562,
            531.97802734375,
            164.57598876953125,
            "10HHA42EZ001|4",
            0,
            0,
            0
        ],
        [
            499.5899963378906,
            163.87998962402344,
            505.14599609375,
            169.37599182128906,
            "BR",
            0,
            1,
            0
        ],
        [
            506.25799560546875,
            163.87998962402344,
            510.70599365234375,
            169.37599182128906,
            "42",
            0,
            1,
            1
        ],
        [
            511.8179931640625,
            163.87998962402344,
            520.4860229492188,
            169.37599182128906,
            "VRIJ",
            0,
            1,
            2
        ]
    ],
    "1": [
        [
            400.25,
            146.66000366210938,
            436.63800048828125,
            152.156005859375,
            "10HHG42CG101X|1",
            1,
            0,
            0
        ],
        [
            400.25,
            151.4600067138672,
            408.9179992675781,
            156.9560089111328,
            "ARG",
            1,
            1,
            0
        ],
        [
            410.0299987792969,
            151.4600067138672,
            415.58599853515625,
            156.9560089111328,
            "BR",
            1,
            1,
            1
        ],
        [
            416.697998046875,
            151.4600067138672,
            421.14599609375,
            156.9560089111328,
            "42",
            1,
            1,
            2
        ],
        [
            422.25799560546875,
            151.4600067138672,
            430.2619934082031,
            156.9560089111328,
            "VSK",
            1,
            1,
            3
        ],
        [
            431.3739929199219,
            151.4600067138672,
            433.5979919433594,
            156.9560089111328,
            "2",
            1,
            1,
            4
        ],
        [
            400.25,
            156.1199951171875,
            435.9739990234375,
            161.61599731445312,
            "10HHA42EZ001|3/5",
            1,
            2,
            0
        ],
        [
            400.25,
            160.9199981689453,
            405.8059997558594,
            166.41600036621094,
            "BR",
            1,
            3,
            0
        ],
        [
            406.9179992675781,
            160.9199981689453,
            411.3659973144531,
            166.41600036621094,
            "42",
            1,
            3,
            1
        ],
        [
            412.4779968261719,
            160.9199981689453,
            421.14599609375,
            166.41600036621094,
            "VRIJ",
            1,
            3,
            2
        ],
        [
            400.25,
            165.58999633789062,
            439.30999755859375,
            171.08599853515625,
            "10HHG42AA003A|2/3",
            1,
            4,
            0
        ],
        [
            400.25,
            170.38999938964844,
            408.9179992675781,
            175.88600158691406,
            "ARG",
            1,
            5,
            0
        ],
        [
            410.0299987792969,
            170.38999938964844,
            415.58599853515625,
            175.88600158691406,
            "BR",
            1,
            5,
            1
        ],
        [
            416.697998046875,
            170.38999938964844,
            421.14599609375,
            175.88600158691406,
            "42",
            1,
            5,
            2
        ],
        [
            422.25799560546875,
            170.38999938964844,
            430.2619934082031,
            175.88600158691406,
            "VSK",
            1,
            5,
            3
        ],
        [
            431.3739929199219,
            170.38999938964844,
            433.5979919433594,
            175.88600158691406,
            "1",
            1,
            5,
            4
        ],
        [
            400.25,
            175.05999755859375,
            435.9739990234375,
            180.55599975585938,
            "10HHG42AA101A|2",
            1,
            6,
            0
        ],
        [
            400.25,
            179.86000061035156,
            408.9179992675781,
            185.3560028076172,
            "ARG",
            1,
            7,
            0
        ],
        [
            410.0299987792969,
            179.86000061035156,
            415.58599853515625,
            185.3560028076172,
            "BR",
            1,
            7,
            1
        ],
        [
            416.697998046875,
            179.86000061035156,
            421.14599609375,
            185.3560028076172,
            "42",
            1,
            7,
            2
        ],
        [
            422.25799560546875,
            179.86000061035156,
            430.2619934082031,
            185.3560028076172,
            "VSK",
            1,
            7,
            3
        ],
        [
            431.3739929199219,
            179.86000061035156,
            433.5979919433594,
            185.3560028076172,
            "2",
            1,
            7,
            4
        ],
        [
            434.7099914550781,
            179.86000061035156,
            440.2659912109375,
            185.3560028076172,
            "RK",
            1,
            7,
            5
        ]
    ],
    "2": [
        [
            300.9100036621094,
            109.41000366210938,
            333.5220031738281,
            114.906005859375,
            "10HYY02EU001|2",
            2,
            0,
            0
        ],
        [
            300.9100036621094,
            114.21000671386719,
            311.802001953125,
            119.70600891113281,
            "TOEP",
            2,
            1,
            0
        ],
        [
            312.91400146484375,
            114.21000671386719,
            315.13800048828125,
            119.70600891113281,
            "6",
            2,
            1,
            1
        ],
        [
            316.25,
            114.21000671386719,
            345.8139953613281,
            119.70600891113281,
            "PASSIEFERING",
            2,
            1,
            2
        ]
    ],
    "3": [
        [
            400.25,
            208.75,
            432.86199951171875,
            214.24600219726562,
            "10HYY02EU002|2",
            3,
            0,
            0
        ],
        [
            400.25,
            213.5500030517578,
            411.1419982910156,
            219.04600524902344,
            "TOEP",
            3,
            1,
            0
        ],
        [
            412.2539978027344,
            213.5500030517578,
            414.4779968261719,
            219.04600524902344,
            "6",
            3,
            1,
            1
        ],
        [
            415.5899963378906,
            213.5500030517578,
            445.1499938964844,
            219.04600524902344,
            "REINTEGRATIE",
            3,
            1,
            2
        ]
    ]
}