{
    "0": [
        [
            656.8800048828125,
            183.91000366210938,
            701.780029296875,
            194.2060089111328,
            "10HYY02EU002|7\nTOEP 6 REINTEGRATIE\n",
            0,
            0
        ]
    ],
    "1": [
        [
            656.8800048828125,
            109.41000366210938,
            701.7839965820312,
            119.70600891113281,
            "10HYY02EU001|7\nTOEP 6 PASSIEFERING\n",
            1,
            0
        ]
    ]
}