{
    "0": [
        [
            656.8800048828125,
            183.91000366210938,
            689.4920043945312,
            189.406005859375,
            "10HYY02EU002|7",
            0,
            0,
            0
        ],
        [
            656.8800048828125,
            188.7100067138672,
            667.7720336914062,
            194.2060089111328,
            "TOEP",
            0,
            1,
            0
        ],
        [
            668.884033203125,
            188.7100067138672,
            671.1080322265625,
            194.2060089111328,
            "6",
            0,
            1,
            1
        ],
        [
            672.2200317382812,
            188.7100067138672,
            701.780029296875,
            194.2060089111328,
            "REINTEGRATIE",
            0,
            1,
            2
        ]
    ],
    "1": [
        [
            656.8800048828125,
            109.41000366210938,
            689.4920043945312,
            114.906005859375,
            "10HYY02EU001|7",
            1,
            0,
            0
        ],
        [
            656.8800048828125,
            114.21000671386719,
            667.7720336914062,
            119.70600891113281,
            "TOEP",
            1,
            1,
            0
        ],
        [
            668.884033203125,
            114.21000671386719,
            671.1080322265625,
            119.70600891113281,
            "6",
            1,
            1,
            1
        ],
        [
            672.2200317382812,
            114.21000671386719,
            701.7839965820312,
            119.70600891113281,
            "PASSIEFERING",
            1,
            1,
            2
        ]
    ]
}