{
    "0": [
        [
            582.3699951171875,
            295.6700134277344,
            627.2780151367188,
            324.8960266113281,
            "10HHG42CF901X|1\nDEBIET NG BR 42  1oo2\n10HHG42AA003A|2\nARG BR 42 VSK 1\n10HHG42AA101A|2\nARG BR 42 VSK 2 RK\n",
            0,
            0
        ]
    ],
    "1": [
        [
            582.3699951171875,
            152.8699951171875,
            627.2780151367188,
            182.0959930419922,
            "10HHG42CF901X|2\nDEBIET NG BR 42  1oo2\n10HHG42AA003A|2\nARG BR 42 VSK 1\n10HHG42AA101A|2\nARG BR 42 VSK 2 RK\n",
            1,
            0
        ]
    ]
}