{
    "0": [
        [
            574.0999755859375,
            134.239990234375,
            618.5519409179688,
            163.4659881591797,
            "10HHL00CF901|1\nTOTAAL LUCHTDEBIET\n10HHA42EZ001|6\nBR 42 VRIJ\n!CONVERTER_2|5\n!CONVERTER_AP6\n",
            0,
            0
        ]
    ],
    "1": [
        [
            416.80999755859375,
            146.66000366210938,
            449.197998046875,
            156.9560089111328,
            "10HHA42EZ001|6\nBR 42 VRIJ\n",
            1,
            0
        ]
    ]
}