{
    "0": [
        [
            0.38187517811342264,
            0.18870967741935485,
            0.41863778854374467,
            0.2032258064516129,
            "F_10o2_R",
            0.48026972653586736
        ]
    ],
    "1": [
        [
            0.08207466514676547,
            0.20362903225806453,
            0.13793103448275862,
            0.21491935483870966,
            "NOHHLAZCFOOTIIzQ0112",
            0.5546707760740612
        ]
    ],
    "2": [
        [
            0.14078084924479908,
            0.2068548387096774,
            0.19492732972356797,
            0.21733870967741936,
            "LUCHTDEBIET BRD 42",
            0.9734722359145278
        ]
    ],
    "3": [
        [
            0.682815616984896,
            0.20443548387096774,
            0.7332573382730122,
            0.21491935483870966,
            "1OHHLAZCF9O1IIZQ01",
            0.5270280478125281
        ]
    ],
    "4": [
        [
            0.7409518381305216,
            0.20846774193548387,
            0.8056426332288401,
            0.21693548387096775,
            "LUCHTDEBIET BRD 42 1002",
            0.6690998676348503
        ]
    ],
    "5": [
        [
            0.14163579367341123,
            0.2161290322580645,
            0.17526360786548875,
            0.2245967741935484,
            "0-60000 Nmth",
            0.8702467083297365
        ]
    ],
    "6": [
        [
            0.37902536335138215,
            0.21330645161290324,
            0.3878597891137076,
            0.22298387096774194,
            "IN1",
            0.6991797086779529
        ]
    ],
    "7": [
        [
            0.41293815901966374,
            0.21370967741935484,
            0.42348247363921343,
            0.2213709677419355,
            "OUT",
            0.9962019369011266
        ]
    ],
    "8": [
        [
            0.7418067825591337,
            0.2161290322580645,
            0.7751496152750071,
            0.2245967741935484,
            "0-60000 Nm:/h",
            0.5834162644845927
        ]
    ],
    "9": [
        [
            0.0829296095753776,
            0.22661290322580646,
            0.13793103448275862,
            0.23709677419354838,
            "TOHHL42CFO02II1ZQ0112",
            0.2609269488799245
        ]
    ],
    "10": [
        [
            0.14078084924479908,
            0.22903225806451613,
            0.19492732972356797,
            0.23951612903225805,
            "LUCHTDEBIET BRD 42",
            0.8997479894817563
        ]
    ],
    "11": [
        [
            0.493872898261613,
            0.2254032258064516,
            0.5457395269307495,
            0.23709677419354838,
            "NOHHLAZCF9OTIIZV20",
            0.3474868844646831
        ]
    ],
    "12": [
        [
            0.5540039897406669,
            0.22903225806451613,
            0.6198347107438017,
            0.23951612903225805,
            "LUCHTDEBIET BRD 42 1002",
            0.9716410488168277
        ]
    ],
    "13": [
        [
            0.6811057281276717,
            0.2245967741935484,
            0.7210031347962382,
            0.23629032258064517,
            "TOHIHLOOCF90I",
            0.2724765603596952
        ]
    ],
    "14": [
        [
            0.1413508121972072,
            0.23669354838709677,
            0.1755485893416928,
            0.24717741935483872,
            "0-60000 Nm /h",
            0.3968863196677353
        ]
    ],
    "15": [
        [
            0.3793103448275862,
            0.2346774193548387,
            0.3884297520661157,
            0.24233870967741936,
            "IN2",
            0.9714659822247432
        ]
    ],
    "16": [
        [
            0.408663436876603,
            0.2342741935483871,
            0.42462239954402964,
            0.2439516129032258,
            "QBAD",
            0.9999680519104004
        ]
    ],
    "17": [
        [
            0.5540039897406669,
            0.23669354838709677,
            0.5654032487888287,
            0.24717741935483872,
            "FLT",
            0.9977591025862322
        ]
    ],
    "18": [
        [
            0.6805357651752636,
            0.23346774193548386,
            0.7355371900826446,
            0.2439516129032258,
            "TOTAAL LUCHTDEBIET",
            0.9930480028115097
        ]
    ],
    "19": [
        [
            0.6808207466514676,
            0.24274193548387096,
            0.7212881162724423,
            0.25120967741935485,
            "1OHHA4ZEZOO1I6",
            0.3918963773897544
        ]
    ],
    "20": [
        [
            0.08207466514676547,
            0.24556451612903227,
            0.13793103448275862,
            0.25725806451612904,
            "NHHLAZCFOOT XM2O11",
            0.13395580810516797
        ]
    ],
    "21": [
        [
            0.14163579367341123,
            0.25040322580645163,
            0.19464234824736393,
            0.25887096774193546,
            "LUCHTDEBIET BRD 42",
            0.5858259361012756
        ]
    ],
    "22": [
        [
            0.49301795383300084,
            0.24556451612903227,
            0.5349102308349957,
            0.2560483870967742,
            "TOHHA4ZEZOO1/6",
            0.4338138551234909
        ]
    ],
    "23": [
        [
            0.6808207466514676,
            0.25040322580645163,
            0.7078939868908521,
            0.25887096774193546,
            "BR 42 VRIJ",
            0.8848338812138832
        ]
    ],
    "24": [
        [
            0.14078084924479908,
            0.2564516129032258,
            0.170703904246224,
            0.2669354838709677,
            "'CHAN 1 FLT",
            0.43380882260255044
        ]
    ],
    "25": [
        [
            0.3793103448275862,
            0.25483870967741934,
            0.39612425192362494,
            0.2633064516129032,
            "QBAD1",
            0.5970388198230441
        ]
    ],
    "26": [
        [
            0.41208321459105157,
            0.25483870967741934,
            0.42348247363921343,
            0.2633064516129032,
            "DIS1",
            0.701665461063385
        ]
    ],
    "27": [
        [
            0.49415787973781705,
            0.2560483870967742,
            0.5212311199772015,
            0.2633064516129032,
            "BR 42 VRIJ",
            0.9965315382495082
        ]
    ],
    "28": [
        [
            0.6805357651752636,
            0.2564516129032258,
            0.7229980051296666,
            0.26814516129032256,
            "ICONVERTER_215",
            0.9489519964663145
        ]
    ],
    "29": [
        [
            0.08207466514676547,
            0.267741935483871,
            0.13793103448275862,
            0.27903225806451615,
            "NOHHLAZCFO02IIXM2O/1",
            0.27531914749518055
        ]
    ],
    "30": [
        [
            0.1413508121972072,
            0.26895161290322583,
            0.19492732972356797,
            0.2806451612903226,
            "LUCHTDEBIET BRD 42",
            0.9896019372074719
        ]
    ],
    "31": [
        [
            0.6805357651752636,
            0.26411290322580644,
            0.7261328013679111,
            0.2745967741935484,
            "ICONVERTER_AP6",
            0.7948022929411364
        ]
    ],
    "32": [
        [
            0.14078084924479908,
            0.27661290322580645,
            0.170703904246224,
            0.2879032258064516,
            "\"CHAN2 FLT",
            0.6353040924462705
        ]
    ],
    "33": [
        [
            0.37817041892277004,
            0.27419354838709675,
            0.39726417782844115,
            0.2846774193548387,
            "QBAD2",
            0.8173527330354909
        ]
    ],
    "34": [
        [
            0.41208321459105157,
            0.27580645161290324,
            0.4243374180678256,
            0.2842741935483871,
            "DIS2",
            0.9878438115119934
        ]
    ],