{
    "0": [
        [
            574.0999755859375,
            134.239990234375,
            606.2639770507812,
            139.73599243164062,
            "10HHL00CF901|1",
            0,
            0,
            0
        ],
        [
            574.0999755859375,
            139.0399932861328,
            589.6599731445312,
            144.53599548339844,
            "TOTAAL",
            0,
            1,
            0
        ],
        [
            590.77197265625,
            139.0399932861328,
            618.5519409179688,
            144.53599548339844,
            "LUCHTDEBIET",
            0,
            1,
            1
        ],
        [
            574.0999755859375,
            143.70999145507812,
            606.4879760742188,
            149.20599365234375,
            "10HHA42EZ001|6",
            0,
            2,
            0
        ],
        [
            574.0999755859375,
            148.50999450683594,
            579.656005859375,
            154.00599670410156,
            "BR",
            0,
            3,
            0
        ],
        [
            580.7680053710938,
            148.50999450683594,
            585.2160034179688,
            154.00599670410156,
            "42",
            0,
            3,
            1
        ],
        [
            586.3280029296875,
            148.50999450683594,
            594.9959716796875,
            154.00599670410156,
            "VRIJ",
            0,
            3,
            2
        ],
        [
            574.0999755859375,
            153.16998291015625,
            608.0360107421875,
            158.66598510742188,
            "!CONVERTER_2|5",
            0,
            4,
            0
        ],
        [
            574.0999755859375,
            157.96998596191406,
            610.1079711914062,
            163.4659881591797,
            "!CONVERTER_AP6",
            0,
            5,
            0
        ]
    ],
    "1": [
        [
            416.80999755859375,
            146.66000366210938,
            449.197998046875,
            152.156005859375,
            "10HHA42EZ001|6",
            1,
            0,
            0
        ],
        [
            416.80999755859375,
            151.4600067138672,
            422.3659973144531,
            156.9560089111328,
            "BR",
            1,
            1,
            0
        ],
        [
            423.4779968261719,
            151.4600067138672,
            427.9259948730469,
            156.9560089111328,
            "42",
            1,
            1,
            1
        ],
        [
            429.0379943847656,
            151.4600067138672,
            437.70599365234375,
            156.9560089111328,
            "VRIJ",
            1,
            1,
            2
        ]
    ]
}