{
    "0": [
        [
            400.25,
            96.989990234375,
            435.5260009765625,
            102.48599243164062,
            "10HHA43FU904X|1",
            0,
            0,
            0
        ],
        [
            400.25,
            101.78999328613281,
            413.5820007324219,
            107.28599548339844,
            "LUCHT",
            0,
            1,
            0
        ],
        [
            414.6940002441406,
            101.78999328613281,
            439.36199951171875,
            107.28599548339844,
            "BRANDSTOF",
            0,
            1,
            1
        ],
        [
            440.4739990234375,
            101.78999328613281,
            467.58599853515625,
            107.28599548339844,
            "VERHOUDING",
            0,
            1,
            2
        ],
        [
            468.697998046875,
            101.78999328613281,
            488.2539978027344,
            107.28599548339844,
            "BRANDER",
            0,
            1,
            3
        ],
        [
            489.3659973144531,
            101.78999328613281,
            493.8139953613281,
            107.28599548339844,
            "43",
            0,
            1,
            4
        ]
    ],
    "1": [
        [
            499.5899963378906,
            227.3699951171875,
            534.8660278320312,
            232.86599731445312,
            "10HHA43FU904X|1",
            1,
            0,
            0
        ],
        [
            499.5899963378906,
            232.1699981689453,
            512.9219970703125,
            237.66600036621094,
            "LUCHT",
            1,
            1,
            0
        ],
        [
            514.0339965820312,
            232.1699981689453,
            538.7019653320312,
            237.66600036621094,
            "BRANDSTOF",
            1,
            1,
            1
        ],
        [
            539.8140258789062,
            232.1699981689453,
            566.9259643554688,
            237.66600036621094,
            "VERHOUDING",
            1,
            1,
            2
        ],
        [
            568.0379638671875,
            232.1699981689453,
            587.593994140625,
            237.66600036621094,
            "BRANDER",
            1,
            1,
            3
        ],
        [
            588.7059936523438,
            232.1699981689453,
            593.1539916992188,
            237.66600036621094,
            "43",
            1,
            1,
            4
        ]
    ],
    "2": [
        [
            499.5899963378906,
            146.66000366210938,
            531.97802734375,
            152.156005859375,
            "10HHA43EZ001|8",
            2,
            0,
            0
        ],
        [
            499.5899963378906,
            151.4600067138672,
            505.14599609375,
            156.9560089111328,
            "BR",
            2,
            1,
            0
        ],
        [
            506.25799560546875,
            151.4600067138672,
            510.70599365234375,
            156.9560089111328,
            "43",
            2,
            1,
            1
        ],
        [
            511.8179931640625,
            151.4600067138672,
            520.4860229492188,
            156.9560089111328,
            "VRIJ",
            2,
            1,
            2
        ]
    ]
}