{
    "0": [
        [
            0.12368196067255628,
            0.8959677419354839,
            0.14705044172128812,
            0.9032258064516129,
            "31/12/69",
            0.9993946532063716
        ]
    ],
    "1": [
        [
            0.19948703334283271,
            0.8971774193548387,
            0.21259618124821886,
            0.9032258064516129,
            "Dato",
            0.8314253687858582
        ]
    ],
    "2": [
        [
            0.23795953263037903,
            0.8959677419354839,
            0.2601880877742947,
            0.9032258064516129,
            "12/10/21",
            0.9162122617843621
        ]
    ],
    "3": [
        [
            0.8033627814192078,
            0.8959677419354839,
            0.8213166144200627,
            0.902016129032258,
            "EFFO1",
            0.5448937023397232
        ]
    ],
    "4": [
        [
            0.85351952123112,
            0.8959677419354839,
            0.8931319464234825,
            0.902016129032258,
            "1OHHJ43ct001",
            0.6356540406057869
        ]
    ],
    "5": [
        [
            0.12368196067255628,
            0.9048387096774193,
            0.14705044172128812,
            0.9120967741935484,
            "31/12/69",
            0.9994392553455965
        ]
    ],
    "6": [
        [
            0.19948703334283271,
            0.9056451612903226,
            0.21744086634368767,
            0.9129032258064517,
            "Drawn",
            0.9477706257901892
        ]
    ],
    "7": [
        [
            0.21915075520091193,
            0.9056451612903226,
            0.22741521801082928,
            0.9133064516129032,
            "By",
            0.9941600821698465
        ]
    ],
    "8": [
        [
            0.23795953263037903,
            0.9048387096774193,
            0.2664576802507837,
            0.9108870967741935,
            "Bindemann",
            0.9474968635985118
        ]
    ],
    "9": [
        [
            0.5394699344542605,
            0.9048387096774193,
            0.609575377600456,
            0.9120967741935484,
            "TEMPERATUUR SG BR 42",
            0.8039736416616519
        ]
    ],
    "10": [
        [
            0.12368196067255628,
            0.9145161290322581,
            0.14705044172128812,
            0.9209677419354839,
            "31/12/69",
            0.9950990183331156
        ]
    ],
    "11": [
        [
            0.19948703334283271,
            0.9145161290322581,
            0.23368481048731832,
            0.9221774193548387,
            "checked By",
            0.7363879440042383
        ]
    ],
    "12": [
        [
            0.6916500427472214,
            0.9145161290322581,
            0.6993445426047307,
            0.9209677419354839,
            "16",
            0.9999978083645809
        ]
    ],
    "13": [
        [
            0.6996295240809347,
            0.9137096774193548,
            0.7227130236534626,
            0.9221774193548387,
            "ZHHA42",
            0.893560513121486
        ]
    ],
    "14": [
        [
            0.9167854089484183,
            0.9145161290322581,
            0.9313194642348247,
            0.9221774193548387,
            "Page",
            0.9952989816665649
        ]
    ],
    "15": [
        [
            0.05414648047876888,
            0.9233870967741935,
            0.06896551724137931,
            0.9310483870967742,
            "State",
            0.9891601057335949
        ]
    ],
    "16": [
        [
            0.0926189797663152,
            0.9233870967741935,
            0.11484753491023084,
            0.9310483870967742,
            "change",
            0.6240219719901533
        ]
    ],
    "17": [
        [
            0.1305215161014534,
            0.9229838709677419,
            0.14420062695924765,
            0.9306451612903226,
            "pato",
            0.4568897783756256
        ]
    ],
    "18": [
        [
            0.16671416357936733,
            0.9233870967741935,
            0.1852379595326304,
            0.9310483870967742,
            "Editor",
            0.9763138033917413
        ]
    ],
    "19": [
        [
            0.19948703334283271,
            0.9233870967741935,
            0.22513536620119692,
            0.9310483870967742,
            "Standard",
            0.9994215073341417
        ]
    ],
    "20": [
        [
            0.5386149900256484,
            0.9233870967741935,
            0.5594186377885437,
            0.9298387096774193,
            "System",
            0.9918704753348174
        ]
    ],
    "21": [
        [
            0.5602735822171558,
            0.9229838709677419,
            0.5822171558848674,
            0.9306451612903226,
            "Diagram",
            0.9996328998711916
        ]
    ],
    "22": [
        [
            0.6919350242234255,
            0.925,
            0.6982046166999145,
            0.9282258064516129,
            "en",
            0.8499170445918596
        ]
    ],
    "23": [
        [
            0.9167854089484183,
            0.9233870967741935,
            0.9250498717583358,
            0.9310483870967742,
            "Pg_",
            0.5923222434814398
        ]
    ],
    "24": [
        [
            0.2901111427757196,
            0.9314516129032258,
            0.30236534625249356,
            0.9362903225806452,
            "3020",
            0.2628626823425293
        ]
    ],
    "25": [
        [
            0.30436021658592194,
            0.932258064516129,
            0.3274437161584497,
            0.9375,
            "Slemens",
            0.904685670314218
        ]
    ],
    "26": [
        [
            0.329153605015674,
            0.932258064516129,
            0.35024223425477347,
            0.9375,
            "Energy.",
            0.7785388435615826
        ]
    ],
    "27": [
        [
            0.3522371045882018,
            0.9326612903225806,
            0.3593616414933029,
            0.9358870967741936,
            "LD",
            0.010162224623015149
        ]
    ],
    "28": [
        [
            0.3605015673981191,
            0.932258064516129,
            0.37902536335138215,
            0.9375,
            "Rights",
            0.8285023249992053
        ]
    ],
    "29": [
        [
            0.38073525220860643,
            0.932258064516129,
            0.40638358506697064,
            0.9375,
            "Reserved",
            0.9994978945217459
        ]
    ],
    "30": [
        [
            0.8042177258478199,
            0.9314516129032258,
            0.8312909660872043,
            0.9362903225806452,
            "14/10/2027",
            0.9082846215985516
        ]
    ],
    "31": [
        [
            0.8364206326588772,
            0.932258064516129,
            0.8555143915645483,
            0.9375,
            "1.23.43",
            0.9961073409129504
        ]
    ],
    "32": [
        [
            0.8575092618979766,
            0.9314516129032258,
            0.8728982616129951,
            0.9387096774193548,
            "CEST",
            0.9620715379714966
        ]
    ],
    "33": [
        [
            0.8760330578512396,
            0.9314516129032258,
            0.9048161869478484,
            0.9375,
            "28/12/2023",
            0.7809315984286124
        ]
    ],
    "34": [
        [
            0.9065260758050727,
            0.930241935483871,
            0.9284696494727843,
            0.9379032258064516,
            "74.42.53",
            0.6748927013454527
        ]
    ],
    "35": [
        [
            0.9301795383300085,
            0.9314516129032258,
            0.9415787973781704,
            0.9375,
            "CET",
            0.9968804479227028
        ]
    ]
}