{
    "0": [
        [
            300.9100036621094,
            265.1400146484375,
            333.2980041503906,
            270.6360168457031,
            "10HHA00EZ001|5",
            0,
            0,
            0
        ],
        [
            300.9100036621094,
            269.94000244140625,
            308.2460021972656,
            275.4360046386719,
            "ALT",
            0,
            1,
            0
        ],
        [
            309.3580017089844,
            269.94000244140625,
            314.91400146484375,
            275.4360046386719,
            "BR",
            0,
            1,
            1
        ],
        [
            316.0260009765625,
            269.94000244140625,
            322.9179992675781,
            275.4360046386719,
            "V/G",
            0,
            1,
            2
        ],
        [
            300.9100036621094,
            274.6100158691406,
            334.84600830078125,
            280.10601806640625,
            "!CONVERTER_2|5",
            0,
            2,
            0
        ],
        [
            300.9100036621094,
            279.4100036621094,
            336.9179992675781,
            284.906005859375,
            "!CONVERTER_AP6",
            0,
            3,
            0
        ]
    ],
    "1": [
        [
            400.25,
            177.69998168945312,
            435.3059997558594,
            183.19598388671875,
            "10HHA53EZ001X|1",
            1,
            0,
            0
        ],
        [
            400.25,
            182.49998474121094,
            405.8059997558594,
            187.99598693847656,
            "BR",
            1,
            1,
            0
        ],
        [
            406.9179992675781,
            182.49998474121094,
            411.3659973144531,
            187.99598693847656,
            "53",
            1,
            1,
            1
        ],
        [
            412.4779968261719,
            182.49998474121094,
            421.14599609375,
            187.99598693847656,
            "VRIJ",
            1,
            1,
            2
        ],
        [
            400.25,
            187.16998291015625,
            435.9739990234375,
            192.66598510742188,
            "10HHG53AA003A|2",
            1,
            2,
            0
        ],
        [
            400.25,
            191.96998596191406,
            408.9179992675781,
            197.4659881591797,
            "ARG",
            1,
            3,
            0
        ],
        [
            410.0299987792969,
            191.96998596191406,
            415.58599853515625,
            197.4659881591797,
            "BR",
            1,
            3,
            1
        ],
        [
            416.697998046875,
            191.96998596191406,
            421.14599609375,
            197.4659881591797,
            "53",
            1,
            3,
            2
        ],
        [
            422.25799560546875,
            191.96998596191406,
            430.2619934082031,
            197.4659881591797,
            "VSK",
            1,
            3,
            3
        ],
        [
            431.3739929199219,
            191.96998596191406,
            433.5979919433594,
            197.4659881591797,
            "1",
            1,
            3,
            4
        ],
        [
            400.25,
            196.6300048828125,
            435.9739990234375,
            202.12600708007812,
            "10HHG53AA101A|2",
            1,
            4,
            0
        ],
        [
            400.25,
            201.4300079345703,
            408.9179992675781,
            206.92601013183594,
            "ARG",
            1,
            5,
            0
        ],
        [
            410.0299987792969,
            201.4300079345703,
            415.58599853515625,
            206.92601013183594,
            "BR",
            1,
            5,
            1
        ],
        [
            416.697998046875,
            201.4300079345703,
            421.14599609375,
            206.92601013183594,
            "53",
            1,
            5,
            2
        ],
        [
            422.25799560546875,
            201.4300079345703,
            430.2619934082031,
            206.92601013183594,
            "VSK",
            1,
            5,
            3
        ],
        [
            431.3739929199219,
            201.4300079345703,
            433.5979919433594,
            206.92601013183594,
            "2",
            1,
            5,
            4
        ],
        [
            434.7099914550781,
            201.4300079345703,
            440.2659912109375,
            206.92601013183594,
            "RK",
            1,
            5,
            5
        ],
        [
            400.25,
            206.10000610351562,
            434.86199951171875,
            211.59600830078125,
            "10HHJ53AA001A|2",
            1,
            6,
            0
        ],
        [
            400.25,
            210.90000915527344,
            406.0299987792969,
            216.39601135253906,
            "SG",
            1,
            7,
            0
        ],
        [
            407.1419982910156,
            210.90000915527344,
            412.697998046875,
            216.39601135253906,
            "BR",
            1,
            7,
            1
        ],
        [
            413.80999755859375,
            210.90000915527344,
            418.25799560546875,
            216.39601135253906,
            "53",
            1,
            7,
            2
        ],
        [
            419.3699951171875,
            210.90000915527344,
            428.9259948730469,
            216.39601135253906,
            "VH-A",
            1,
            7,
            3
        ],
        [
            430.0379943847656,
            210.90000915527344,
            432.2619934082031,
            216.39601135253906,
            "1",
            1,
            7,
            4
        ],
        [
            400.25,
            215.57000732421875,
            434.86199951171875,
            221.06600952148438,
            "10HHJ53AA002A|2",
            1,
            8,
            0
        ],
        [
            400.25,
            220.37001037597656,
            406.0299987792969,
            225.8660125732422,
            "SG",
            1,
            9,
            0
        ],
        [
            407.1419982910156,
            220.37001037597656,
            412.697998046875,
            225.8660125732422,
            "BR",
            1,
            9,
            1
        ],
        [
            413.80999755859375,
            220.37001037597656,
            418.25799560546875,
            225.8660125732422,
            "53",
            1,
            9,
            2
        ],
        [
            419.3699951171875,
            220.37001037597656,
            428.9259948730469,
            225.8660125732422,
            "VH-A",
            1,
            9,
            3
        ],
        [
            430.0379943847656,
            220.37001037597656,
            432.2619934082031,
            225.8660125732422,
            "2",
            1,
            9,
            4
        ],
        [
            400.25,
            225.02999877929688,
            441.53399658203125,
            230.5260009765625,
            "[10HHA53EZ001|1/2/4]",
            1,
            10,
            0
        ],
        [
            400.25,
            229.8300018310547,
            406.9179992675781,
            235.3260040283203,
            "[BR",
            1,
            11,
            0
        ],
        [
            408.0299987792969,
            229.8300018310547,
            412.4779968261719,
            235.3260040283203,
            "53",
            1,
            11,
            1
        ],
        [
            413.5899963378906,
