{
    "0": [
        [
            400.25,
            376.3800354003906,
            434.86199951171875,
            405.60601806640625,
            "10HHJ43AA001A|2\nSG BR 43 VH-A 1\n10HHJ43AA002A|2\nSG BR 43 VH-A 2\n[10HHA43EZ001|4]\n[BR 43 VRIJ]\n",
            0,
            0
        ]
    ],
    "1": [
        [
            598.9299926757812,
            177.69998168945312,
            634.93798828125,
            197.4659881591797,
            "10HHA00EZ001|7\nALT BR V/G\n!CONVERTER_2|5\n!CONVERTER_AP6\n",
            1,
            0
        ]
    ],
    "2": [
        [
            400.25,
            264.6300354003906,
            440.2659912109375,
            293.85601806640625,
            "10HHG43AA003A|2\nARG BR 43 VSK 1\n10HHG43AA101A|2\nARG BR 43 VSK 2 RK\n[10HHA43EZ001|4]\n[BR 43 VRIJ]\n",
            2,
            0
        ]
    ]
}