{
    "0": [
        [
            499.5899963378906,
            196.32998657226562,
            532.2020263671875,
            201.82598876953125,
            "10HYY02EU002|2",
            0,
            0,
            0
        ],
        [
            499.5899963378906,
            201.12998962402344,
            510.48199462890625,
            206.62599182128906,
            "TOEP",
            0,
            1,
            0
        ],
        [
            511.593994140625,
            201.12998962402344,
            513.8179931640625,
            206.62599182128906,
            "6",
            0,
            1,
            1
        ],
        [
            514.9299926757812,
            201.12998962402344,
            544.4900512695312,
            206.62599182128906,
            "REINTEGRATIE",
            0,
            1,
            2
        ]
    ],
    "1": [
        [
            300.9100036621094,
            109.41000366210938,
            333.5220031738281,
            114.906005859375,
            "10HYY02EU001|2",
            1,
            0,
            0
        ],
        [
            300.9100036621094,
            114.21000671386719,
            311.802001953125,
            119.70600891113281,
            "TOEP",
            1,
            1,
            0
        ],
        [
            312.91400146484375,
            114.21000671386719,
            315.13800048828125,
            119.70600891113281,
            "6",
            1,
            1,
            1
        ],
        [
            316.25,
            114.21000671386719,
            345.8139953613281,
            119.70600891113281,
            "PASSIEFERING",
            1,
            1,
            2
        ]
    ],
    "2": [
        [
            400.25,
            146.66000366210938,
            436.63800048828125,
            152.156005859375,
            "10HHG42CG503X|1",
            2,
            0,
            0
        ],
        [
            400.25,
            151.4600067138672,
            408.9179992675781,
            156.9560089111328,
            "ARG",
            2,
            1,
            0
        ],
        [
            410.0299987792969,
            151.4600067138672,
            415.58599853515625,
            156.9560089111328,
            "BR",
            2,
            1,
            1
        ],
        [
            416.697998046875,
            151.4600067138672,
            421.14599609375,
            156.9560089111328,
            "42",
            2,
            1,
            2
        ],
        [
            422.25799560546875,
            151.4600067138672,
            435.593994140625,
            156.9560089111328,
            "ONTKL",
            2,
            1,
            3
        ],
        [
            436.70599365234375,
            151.4600067138672,
            442.70599365234375,
            156.9560089111328,
            "ME",
            2,
            1,
            4
        ],
        [
            400.25,
            156.1199951171875,
            435.9739990234375,
            161.61599731445312,
            "10HHG42AA003A|3",
            2,
            2,
            0
        ],
        [
            400.25,
            160.9199981689453,
            408.9179992675781,
            166.41600036621094,
            "ARG",
            2,
            3,
            0
        ],
        [
            410.0299987792969,
            160.9199981689453,
            415.58599853515625,
            166.41600036621094,
            "BR",
            2,
            3,
            1
        ],
        [
            416.697998046875,
            160.9199981689453,
            421.14599609375,
            166.41600036621094,
            "42",
            2,
            3,
            2
        ],
        [
            422.25799560546875,
            160.9199981689453,
            430.2619934082031,
            166.41600036621094,
            "VSK",
            2,
            3,
            3
        ],
        [
            431.3739929199219,
            160.9199981689453,
            433.5979919433594,
            166.41600036621094,
            "1",
            2,
            3,
            4
        ]
    ]
}