{
    "0": [
        [
            2249.4599609375,
            1667.948486328125,
            2441.022216796875,
            1692.34326171875,
            "12/03/2012\nLAN/KB\n",
            0,
            0
        ]
    ],
    "1": [
        [
            2276.760009765625,
            1873.3909912109375,
            2614.10595703125,
            1931.9385986328125,
            "10010178376/201\n",
            1,
            0
        ]
    ],
    "2": [
        [
            2062.77001953125,
            1729.5745849609375,
            2484.11767578125,
            1766.1668701171875,
            "DRINKWATERPOMPEN SYSTEEM\n",
            2,
            0
        ]
    ],
    "3": [
        [
            2637.389892578125,
            1930.6383056640625,
            2707.650390625,
            1961.1318359375,
            "10GKB\n",
            3,
            0
        ]
    ],
    "4": [
        [
            1680.0899658203125,
            1721.5831298828125,
            1813.377685546875,
            1752.07666015625,
            "10010186875\n",
            4,
            0
        ]
    ],
    "5": [
        [
            1574.72998046875,
            1667.948486328125,
            1594.1097412109375,
            1692.34326171875,
            "00\n",
            5,
            0
        ]
    ],
    "6": [
        [
            2758.659912109375,
            1888.603759765625,
            2787.7294921875,
            1925.196044921875,
            "00\n",
            6,
            0
        ]
    ],
    "7": [
        [
            1708.43994140625,
            1667.948486328125,
            1747.2086181640625,
            1692.34326171875,
            "3751\n",
            7,
            0
        ]
    ],
    "8": [
        [
            1566.7099609375,
            1698.7412109375,
            1926.748779296875,
            1718.2572021484375,
            "VERS\nDESCRIPTION\n",
            8,
            0
        ]
    ],
    "9": [
        [
            1566.7099609375,
            1723.1123046875,
            1652.80126953125,
            1835.5953369140625,
            "Replace:\nOriginal:\nFilename:\nSchaal:\n",
            9,
            0
        ]
    ],
    "10": [
        [
            2079.159912109375,
            1864.591064453125,
            2152.402099609375,
            1922.190185546875,
            "SUBTYPE\nEplan\n",
            10,
            0
        ]
    ],
    "11": [
        [
            2103.510009765625,
            1930.2685546875,
            2267.819091796875,
            1960.7620849609375,
            "A3\nCLASS.:\n",
            11,
            0
        ]
    ],
    "12": [
        [
            2387.169921875,
            1864.591064453125,
            2809.889404296875,
            1886.54638671875,
            "IDENTIFICATION\nVERSION\n",
            12,
            0
        ]
    ],
    "13": [
        [
            2274.489990234375,
            1698.7412109375,
            2806.028564453125,
            1718.2572021484375,
            "STATUS\nAPPROVED BY\nCHECKED BY\nDESIGNED BY\nDATE\n",
            13,
            0
        ]
    ],
    "14": [
        [
            2764.6201171875,
            1667.948486328125,
            2799.5048828125,
            1692.34326171875,
            "ASB\n",
            14,
            0
        ]
    ],
    "15": [
        [
            1882.4599609375,
            1894.5675048828125,
            2791.373046875,
            1961.153076171875,
            "BEOO\nBEKN\n020\n",
            15,
            0
        ]
    ],
    "16": [
        [
            2496.889892578125,
            1667.948486328125,
            2709.681396484375,
            1692.34326171875,
            "MATIEU T\nDE NIJS R.\n",
            16,
            0
        ]
    ],
    "17": [
        [
            172.67999267578125,
            10.682774543762207,
            2703.574951171875,
            28.978923797607422,
            "1\n2\n3\n4\n5\n6\n7\n8\n9\n10\n",
            17,
            0
        ]
    ],
    "18": [
        [
            12.777899742126465,
            138.65939331054688,
            23.241750717163086,
            160.61480712890625,
            "A\n",
            18,
            0
        ]
    ],
    "19": [
        [
            12.777899742126465,
            379.5993347167969,
            23.241750717163086,
            401.55474853515625,
            "B\n",
            19,
            0
        ]
    ],
    "20": [
        [
            11.916799545288086,
            620.54931640625,
            23.24018096923828,
            642.5046997070312,
            "C\n",
            20,
            0
        ]
    ],
    "21": [
        [
            11.916799545288086,
            861.4893798828125,
            23.24018096923828,
            883.4447631835938,
            "D\n",
            21,
            0
        ]
    ],
    "22": [
        [
            12.777899742126465,
            1102.4383544921875,
            23.241750717163086,
            1124.3936767578125,
            "E\n",
            22,
            0
        ]
    ],
    "23": [
        [
            13.657999992370605,
            1343.38232421875,
            23.243635177612305,
            1365.337646484375,
            "F\n",
            23,
            0
        ]
    ],
    "24": [
        [
            11.036700248718262,
            1584.327392578125,
            23.238298416137695,
            1606.28271484375,
            "G\n",
            24,
            0
        ]
    ],
    "25": [
        [
            11.916799545288086,
            1825.2723388671875,
            23.24018096923828,
            1847.2276611328125,
            "H\n",
            25,
            0
        ]
    ],
    "26": [
        [
            1617.72998046875,
            1666.4073486328125,
            1703.921875,
            1693.8758544921875,
            "Opdracht:\n",
            26,
            0
        ]
    ],
    "27": [
        [
            1839.9617919921875,
            527.426025390625,
            1855.8184814453125,
            576.56005859375,
            "10GKB21\n",
            27,
            0
        ]
    ],
    "28": [
        [
            1855.811767578125,
            534.98388671875,
            1871.66845703125,
            569.0,
            "BB002\n",
            28,
            0
        ]
    ],
    "29": [
        [
            1838.5921630859375,
            550.7113037109375,
            1839.080078125,
            553.27001953125,
            "10GKB21BB002\n",
            29,
            0
        ]
    ],
    "30": [
        [
            885.6022338867188,
            975.9356079101562,
            887.1830444335938,
            978.4422607421875,
            "10GKB10AA302\n",
            30,
            0
        ]
    ],
    "31": [
        [
            901.811767578125,
            952.625,
            917.6683959960938,
            1001.7589721679688,
            "10GKB10\n",
            31,
            0
        ]
    ],
    "32": [
        [
            917.6618041992188,
            960.1838989257812,
            933.5184326171875,
            994.2000122070312,
            "AA302\n",
            32,
            0
        ]
    ],
    "33": [
        [
            885.10498046875,
            1047.6571044921875,
            887.6828002929688,
            1048.14501953125,
            "10GKB10CP501\n",
            33,
            0
        ]
    ],
    "34": [
        [
            861.823974609375,
            1018.005859375,
            910.9580078125,
            1033.862548828125,
            "10GKB10\n",
            34,
            0
        ]
    ],
    "35": [
        [
            869.072021484375,
            1033.855712890625,
            903.7100219726562,
            1049.71240234375,
            "CP501\n",
            35,
            0
        ]
    ],