{
    "0": [
        [
            400.25,
            152.8699951171875,
            435.3059997558594,
            172.62599182128906,
            "10HHA53EZ001X|1\nBR 53 VRIJ\n[10HHA53EZ001|1]\n[BR 53 VRIJ]\n",
            0,
            0
        ]
    ],
    "1": [
        [
            681.7100219726562,
            314.3000183105469,
            716.7660522460938,
            334.0559997558594,
            "10HHA53EZ001X|1\nBR 53 VRIJ\n[10HHA53EZ001|1]\n[BR 53 VRIJ]\n",
            1,
            0
        ]
    ]
}