{
    "0": [
        [
            400.25,
            152.8699951171875,
            435.3059997558594,
            158.36599731445312,
            "10HHA53EZ001X|1",
            0,
            0,
            0
        ],
        [
            400.25,
            157.6699981689453,
            405.8059997558594,
            163.16600036621094,
            "BR",
            0,
            1,
            0
        ],
        [
            406.9179992675781,
            157.6699981689453,
            411.3659973144531,
            163.16600036621094,
            "53",
            0,
            1,
            1
        ],
        [
            412.4779968261719,
            157.6699981689453,
            421.14599609375,
            163.16600036621094,
            "VRIJ",
            0,
            1,
            2
        ],
        [
            400.25,
            162.32998657226562,
            434.86199951171875,
            167.82598876953125,
            "[10HHA53EZ001|1]",
            0,
            2,
            0
        ],
        [
            400.25,
            167.12998962402344,
            406.9179992675781,
            172.62599182128906,
            "[BR",
            0,
            3,
            0
        ],
        [
            408.0299987792969,
            167.12998962402344,
            412.4779968261719,
            172.62599182128906,
            "53",
            0,
            3,
            1
        ],
        [
            413.5899963378906,
            167.12998962402344,
            423.3699951171875,
            172.62599182128906,
            "VRIJ]",
            0,
            3,
            2
        ]
    ],
    "1": [
        [
            681.7100219726562,
            314.3000183105469,
            716.7660522460938,
            319.7960205078125,
            "10HHA53EZ001X|1",
            1,
            0,
            0
        ],
        [
            681.7100219726562,
            319.1000061035156,
            687.2660522460938,
            324.59600830078125,
            "BR",
            1,
            1,
            0
        ],
        [
            688.3780517578125,
            319.1000061035156,
            692.8260498046875,
            324.59600830078125,
            "53",
            1,
            1,
            1
        ],
        [
            693.9380493164062,
            319.1000061035156,
            702.6060180664062,
            324.59600830078125,
            "VRIJ",
            1,
            1,
            2
        ],
        [
            681.7100219726562,
            323.760009765625,
            716.322021484375,
            329.2560119628906,
            "[10HHA53EZ001|1]",
            1,
            2,
            0
        ],
        [
            681.7100219726562,
            328.55999755859375,
            688.3780517578125,
            334.0559997558594,
            "[BR",
            1,
            3,
            0
        ],
        [
            689.4900512695312,
            328.55999755859375,
            693.9380493164062,
            334.0559997558594,
            "53",
            1,
            3,
            1
        ],
        [
            695.050048828125,
            328.55999755859375,
            704.8300170898438,
            334.0559997558594,
            "VRIJ]",
            1,
            3,
            2
        ]
    ]
}