{
    "0": [
        [
            673.4400024414062,
            140.44998168945312,
            709.1600341796875,
            145.94598388671875,
            "10HHG43CF002X|1",
            0,
            0,
            0
        ],
        [
            673.4400024414062,
            145.24998474121094,
            687.8880004882812,
            150.74598693847656,
            "DEBIET",
            0,
            1,
            0
        ],
        [
            689.0,
            145.24998474121094,
            695.0,
            150.74598693847656,
            "NG",
            0,
            1,
            1
        ],
        [
            696.1119995117188,
            145.24998474121094,
            701.6680297851562,
            150.74598693847656,
            "BR",
            0,
            1,
            2
        ],
        [
            702.780029296875,
            145.24998474121094,
            707.22802734375,
            150.74598693847656,
            "43",
            0,
            1,
            3
        ],
        [
            673.4400024414062,
            149.91998291015625,
            708.7160034179688,
            155.41598510742188,
            "[10HHG43CF002|2]",
            0,
            2,
            0
        ],
        [
            673.4400024414062,
            154.71998596191406,
            689.0,
            160.2159881591797,
            "[DEBIET",
            0,
            3,
            0
        ],
        [
            690.1119995117188,
            154.71998596191406,
            696.1119995117188,
            160.2159881591797,
            "NG",
            0,
            3,
            1
        ],
        [
            697.2239990234375,
            154.71998596191406,
            702.780029296875,
            160.2159881591797,
            "BR",
            0,
            3,
            2
        ],
        [
            703.8920288085938,
            154.71998596191406,
            709.4520263671875,
            160.2159881591797,
            "43]",
            0,
            3,
            3
        ]
    ],
    "1": [
        [
            673.4400024414062,
            450.8900451660156,
            708.93603515625,
            456.38604736328125,
            "10HHG43CF901Z|1",
            1,
            0,
            0
        ],
        [
            673.4400024414062,
            455.6900329589844,
            687.8880004882812,
            461.18603515625,
            "DEBIET",
            1,
            1,
            0
        ],
        [
            689.0,
            455.6900329589844,
            695.0,
            461.18603515625,
            "NG",
            1,
            1,
            1
        ],
        [
            696.1119995117188,
            455.6900329589844,
            701.6680297851562,
            461.18603515625,
            "BR",
            1,
            1,
            2
        ],
        [
            702.780029296875,
            455.6900329589844,
            707.22802734375,
            461.18603515625,
            "43",
            1,
            1,
            3
        ],
        [
            709.4520263671875,
            455.6900329589844,
            718.3480224609375,
            461.18603515625,
            "1oo2",
            1,
            1,
            4
        ]
    ],
    "2": [
        [
            673.4400024414062,
            277.0400390625,
            708.93603515625,
            282.5360412597656,
            "10HHG43CF901Z|1",
            2,
            0,
            0
        ],
        [
            673.4400024414062,
            281.84002685546875,
            687.8880004882812,
            287.3360290527344,
            "DEBIET",
            2,
            1,
            0
        ],
        [
            689.0,
            281.84002685546875,
            695.0,
            287.3360290527344,
            "NG",
            2,
            1,
            1
        ],
        [
            696.1119995117188,
            281.84002685546875,
            701.6680297851562,
            287.3360290527344,
            "BR",
            2,
            1,
            2
        ],
        [
            702.780029296875,
            281.84002685546875,
            707.22802734375,
            287.3360290527344,
            "43",
            2,
            1,
            3
        ],
        [
            709.4520263671875,
            281.84002685546875,
            718.3480224609375,
            287.3360290527344,
            "1oo2",
            2,
            1,
            4
        ]
    ],