{
    "0": [
        [
            0.42661726987745796,
            0.2931451612903226,
            0.4434311769734967,
            0.3056451612903226,
            "NOT",
            0.999118672498566
        ]
    ],
    "1": [
        [
            0.1695639783414078,
            0.3096774193548387,
            0.22542034767740096,
            0.32137096774193546,
            "NoHHJ3TAATOTIIXC421T",
            0.16531349751527163
        ]
    ],
    "2": [
        [
            0.22884012539184953,
            0.3116935483870968,
            0.2841265317754346,
            0.32217741935483873,
            "SG HFD R-DEMP BR 31",
            0.5486145351754436
        ]
    ],
    "3": [
        [
            0.5038472499287546,
            0.3096774193548387,
            0.5591336563123397,
            0.32137096774193546,
            "[oHHJ3 AATOTYIXV96",
            0.29929935229937094
        ]
    ],
    "4": [
        [
            0.5634083784554004,
            0.31088709677419357,
            0.6255343402678826,
            0.32217741935483873,
            "SG BR 31 R-DEMP BESHB",
            0.9905662046356775
        ]
    ],
    "5": [
        [
            0.22941008834425763,
            0.3189516129032258,
            0.2507836990595611,
            0.33064516129032256,
            "F-B ABU",
            0.9883417012457948
        ]
    ],
    "6": [
        [
            0.41835280706754063,
            0.317741935483871,
            0.4251923624964377,
            0.325,
            "IN",
            0.9821551536422497
        ]
    ],
    "7": [
        [
            0.4425762325448846,
            0.317741935483871,
            0.4534055286406384,
            0.32620967741935486,
            "OUT",
            0.9928823708326503
        ]
    ],
    "8": [
        [
            0.5041322314049587,
            0.3310483870967742,
            0.5440296380735252,
            0.3395161290322581,
            "TOHHJBTEG0911",
            0.2506096733961923
        ]
    ],
    "9": [
        [
            0.5032772869763465,
            0.3370967741935484,
            0.5565688230265032,
            0.34758064516129034,
            "SGC SG BR 31 BESHB",
            0.7505108401273952
        ]
    ],
    "10": [
        [
            0.12368196067255628,
            0.8959677419354839,
            0.14705044172128812,
            0.9032258064516129,
            "31/12/69",
            0.9993946532063716
        ]
    ],
    "11": [
        [
            0.19948703334283271,
            0.8971774193548387,
            0.21259618124821886,
            0.9032258064516129,
            "Dato",
            0.8314253687858582
        ]
    ],
    "12": [
        [
            0.23795953263037903,
            0.8959677419354839,
            0.2601880877742947,
            0.902016129032258,
            "03/06/08",
            0.9417055454034324
        ]
    ],
    "13": [
        [
            0.8033627814192078,
            0.8959677419354839,
            0.8213166144200627,
            0.902016129032258,
            "EFFO1",
            0.5448937023397232
        ]
    ],
    "14": [
        [
            0.85351952123112,
            0.8959677419354839,
            0.8939868908520946,
            0.9032258064516129,
            "1OHHJB1AA101-",
            0.4549107167195286
        ]
    ],
    "15": [
        [
            0.12368196067255628,
            0.9048387096774193,
            0.14705044172128812,
            0.9120967741935484,
            "31/12/69",
            0.9994392553455965
        ]
    ],
    "16": [
        [
            0.19948703334283271,
            0.9056451612903226,
            0.21744086634368767,
            0.9129032258064517,
            "Drawn",
            0.9477706257901892
        ]
    ],
    "17": [
        [
            0.21915075520091193,
            0.9056451612903226,
            0.22741521801082928,
            0.9133064516129032,
            "By",
            0.9941600821698465
        ]
    ],
    "18": [
        [
            0.5386149900256484,
            0.9048387096774193,
            0.6118552294100883,
            0.9120967741935484,
            "SG BR 31 R-DEMP BEShB",
            0.6160437950346604
        ]
    ],
    "19": [
        [
            0.12368196067255628,
            0.9145161290322581,
            0.14705044172128812,
            0.9209677419354839,
            "31/12/69",
            0.9950990183331156
        ]
    ],
    "20": [
        [
            0.19948703334283271,
            0.9145161290322581,
            0.23368481048731832,
            0.9221774193548387,
            "checked By",
            0.7363879440042383
        ]
    ],
    "21": [
        [
            0.6916500427472214,
            0.9137096774193548,
            0.7235679680820747,
            0.9209677419354839,
            "16 YhhY31",
            0.6604147135659508
        ]
    ],
    "22": [
        [
            0.9165004274722143,
            0.9141129032258064,
            0.9307495012824166,
            0.9221774193548387,
            "Page",
            0.9983940720558167
        ]
    ],
    "23": [
        [
            0.05414648047876888,
            0.9233870967741935,
            0.06896551724137931,
            0.9310483870967742,
            "State",
            0.9891601057335949
        ]
    ],
    "24": [
        [
            0.0926189797663152,
            0.9233870967741935,
            0.11484753491023084,
            0.9310483870967742,
            "change",
            0.6240219719901533
        ]
    ],
    "25": [
        [
            0.1305215161014534,
            0.9229838709677419,
            0.14420062695924765,
            0.9306451612903226,
            "pato",
            0.4568897783756256
        ]
    ],
    "26": [
        [
            0.16671416357936733,
            0.9233870967741935,
            0.1852379595326304,
            0.9310483870967742,
            "Editor",
            0.9763138033917413
        ]
    ],
    "27": [
        [
            0.19948703334283271,
            0.9233870967741935,
            0.22513536620119692,
            0.9310483870967742,
            "Standard",
            0.9994215073341417
        ]
    ],
    "28": [
        [
            0.23795953263037903,
            0.9233870967741935,
            0.2664576802507837,
            0.9310483870967742,
            "E F ES EN",
            0.7363446384380543
        ]
    ],
    "29": [
        [
            0.2675976061555999,
            0.9233870967741935,
            0.2750071245369051,
            0.9298387096774193,
            "12",
            0.999960382192262
        ]
    ],
    "30": [
        [
            0.5386149900256484,
            0.9233870967741935,
            0.5594186377885437,
            0.9298387096774193,
            "System",
            0.9918704753348174
        ]
    ],
    "31": [
        [
            0.5602735822171558,
            0.9229838709677419,
            0.5822171558848674,
            0.9306451612903226,
            "Diagram",
            0.9996328998711916
        ]
    ],
    "32": [
        [
            0.6919350242234255,
            0.925,
            0.6982046166999145,
            0.9282258064516129,
            "en",
            0.8499170445918596
        ]
    ],
    "33": [
        [
            0.2841265317754346,
            0.9326612903225806,
            0.2889712168709034,
            0.9358870967741936,
            "(2",
            0.3723843308494832
        ]
    ],
    "34": [
        [
            0.2901111427757196,
            0.9314516129032258,
            0.30236534625249356,
            0.9362903225806452,
            "3020",
            0.2628626823425293
        ]
    ],
    "35": [
        [
            0.30436021658592194,
            0.9314516129032258,
            0.3274437161584497,
            0.9375,
            "Siemens",
            0.6201757090469602
        ]
    ],