{
    "0": [
        [
            640.3200073242188,
            419.84002685546875,
            683.89599609375,
            430.1360168457031,
            "10HHJ43CF901Z|1\nDEBIET SG BR 43 1oo2\n",
            0,
            0
        ]
    ],
    "1": [
        [
            532.7000122070312,
            121.82000732421875,
            576.2760009765625,
            151.04600524902344,
            "10HHJ43CF001X|1\nDEBIET SG BR 43\n10HHJ43CF901|1\nDEBIET SG BR 43 1oo2\n10HHJ43CF901Z|1\nDEBIET SG BR 43 1oo2\n",
            1,
            0
        ]
    ],
    "2": [
        [
            640.3200073242188,
            109.41000366210938,
            685.2239990234375,
            119.70600891113281,
            "10HYY02EU001|10\nTOEP 6 PASSIEFERING\n",
            2,
            0
        ]
    ],
    "3": [
        [
            640.3200073242188,
            332.91998291015625,
            683.89599609375,
            343.2159729003906,
            "10HHJ43CF901Z|1\nDEBIET SG BR 43 1oo2\n",
            3,
            0
        ]
    ]
}