{
    "0": [
        [
            640.3200073242188,
            419.84002685546875,
            674.7039794921875,
            425.3360290527344,
            "10HHJ43CF901Z|1",
            0,
            0,
            0
        ],
        [
            640.3200073242188,
            424.6400146484375,
            654.7680053710938,
            430.1360168457031,
            "DEBIET",
            0,
            1,
            0
        ],
        [
            655.8800048828125,
            424.6400146484375,
            661.6600341796875,
            430.1360168457031,
            "SG",
            0,
            1,
            1
        ],
        [
            662.7720336914062,
            424.6400146484375,
            668.3280029296875,
            430.1360168457031,
            "BR",
            0,
            1,
            2
        ],
        [
            669.4400024414062,
            424.6400146484375,
            673.8880004882812,
            430.1360168457031,
            "43",
            0,
            1,
            3
        ],
        [
            675.0,
            424.6400146484375,
            683.89599609375,
            430.1360168457031,
            "1oo2",
            0,
            1,
            4
        ]
    ],
    "1": [
        [
            532.7000122070312,
            121.82000732421875,
            567.3080444335938,
            127.31600952148438,
            "10HHJ43CF001X|1",
            1,
            0,
            0
        ],
        [
            532.7000122070312,
            126.62001037597656,
            547.1480102539062,
            132.1160125732422,
            "DEBIET",
            1,
            1,
            0
        ],
        [
            548.260009765625,
            126.62001037597656,
            554.0400390625,
            132.1160125732422,
            "SG",
            1,
            1,
            1
        ],
        [
            555.1520385742188,
            126.62001037597656,
            560.7080078125,
            132.1160125732422,
            "BR",
            1,
            1,
            2
        ],
        [
            561.8200073242188,
            126.62001037597656,
            566.2680053710938,
            132.1160125732422,
            "43",
            1,
            1,
            3
        ],
        [
            532.7000122070312,
            131.29000854492188,
            564.6400146484375,
            136.7860107421875,
            "10HHJ43CF901|1",
            1,
            2,
            0
        ],
        [
            532.7000122070312,
            136.0900115966797,
            547.1480102539062,
            141.5860137939453,
            "DEBIET",
            1,
            3,
            0
        ],
        [
            548.260009765625,
            136.0900115966797,
            554.0400390625,
            141.5860137939453,
            "SG",
            1,
            3,
            1
        ],
        [
            555.1520385742188,
            136.0900115966797,
            560.7080078125,
            141.5860137939453,
            "BR",
            1,
            3,
            2
        ],
        [
            561.8200073242188,
            136.0900115966797,
            566.2680053710938,
            141.5860137939453,
            "43",
            1,
            3,
            3
        ],
        [
            567.3800048828125,
            136.0900115966797,
            576.2760009765625,
            141.5860137939453,
            "1oo2",
            1,
            3,
            4
        ],
        [
            532.7000122070312,
            140.75,
            567.083984375,
            146.24600219726562,
            "10HHJ43CF901Z|1",
            1,
            4,
            0
        ],
        [
            532.7000122070312,
            145.5500030517578,
            547.1480102539062,
            151.04600524902344,
            "DEBIET",
            1,
            5,
            0
        ],
        [
            548.260009765625,
            145.5500030517578,
            554.0400390625,
            151.04600524902344,
            "SG",
            1,
            5,
            1
        ],
        [
            555.1520385742188,
            145.5500030517578,
            560.7080078125,
            151.04600524902344,
            "BR",
            1,
            5,
            2
        ],
        [
            561.8200073242188,
            145.5500030517578,
            566.2680053710938,
            151.04600524902344,
            "43",
            1,
            5,
            3
        ],
        [
            567.3800048828125,
            145.5500030517578,
            576.2760009765625,
            151.04600524902344,
            "1oo2",
            1,
            5,
            4
        ]
    ],
    "2": [
        [
            640.3200073242188,
            109.41000366210938,
            675.156005859375,
            114.906005859375,
            "10HYY02EU001|10",
            2,
            0,
            0
        ],
        [
            640.3200073242188,
            114.21000671386719,
            651.2120361328125,
            119.70600891113281,
            "TOEP",
            2,
            1,
            0
        ],
        [
            652.3240356445312,
            114.21000671386719,
            654.5480346679688,
            119.70600891113281,
            "6",
            2,
            1,
            1
        ],
        [
            655.6600341796875,
            114.21000671386719,
            685.2239990234375,
            119.70600891113281,
            "PASSIEFERING",
            2,
            1,
            2
        ]
    ],
    "3": [
        [
            640.3200073242188,
            332.91998291015625,
            674.7039794921875,
            338.4159851074219,
            "10HHJ43CF901Z|1",
            3,
            0,
            0
        ],
        [
            640.3200073242188,
            337.719970703125,
            654.7680053710938,
            343.2159729003906,
            "DEBIET",
            3,
            1,
            0
        ],
        [
            655.8800048828125,
            337.719970703125,
            661.6600341796875,
            343.2159729003906,
            "SG",
            3,
            1,
            1
        ],
        [
            662.7720336914062,
            337.719970703125,
            668.3280029296875,
            343.2159729003906,
            "BR",
            3,
            1,
            2
        ],
        [
            669.4400024414062,
            337.719970703125,
            673.8880004882812,
            343.2159729003906,
            "43",
            3,
            1,
            3
        ],
        [
            675.0,
            337.719970703125,
            683.89599609375,
            343.2159729003906,
            "1oo2",
            3,
            1,
            4
        ]
    ]
}