{
    "0": [
        [
            598.9299926757812,
            196.32998657226562,
            644.4900512695312,
            206.62599182128906,
            "10HHJ43AA102|2\nSG BR 43 WRD R-DEMP\n",
            0,
            0
        ]
    ],
    "1": [
        [
            598.9299926757812,
            146.66000366210938,
            670.281982421875,
            156.9560089111328,
            "10HHG43CP001|1\nDRUK NG VOOR REGELKLEP BRD 43\n",
            1,
            0
        ]
    ],
    "2": [
        [
            598.9299926757812,
            221.16000366210938,
            633.31396484375,
            231.4560089111328,
            "10HHJ42CF002F|1\nDEBIET SG BR 42\n",
            2,
            0
        ]
    ],
    "3": [
        [
            681.7100219726562,
            183.91000366210938,
            719.2820434570312,
            194.2060089111328,
            "10HHW43CP002|1\nSG BR 43 N2 I-K 2 P\n",
            3,
            0
        ]
    ],
    "4": [
        [
            681.7100219726562,
            208.75,
            747.946044921875,
            219.04600524902344,
            "10HHL43AA101|2\nSECONDAIRE LUCHTKLEP BRD 43\n",
            4,
            0
        ]
    ],
    "5": [
        [
            598.9299926757812,
            233.57998657226562,
            633.31396484375,
            243.87599182128906,
            "10HHJ43CF002F|1\nDEBIET SG BR 43\n",
            5,
            0
        ]
    ],
    "6": [
        [
            681.7100219726562,
            159.07998657226562,
            715.278076171875,
            169.37599182128906,
            "10HHJ43CP001|1\nSG BR 43 VENT P\n",
            6,
            0
        ]
    ],
    "7": [
        [
            598.9299926757812,
            171.489990234375,
            636.5020141601562,
            181.78599548339844,
            "10HHW43CP001|1\nSG BR 43 N2 I-K 1 P\n",
            7,
            0
        ]
    ],
    "8": [
        [
            681.7100219726562,
            134.239990234375,
            714.7620239257812,
            144.53599548339844,
            "10HHA43CR002|1\nVLAM SCAN 43\n",
            8,
            0
        ]
    ],
    "9": [
        [
            598.9299926757812,
            121.82000732421875,
            631.9819946289062,
            132.1160125732422,
            "10HHA43CR001|1\nVLAM SCAN 43\n",
            9,
            0
        ]
    ]
}