{
    "0": [
        [
            598.9299926757812,
            196.32998657226562,
            630.8740234375,
            201.82598876953125,
            "10HHJ43AA102|2",
            0,
            0,
            0
        ],
        [
            598.9299926757812,
            201.12998962402344,
            604.7100219726562,
            206.62599182128906,
            "SG",
            0,
            1,
            0
        ],
        [
            605.822021484375,
            201.12998962402344,
            611.3779907226562,
            206.62599182128906,
            "BR",
            0,
            1,
            1
        ],
        [
            612.489990234375,
            201.12998962402344,
            616.93798828125,
            206.62599182128906,
            "43",
            0,
            1,
            2
        ],
        [
            618.0499877929688,
            201.12998962402344,
            627.6019897460938,
            206.62599182128906,
            "WRD",
            0,
            1,
            3
        ],
        [
            628.7139892578125,
            201.12998962402344,
            644.4900512695312,
            206.62599182128906,
            "R-DEMP",
            0,
            1,
            4
        ]
    ],
    "1": [
        [
            598.9299926757812,
            146.66000366210938,
            632.2059936523438,
            152.156005859375,
            "10HHG43CP001|1",
            1,
            0,
            0
        ],
        [
            598.9299926757812,
            151.4600067138672,
            610.2620239257812,
            156.9560089111328,
            "DRUK",
            1,
            1,
            0
        ],
        [
            611.3740234375,
            151.4600067138672,
            617.3740234375,
            156.9560089111328,
            "NG",
            1,
            1,
            1
        ],
        [
            618.4860229492188,
            151.4600067138672,
            630.2659912109375,
            156.9560089111328,
            "VOOR",
            1,
            1,
            2
        ],
        [
            631.3779907226562,
            151.4600067138672,
            655.166015625,
            156.9560089111328,
            "REGELKLEP",
            1,
            1,
            3
        ],
        [
            656.2780151367188,
            151.4600067138672,
            664.7219848632812,
            156.9560089111328,
            "BRD",
            1,
            1,
            4
        ],
        [
            665.833984375,
            151.4600067138672,
            670.281982421875,
            156.9560089111328,
            "43",
            1,
            1,
            5
        ]
    ],
    "2": [
        [
            598.9299926757812,
            221.16000366210938,
            633.31396484375,
            226.656005859375,
            "10HHJ42CF002F|1",
            2,
            0,
            0
        ],
        [
            598.9299926757812,
            225.9600067138672,
            613.3779907226562,
            231.4560089111328,
            "DEBIET",
            2,
            1,
            0
        ],
        [
            614.489990234375,
            225.9600067138672,
            620.27001953125,
            231.4560089111328,
            "SG",
            2,
            1,
            1
        ],
        [
            621.3820190429688,
            225.9600067138672,
            626.93798828125,
            231.4560089111328,
            "BR",
            2,
            1,
            2
        ],
        [
            628.0499877929688,
            225.9600067138672,
            632.4979858398438,
            231.4560089111328,
            "42",
            2,
            1,
            3
        ]
    ],
    "3": [
        [
            681.7100219726562,
            183.91000366210938,
            715.6500244140625,
            189.406005859375,
            "10HHW43CP002|1",
            3,
            0,
            0
        ],
        [
            681.7100219726562,
            188.7100067138672,
            687.4900512695312,
            194.2060089111328,
            "SG",
            3,
            1,
            0
        ],
        [
            688.60205078125,
            188.7100067138672,
            694.1580200195312,
            194.2060089111328,
            "BR",
            3,
            1,
            1
        ],
        [
            695.27001953125,
            188.7100067138672,
            699.718017578125,
            194.2060089111328,
            "43",
            3,
            1,
            2
        ],
        [
            700.8300170898438,
            188.7100067138672,
            705.9420166015625,
            194.2060089111328,
            "N2",
            3,
            1,
            3
        ],
        [
            707.0540161132812,
            188.7100067138672,
            712.1660766601562,
            194.2060089111328,
            "I-K",
            3,
            1,
            4
        ],
        [
            713.2780151367188,
            188.7100067138672,
            715.5020141601562,
            194.2060089111328,
            "2",
            3,
            1,
            5
        ],
        [
            716.614013671875,
            188.7100067138672,
            719.2820434570312,
            194.2060089111328,
            "P",
            3,
            1,
            6
        ]
    ],
    "4": [
        [
            681.7100219726562,
            208.75,
            713.8780517578125,
            214.24600219726562,
            "10HHL43AA101|2",
            4,
            0,
            0
        ],
        [
            681.7100219726562,
            213.5500030517578,
            708.1580810546875,
            219.04600524902344,
            "SECONDAIRE",
            4,
            1,
            0
        ],
        [
            709.27001953125,
            213.5500030517578,
            732.830078125,
            219.04600524902344,
            "LUCHTKLEP",
            4,
            1,
            1
        ],
        [
            733.9420166015625,
            213.5500030517578,
            742.3860473632812,
            219.04600524902344,
            "BRD",
            4,
            1,
            2
        ],
        [
            743.498046875,
            213.5500030517578,
            747.946044921875,
            219.04600524902344,
            "43",
            4,
            1,
            3
        ]
    ],
    "5": [
        [
            598.9299926757812,
            233.57998657226562,
            633.31396484375,
            239.07598876953125,
            "10HHJ43CF002F|1",
            5,
            0,
            0
        ],
        [
            598.9299926757812,
            238.37998962402344,
            613.3779907226562,
            243.87599182128906,
            "DEBIET",
            5,
            1,
            0
        ],
        [
            614.489990234375,
            238.37998962402344,
            620.27001953125,
            243.87599182128906,
            "SG",
            5,
            1,
            1
        ],
        [
            621.3820190429688,
            238.37998962402344,
            626.93798828125,
            243.87599182128906,
            "BR",
            5,
            1,
            2
        ],
        [
            628.0499877929688,
            238.37998962402344,
            632.4979858398438,
            243.87599182128906,
            "43",
            5,
            1,
            3
        ]
    ],