{
    "0": [
        [
            2249.4599609375,
            1667.948486328125,
            2453.592529296875,
            1692.34326171875,
            "05/03/2013\nTORMANS\n",
            0,
            0
        ]
    ],
    "1": [
        [
            2276.760009765625,
            1873.3909912109375,
            2614.10595703125,
            1931.9385986328125,
            "10010178376/128\n",
            1,
            0
        ]
    ],
    "2": [
        [
            2062.77001953125,
            1729.5745849609375,
            2651.289794921875,
            1766.1668701171875,
            "DIESEL/GASOLIE NOODSTROOM GENERATOR\n",
            2,
            0
        ]
    ],
    "3": [
        [
            2642.25,
            1930.6383056640625,
            2707.64501953125,
            1961.1318359375,
            "10XJN\n",
            3,
            0
        ]
    ],
    "4": [
        [
            1680.0899658203125,
            1721.5831298828125,
            1813.377685546875,
            1752.07666015625,
            "10010263516\n",
            4,
            0
        ]
    ],
    "5": [
        [
            1574.72998046875,
            1667.948486328125,
            1594.1097412109375,
            1692.34326171875,
            "00\n",
            5,
            0
        ]
    ],
    "6": [
        [
            2758.659912109375,
            1888.603759765625,
            2787.7294921875,
            1925.196044921875,
            "00\n",
            6,
            0
        ]
    ],
    "7": [
        [
            1708.43994140625,
            1667.948486328125,
            1747.2086181640625,
            1692.34326171875,
            "4744\n",
            7,
            0
        ]
    ],
    "8": [
        [
            1566.7099609375,
            1698.7412109375,
            1926.748779296875,
            1718.2572021484375,
            "VERS\nDESCRIPTION\n",
            8,
            0
        ]
    ],
    "9": [
        [
            1566.7099609375,
            1723.1123046875,
            1652.80126953125,
            1835.5953369140625,
            "Replace:\nOriginal:\nFilename:\nSchaal:\n",
            9,
            0
        ]
    ],
    "10": [
        [
            2079.159912109375,
            1864.591064453125,
            2152.402099609375,
            1922.190185546875,
            "SUBTYPE\nEplan\n",
            10,
            0
        ]
    ],
    "11": [
        [
            2103.510009765625,
            1930.2685546875,
            2267.819091796875,
            1960.7620849609375,
            "A3\nCLASS.:\n",
            11,
            0
        ]
    ],
    "12": [
        [
            2387.169921875,
            1864.591064453125,
            2809.889404296875,
            1886.54638671875,
            "IDENTIFICATION\nVERSION\n",
            12,
            0
        ]
    ],
    "13": [
        [
            2274.489990234375,
            1698.7412109375,
            2806.028564453125,
            1718.2572021484375,
            "STATUS\nAPPROVED BY\nCHECKED BY\nDESIGNED BY\nDATE\n",
            13,
            0
        ]
    ],
    "14": [
        [
            2764.6201171875,
            1667.948486328125,
            2799.5048828125,
            1692.34326171875,
            "ASB\n",
            14,
            0
        ]
    ],
    "15": [
        [
            1882.4599609375,
            1894.5675048828125,
            2791.373046875,
            1961.153076171875,
            "BEOO\nBEKN\n010\n",
            15,
            0
        ]
    ],
    "16": [
        [
            2494.469970703125,
            1667.948486328125,
            2709.681396484375,
            1692.34326171875,
            "HUYGE M.\nDE NIJS R.\n",
            16,
            0
        ]
    ],
    "17": [
        [
            172.67999267578125,
            10.682774543762207,
            2703.574951171875,
            28.978923797607422,
            "1\n2\n3\n4\n5\n6\n7\n8\n9\n10\n",
            17,
            0
        ]
    ],
    "18": [
        [
            12.777899742126465,
            138.65939331054688,
            23.241750717163086,
            160.61480712890625,
            "A\n",
            18,
            0
        ]
    ],
    "19": [
        [
            12.777899742126465,
            379.5993347167969,
            23.241750717163086,
            401.55474853515625,
            "B\n",
            19,
            0
        ]
    ],
    "20": [
        [
            11.916799545288086,
            620.54931640625,
            23.24018096923828,
            642.5046997070312,
            "C\n",
            20,
            0
        ]
    ],
    "21": [
        [
            11.916799545288086,
            861.4893798828125,
            23.24018096923828,
            883.4447631835938,
            "D\n",
            21,
            0
        ]
    ],
    "22": [
        [
            12.777899742126465,
            1102.4383544921875,
            23.241750717163086,
            1124.3936767578125,
            "E\n",
            22,
            0
        ]
    ],
    "23": [
        [
            13.657999992370605,
            1343.38232421875,
            23.243635177612305,
            1365.337646484375,
            "F\n",
            23,
            0
        ]
    ],
    "24": [
        [
            11.036700248718262,
            1584.327392578125,
            23.238298416137695,
            1606.28271484375,
            "G\n",
            24,
            0
        ]
    ],
    "25": [
        [
            11.916799545288086,
            1825.2723388671875,
            23.24018096923828,
            1847.2276611328125,
            "H\n",
            25,
            0
        ]
    ],
    "26": [
        [
            1617.72998046875,
            1666.4073486328125,
            1703.921875,
            1693.8758544921875,
            "Opdracht:\n",
            26,
            0
        ]
    ],
    "27": [
        [
            639.156005859375,
            1029.2657470703125,
            703.100341796875,
            1078.055419921875,
            "XJA\n",
            27,
            0
        ]
    ],
    "28": [
        [
            1864.9017333984375,
            774.6798706054688,
            1880.7584228515625,
            794.199951171875,
            "\u00f850\n",
            28,
            0
        ]
    ],
    "29": [
        [
            1955.61181640625,
            774.6798706054688,
            1971.468505859375,
            794.199951171875,
            "\u00f840\n",
            29,
            0
        ]
    ],
    "30": [
        [
            2106.8701171875,
            787.82177734375,
            2115.048095703125,
            803.6784057617188,
            "N\n",
            30,
            0
        ]
    ],
    "31": [
        [
            766.39599609375,
            663.091796875,
            779.6146850585938,
            678.9484252929688,
            "\u00f86\n",
            31,
            0
        ]
    ],
    "32": [
        [
            763.2449951171875,
            583.7218017578125,
            782.7650756835938,
            599.5784301757812,
            "\u00f812\n",
            32,
            0
        ]
    ],
    "33": [
        [
            550.2027587890625,
            751.2147827148438,
            566.0593872070312,
            797.8199462890625,
            "10XJN11\n",
            33,
            0
        ]
    ],
    "34": [
        [
            566.0527954101562,
            757.8195190429688,
            581.909423828125,
            791.199951171875,
            "AT001\n",
            34,
            0
        ]
    ],
    "35": [
        [
            544.57421875,
            773.2786865234375,
            545.0620727539062,
            775.739990234375,
            "10XJN11AT001\n",
            35,
            0
        ]
    ],