{
    "0": [
        [
            2249.4599609375,
            1667.948486328125,
            2441.022216796875,
            1692.34326171875,
            "12/03/2012\nLAN/KB\n",
            0,
            0
        ]
    ],
    "1": [
        [
            2276.760009765625,
            1873.3909912109375,
            2614.10595703125,
            1931.9385986328125,
            "10010178376/229\n",
            1,
            0
        ]
    ],
    "2": [
        [
            2062.77001953125,
            1729.5745849609375,
            2331.526611328125,
            1766.1668701171875,
            "NOODDOUCHES UGJ\n",
            2,
            0
        ]
    ],
    "3": [
        [
            2637.389892578125,
            1930.6383056640625,
            2707.650390625,
            1961.1318359375,
            "10GKB\n",
            3,
            0
        ]
    ],
    "4": [
        [
            1574.72998046875,
            1667.948486328125,
            1594.1097412109375,
            1692.34326171875,
            "00\n",
            4,
            0
        ]
    ],
    "5": [
        [
            2758.659912109375,
            1888.603759765625,
            2787.7294921875,
            1925.196044921875,
            "00\n",
            5,
            0
        ]
    ],
    "6": [
        [
            1708.43994140625,
            1667.948486328125,
            1747.2086181640625,
            1692.34326171875,
            "3751\n",
            6,
            0
        ]
    ],
    "7": [
        [
            1566.7099609375,
            1698.7412109375,
            1926.748779296875,
            1718.2572021484375,
            "VERS\nDESCRIPTION\n",
            7,
            0
        ]
    ],
    "8": [
        [
            1566.7099609375,
            1723.1123046875,
            1652.80126953125,
            1835.5953369140625,
            "Replace:\nOriginal:\nFilename:\nSchaal:\n",
            8,
            0
        ]
    ],
    "9": [
        [
            2079.159912109375,
            1864.591064453125,
            2152.402099609375,
            1922.190185546875,
            "SUBTYPE\nEplan\n",
            9,
            0
        ]
    ],
    "10": [
        [
            2103.510009765625,
            1930.2685546875,
            2267.819091796875,
            1960.7620849609375,
            "A3\nCLASS.:\n",
            10,
            0
        ]
    ],
    "11": [
        [
            2387.169921875,
            1864.591064453125,
            2809.889404296875,
            1886.54638671875,
            "IDENTIFICATION\nVERSION\n",
            11,
            0
        ]
    ],
    "12": [
        [
            2274.489990234375,
            1698.7412109375,
            2806.028564453125,
            1718.2572021484375,
            "STATUS\nAPPROVED BY\nCHECKED BY\nDESIGNED BY\nDATE\n",
            12,
            0
        ]
    ],
    "13": [
        [
            2764.6201171875,
            1667.948486328125,
            2799.5048828125,
            1692.34326171875,
            "ASB\n",
            13,
            0
        ]
    ],
    "14": [
        [
            1882.4599609375,
            1894.5675048828125,
            2791.373046875,
            1961.153076171875,
            "BEOO\nBEKN\n050\n",
            14,
            0
        ]
    ],
    "15": [
        [
            2488.179931640625,
            1667.948486328125,
            2709.681396484375,
            1692.34326171875,
            "MATHIEU T.\nDE NIJS R.\n",
            15,
            0
        ]
    ],
    "16": [
        [
            172.67999267578125,
            10.682774543762207,
            2703.574951171875,
            28.978923797607422,
            "1\n2\n3\n4\n5\n6\n7\n8\n9\n10\n",
            16,
            0
        ]
    ],
    "17": [
        [
            12.777899742126465,
            138.65939331054688,
            23.241750717163086,
            160.61480712890625,
            "A\n",
            17,
            0
        ]
    ],
    "18": [
        [
            12.777899742126465,
            379.5993347167969,
            23.241750717163086,
            401.55474853515625,
            "B\n",
            18,
            0
        ]
    ],
    "19": [
        [
            11.916799545288086,
            620.54931640625,
            23.24018096923828,
            642.5046997070312,
            "C\n",
            19,
            0
        ]
    ],
    "20": [
        [
            11.916799545288086,
            861.4893798828125,
            23.24018096923828,
            883.4447631835938,
            "D\n",
            20,
            0
        ]
    ],
    "21": [
        [
            12.777899742126465,
            1102.4383544921875,
            23.241750717163086,
            1124.3936767578125,
            "E\n",
            21,
            0
        ]
    ],
    "22": [
        [
            13.657999992370605,
            1343.38232421875,
            23.243635177612305,
            1365.337646484375,
            "F\n",
            22,
            0
        ]
    ],
    "23": [
        [
            11.036700248718262,
            1584.327392578125,
            23.238298416137695,
            1606.28271484375,
            "G\n",
            23,
            0
        ]
    ],
    "24": [
        [
            11.916799545288086,
            1825.2723388671875,
            23.24018096923828,
            1847.2276611328125,
            "H\n",
            24,
            0
        ]
    ],
    "25": [
        [
            1617.72998046875,
            1666.4073486328125,
            1703.921875,
            1693.8758544921875,
            "Opdracht:\n",
            25,
            0
        ]
    ],
    "26": [
        [
            1058.699951171875,
            708.4517822265625,
            1190.3094482421875,
            724.3084106445312,
            "VEILIGHEIDS MONTAGE\n",
            26,
            0
        ]
    ],
    "27": [
        [
            1296.601806640625,
            708.8759765625,
            1312.45849609375,
            758.010009765625,
            "10GKB01\n",
            27,
            0
        ]
    ],
    "28": [
        [
            1312.4517822265625,
            716.433837890625,
            1328.3084716796875,
            750.449951171875,
            "BB002\n",
            28,
            0
        ]
    ],
    "29": [
        [
            1294.3321533203125,
            733.2413330078125,
            1294.820068359375,
            735.800048828125,
            "10GKB01BB002\n",
            29,
            0
        ]
    ],
    "30": [
        [
            1405.81005859375,
            871.3017578125,
            1454.944091796875,
            887.1583862304688,
            "10GKB01\n",
            30,
            0
        ]
    ],
    "31": [
        [
            1413.06005859375,
            887.1517333984375,
            1447.697998046875,
            903.0083618164062,
            "AH103\n",
            31,
            0
        ]
    ],
    "32": [
        [
            1427.9300537109375,
            863.5421752929688,
            1430.5079345703125,
            864.030029296875,
            "10GKB01AH103\n",
            32,
            0
        ]
    ],
    "33": [
        [
            1560.469970703125,
            775.591796875,
            1609.60400390625,
            791.4484252929688,
            "10GKB01\n",
            33,
            0
        ]
    ],
    "34": [
        [
            1568.02001953125,
            791.4417724609375,
            1602.0361328125,
            807.2984008789062,
            "AP002\n",
            34,
            0
        ]
    ],
    "35": [
        [
            1571.2987060546875,
            743.66943359375,
            1573.452880859375,
            745.82373046875,
            "10GKB01AP002\n",
            35,
            0
        ]
    ],