{
    "0": [
        [
            400.25,
            183.91000366210938,
            432.86199951171875,
            189.406005859375,
            "10HYY02EU002|7",
            0,
            0,
            0
        ],
        [
            400.25,
            188.7100067138672,
            411.1419982910156,
            194.2060089111328,
            "TOEP",
            0,
            1,
            0
        ],
        [
            412.2539978027344,
            188.7100067138672,
            414.4779968261719,
            194.2060089111328,
            "6",
            0,
            1,
            1
        ],
        [
            415.5899963378906,
            188.7100067138672,
            445.1499938964844,
            194.2060089111328,
            "REINTEGRATIE",
            0,
            1,
            2
        ]
    ],
    "1": [
        [
            300.9100036621094,
            109.41000366210938,
            333.5220031738281,
            114.906005859375,
            "10HYY02EU001|7",
            1,
            0,
            0
        ],
        [
            300.9100036621094,
            114.21000671386719,
            311.802001953125,
            119.70600891113281,
            "TOEP",
            1,
            1,
            0
        ],
        [
            312.91400146484375,
            114.21000671386719,
            315.13800048828125,
            119.70600891113281,
            "6",
            1,
            1,
            1
        ],
        [
            316.25,
            114.21000671386719,
            345.8139953613281,
            119.70600891113281,
            "PASSIEFERING",
            1,
            1,
            2
        ]
    ]
}