{
    "0": [
        [
            0.3770304930179538,
            0.14677419354838708,
            0.414648047876888,
            0.16129032258064516,
            "FUM_SOV",
            0.9055761350929441
        ]
    ],
    "1": [
        [
            0.3687660302080365,
            0.17016129032258065,
            0.3932744371615845,
            0.18064516129032257,
            "P1_OPEN",
            0.8474642487589716
        ]
    ],
    "2": [
        [
            0.40153889997150183,
            0.17016129032258065,
            0.42462239954402964,
            0.18064516129032257,
            "OPENED",
            0.9995656259212453
        ]
    ],
    "3": [
        [
            0.2610430322029068,
            0.18911290322580646,
            0.2738671986320889,
            0.20161290322580644,
            "OR",
            0.9996012298109906
        ]
    ],
    "4": [
        [
            0.36905101168424054,
            0.19274193548387097,
            0.39298945568538046,
            0.20120967741935483,
            "P2_OPEN",
            0.8933906938944348
        ]
    ],
    "5": [
        [
            0.4035337703049302,
            0.19274193548387097,
            0.4243374180678256,
            0.20120967741935483,
            "CLOSED\"",
            0.902813568949237
        ]
    ],
    "6": [
        [
            0.091479053861499,
            0.20362903225806453,
            0.14961527500712454,
            0.21491935483870966,
            "NOHHJ31ECO01IXS52/12",
            0.21019185023356926
        ]
    ],
    "7": [
        [
            0.15104018238814476,
            0.20846774193548387,
            0.1852379595326304,
            0.21693548387096775,
            "SGC SG BR 31",
            0.9184754201097306
        ]
    ],
    "8": [
        [
            0.15018523795953262,
            0.21451612903225806,
            0.1724137931034483,
            0.225,
            "STEP 52",
            0.38282072023520963
        ]
    ],
    "9": [
        [
            0.2510686805357652,
            0.21370967741935484,
            0.2601880877742947,
            0.2213709677419355,
            "IN1",
            0.3839154894948119
        ]
    ],
    "10": [
        [
            0.2750071245369051,
            0.21330645161290324,
            0.286406383585067,
            0.22298387096774194,
            "OUT\"",
            0.6372138857841492
        ]
    ],
    "11": [
        [
            0.3750356226845255,
            0.21330645161290324,
            0.39013964092333997,
            0.22298387096774194,
            "OPEN",
            0.9994361000478547
        ]
    ],
    "12": [
        [
            0.4041037332573383,
            0.21330645161290324,
            0.42462239954402964,
            0.22298387096774194,
            "FBE_OP",
            0.9701474381452828
        ]
    ],
    "13": [
        [
            0.091479053861499,
            0.2254032258064516,
            0.14961527500712454,
            0.23709677419354838,
            "NOHHJ3TECOOTIIXS61/17",
            0.33498766283805365
        ]
    ],
    "14": [
        [
            0.15075520091194072,
            0.22983870967741934,
            0.18637788543744657,
            0.23951612903225805,
            "SGC SG BR 31",
            0.4422818846800694
        ]
    ],
    "15": [
        [
            0.15104018238814476,
            0.23830645161290323,
            0.17041892277001994,
            0.2467741935483871,
            "STEP61",
            0.9976104414852137
        ]
    ],
    "16": [
        [
            0.2510686805357652,
            0.2346774193548387,
            0.2601880877742947,
            0.24233870967741936,
            "IN2",
            0.9762403612253089
        ]
    ],
    "17": [
        [
            0.36791108577942433,
            0.23346774193548386,
            0.3941293815901966,
            0.2439516129032258,
            "'EN_OPEN",
            0.9505690371489656
        ]
    ],
    "18": [
        [
            0.40467369620974636,
            0.23346774193548386,
            0.4237674551154175,
            0.2439516129032258,
            "FBE_CL",
            0.9970139588466826
        ]
    ],
    "19": [
        [
            0.42661726987745796,
            0.24879032258064515,
            0.45511541749786266,
            0.2592741935483871,
            "TEST POST",
            0.9927210910055854
        ]
    ],
    "20": [
        [
            0.36905101168424054,
            0.25483870967741934,
            0.39555428897121686,
            0.2633064516129032,
            "P1_CLOSE",
            0.7297696510421318
        ]
    ],
    "21": [
        [
            0.4103733257338273,
            0.25483870967741934,
            0.4243374180678256,
            0.2633064516129032,
            "TEST\"",
            0.6754251170864518
        ]
    ],
    "22": [
        [
            0.426902251353662,
            0.25806451612903225,
            0.4508406953548019,
            0.26653225806451614,
            "*I8C XB41",
            0.5981283895088366
        ]
    ],
    "23": [
        [
            0.426902251353662,
            0.2701612903225806,
            0.44542604730692503,
            0.2786290322580645,
            "AKTIEF",
            0.9989302196181356
        ]
    ],
    "24": [
        [
            0.2610430322029068,
            0.27298387096774196,
            0.2738671986320889,
            0.28588709677419355,
            "OR",
            0.9994689067312624
        ]
    ],
    "25": [
        [
            0.36791108577942433,
            0.27419354838709675,
            0.3958392704474209,
            0.2846774193548387,
            "'P2_CLOSE",
            0.7739724150051154
        ]
    ],
    "26": [
        [
            0.4018238814477059,
            0.27580645161290324,
            0.42348247363921343,
            0.2842741935483871,
            "TRBL_AL",
            0.9127202507370968
        ]
    ],
    "27": [
        [
            0.42661726987745796,
            0.27741935483870966,
            0.43858649187802795,
            0.2870967741935484,
            "~I8C",
            0.27347391843795776
        ]
    ],
    "28": [
        [
            0.091479053861499,
            0.2875,
            0.14961527500712454,
            0.2991935483870968,
            "NOHHJ3 TECOOTIXS59/15",
            0.36466363610221514
        ]
    ],
    "29": [
        [
            0.15104018238814476,
            0.2923387096774194,
            0.1852379595326304,
            0.3008064516129032,
            "SGC SG BR 31",
            0.7509039871913435
        ]
    ],
    "30": [
        [
            0.15018523795953262,
            0.29838709677419356,
            0.1724137931034483,
            0.3088709677419355,
            "STEP 59",
            0.9891480067156396
        ]
    ],
    "31": [
        [
            0.2510686805357652,
            0.2979838709677419,
            0.2601880877742947,
            0.30524193548387096,
            "INT",
            0.5764714908732183
        ]
    ],
    "32": [
        [
            0.27529210601310916,
            0.2979838709677419,
            0.28612140210886294,
            0.30524193548387096,
            "OUT",
            0.993011296356836
        ]
    ],
    "33": [
        [
            0.36990595611285265,
            0.2967741935483871,
            0.39298945568538046,
            0.30524193548387096,
            "A_CLOSE",
            0.9998701433601301
        ]
    ],
    "34": [
        [
            0.091479053861499,
            0.3096774193548387,
            0.14648047876888,
            0.32137096774193546,
            "NOHHJ3 ECOOTIIXSO616",
            0.18963590488857884
        ]
    ],