{
    "55": {
        "nodes": [
            296,
            297,
            298
        ],
        "bbx": [
            791.1884652824019,
            171.19847504802698,
            8.993064552383657,
            11.113059669571044
        ],
        "sub": null,
        "class": 16
    },
    "57": {
        "nodes": [
            301,
            302,
            303
        ],
        "bbx": [
            1213.5484506339644,
            171.19847504802698,
            8.993064552383657,
            11.113059669571044
        ],
        "sub": null,
        "class": 16
    },
    "59": {
        "nodes": [
            306,
            307,
            308
        ],
        "bbx": [
            1692.6085271131292,
            171.19849293344157,
            8.99290671124163,
            11.113023898741858
        ],
        "sub": null,
        "class": 16
    },
    "61": {
        "nodes": [
            312,
            313,
            311
        ],
        "bbx": [
            2171.658575941254,
            171.19849293344157,
            8.99290671124163,
            11.113023898741858
        ],
        "sub": null,
        "class": 16
    },
    "53": {
        "nodes": [
            291,
            292,
            293
        ],
        "bbx": [
            306.46464880870417,
            171.19862708018854,
            8.991722890404162,
            11.112755605247912
        ],
        "sub": null,
        "class": 16
    },
    "63": {
        "nodes": [
            316,
            317,
            318
        ],
        "bbx": [
            365.9926334278448,
            171.19862708018854,
            8.991722890404162,
            11.112755605247912
        ],
        "sub": null,
        "class": 16
    },
    "45": {
        "nodes": [
            135,
            136,
            137,
            138,
            139,
            140,
            141,
            142,
            143,
            144,
            145,
            146,
            147,
            148,
            149,
            150,
            151,
            152,
            153,
            154,
            155,
            156,
            157,
            158,
            159,
            160,
            161,
            162,
            163,
            164,
            165,
            166,
            167,
            168,
            169,
            170
        ],
        "bbx": [
            1751.8449401855469,
            277.9150085449219,
            9.57000732421875,
            9.57000732421875
        ],
        "sub": null,
        "class": 17
    },
    "47": {
        "nodes": [
            174,
            175,
            176,
            177,
            178,
            179,
            180,
            181,
            182,
            183,
            184,
            185,
            186,
            187,
            188,
            189,
            190,
            191,
            192,
            193,
            194,
            195,
            196,
            197,
            198,
            199,
            200,
            201,
            202,
            203,
            204,
            205,
            206,
            207,
            208,
            209
        ],
        "bbx": [
            1269.9550476074219,
            277.9150085449219,
            9.57000732421875,
            9.57000732421875
        ],
        "sub": null,
        "class": 17
    },
    "51": {
        "nodes": [
            256,
            257,
            258,
            259,
            260,
            261,
            262,
            263,
            264,
            265,
            266,
            267,
            268,
            269,
            270,
            271,
            272,
            273,
            274,
            275,
            276,
            277,
            278,
            279,
            280,
            281,
            282,
            283,
            284,
            285,
            286,
            287,
            252,
            253,
            254,
            255
        ],
        "bbx": [
            365.70426179965915,
            277.9152603348154,
            9.56748958427545,
            9.5695037444317
        ],
        "sub": null,
        "class": 17
    },
    "49": {
        "nodes": [
            213,
            214,
            215,
            216,
            217,
            218,
            219,
            220,
            221,
            222,
            223,
            224,
            225,
            226,
            227,
            228,
            229,
            230,
            231,
            232,
            233,
            234,
            235,
            236,
            237,
            238,
            239,
            240,
            241,
            242,
            243,
            244,
            245,
            246,
            247,
            248
        ],
        "bbx": [
            850.4292373855967,
            277.9152603348154,
            9.567489584275336,
            9.5695037444317
        ],
        "sub": null,
        "class": 17
    },
    "36": {
        "nodes": [
            89,
            90,
            127
        ],
        "bbx": [
            2176.159912109375,
            177.8199462890625,
            0.0,
            102.050048828125
        ],
        "sub": null
    },
    "37": {
        "nodes": [
            128,
            115,
            91,
            92
        ],
        "bbx": [
            2176.159912109375,
            285.5400390625,
            0.0,
            59.52001953125
        ],
        "sub": null
    },
    "38": {
        "nodes": [
            129,
            93,
            94
        ],
        "bbx": [
            1697.0999755859375,
            177.8199462890625,
            0.0,
            102.050048828125
        ],
        "sub": null
    },
    "39": {
        "nodes": [
            96,
            130,
            116,
            95
        ],
        "bbx": [
            1697.0999755859375,
            285.5400390625,
            0.0,
            59.52001953125
        ],
        "sub": null
    },
    "40": {
        "nodes": [
            97,
            98,
            131
        ],
        "bbx": [
            1218.050048828125,
            177.8199462890625,
            0.0,
            102.050048828125
        ],
        "sub": null
    },
    "41": {
        "nodes": [
            132,
            99,
            100,
            117
        ],
        "bbx": [
            1218.050048828125,
            285.5400390625,
            0.0,
            59.52001953125
        ],
        "sub": null
    },
    "42": {
        "nodes": [
            101,
            102,
            133
        ],
        "bbx": [
            795.6849975585938,
            177.8199462890625,
            0.0,
            102.050048828125
        ],
        "sub": null
    },
    "43": {
        "nodes": [
            104,
            118,
            134,
            103
        ],
        "bbx": [
            795.6849975585938,
            285.5400390625,
            0.0,
            59.52001953125
        ],
        "sub": null
    },
    "44": {
        "nodes": [
            113,
            114,
            119
        ],
        "bbx": [
            310.96099853515625,
            177.8199462890625,
            0.0,
            167.2401123046875
        ],
        "sub": null
    }
}