{
    "0": [
        [
            615.489990234375,
            183.91000366210938,
            647.8779907226562,
            194.2060089111328,
            "10HHA53EZ001|7\nBR 53 VRIJ\n",
            0,
            0
        ]
    ],
    "1": [
        [
            615.489990234375,
            289.46002197265625,
            659.0659790039062,
            299.7560119628906,
            "10HHJ53CF901X|1\nDEBIET SG BR 53 1oo2\n",
            1,
            0
        ]
    ],
    "2": [
        [
            615.489990234375,
            90.77999877929688,
            661.2899780273438,
            110.53599548339844,
            "10HHA53EZ001|7\nBR 53 VRIJ\n[10HHJ53CF901|1]\n[DEBIET SG BR 53 1oo2]\n",
            2,
            0
        ]
    ],
    "3": [
        [
            615.489990234375,
            407.42999267578125,
            659.0659790039062,
            417.7259826660156,
            "10HHJ53CF901X|1\nDEBIET SG BR 53 1oo2\n",
            3,
            0
        ]
    ]
}