{
    "0": [
        [
            615.489990234375,
            183.91000366210938,
            647.8779907226562,
            189.406005859375,
            "10HHA53EZ001|7",
            0,
            0,
            0
        ],
        [
            615.489990234375,
            188.7100067138672,
            621.0460205078125,
            194.2060089111328,
            "BR",
            0,
            1,
            0
        ],
        [
            622.1580200195312,
            188.7100067138672,
            626.6060180664062,
            194.2060089111328,
            "53",
            0,
            1,
            1
        ],
        [
            627.718017578125,
            188.7100067138672,
            636.385986328125,
            194.2060089111328,
            "VRIJ",
            0,
            1,
            2
        ]
    ],
    "1": [
        [
            615.489990234375,
            289.46002197265625,
            650.0980224609375,
            294.9560241699219,
            "10HHJ53CF901X|1",
            1,
            0,
            0
        ],
        [
            615.489990234375,
            294.260009765625,
            629.93798828125,
            299.7560119628906,
            "DEBIET",
            1,
            1,
            0
        ],
        [
            631.0499877929688,
            294.260009765625,
            636.8300170898438,
            299.7560119628906,
            "SG",
            1,
            1,
            1
        ],
        [
            637.9420166015625,
            294.260009765625,
            643.4979858398438,
            299.7560119628906,
            "BR",
            1,
            1,
            2
        ],
        [
            644.6099853515625,
            294.260009765625,
            649.0579833984375,
            299.7560119628906,
            "53",
            1,
            1,
            3
        ],
        [
            650.1699829101562,
            294.260009765625,
            659.0659790039062,
            299.7560119628906,
            "1oo2",
            1,
            1,
            4
        ]
    ],
    "2": [
        [
            615.489990234375,
            90.77999877929688,
            647.8779907226562,
            96.2760009765625,
            "10HHA53EZ001|7",
            2,
            0,
            0
        ],
        [
            615.489990234375,
            95.58000183105469,
            621.0460205078125,
            101.07600402832031,
            "BR",
            2,
            1,
            0
        ],
        [
            622.1580200195312,
            95.58000183105469,
            626.6060180664062,
            101.07600402832031,
            "53",
            2,
            1,
            1
        ],
        [
            627.718017578125,
            95.58000183105469,
            636.385986328125,
            101.07600402832031,
            "VRIJ",
            2,
            1,
            2
        ],
        [
            615.489990234375,
            100.239990234375,
            649.6539916992188,
            105.73599243164062,
            "[10HHJ53CF901|1]",
            2,
            2,
            0
        ],
        [
            615.489990234375,
            105.03999328613281,
            631.0499877929688,
            110.53599548339844,
            "[DEBIET",
            2,
            3,
            0
        ],
        [
            632.1619873046875,
            105.03999328613281,
            637.9420166015625,
            110.53599548339844,
            "SG",
            2,
            3,
            1
        ],
        [
            639.0540161132812,
            105.03999328613281,
            644.6099853515625,
            110.53599548339844,
            "BR",
            2,
            3,
            2
        ],
        [
            645.7219848632812,
            105.03999328613281,
            650.1699829101562,
            110.53599548339844,
            "53",
            2,
            3,
            3
        ],
        [
            651.281982421875,
            105.03999328613281,
            661.2899780273438,
            110.53599548339844,
            "1oo2]",
            2,
            3,
            4
        ]
    ],
    "3": [
        [
            615.489990234375,
            407.42999267578125,
            650.0980224609375,
            412.9259948730469,
            "10HHJ53CF901X|1",
            3,
            0,
            0
        ],
        [
            615.489990234375,
            412.22998046875,
            629.93798828125,
            417.7259826660156,
            "DEBIET",
            3,
            1,
            0
        ],
        [
            631.0499877929688,
            412.22998046875,
            636.8300170898438,
            417.7259826660156,
            "SG",
            3,
            1,
            1
        ],
        [
            637.9420166015625,
            412.22998046875,
            643.4979858398438,
            417.7259826660156,
            "BR",
            3,
            1,
            2
        ],
        [
            644.6099853515625,
            412.22998046875,
            649.0579833984375,
            417.7259826660156,
            "53",
            3,
            1,
            3
        ],
        [
            650.1699829101562,
            412.22998046875,
            659.0659790039062,
            417.7259826660156,
            "1oo2",
            3,
            1,
            4
        ]
    ]
}