{
    "0": [
        [
            0.44115132516386435,
            0.19879032258064516,
            0.4779139355941864,
            0.21451612903225806,
            "F_10o2_R",
            0.7936855067537126
        ]
    ],
    "1": [
        [
            0.11028783129096609,
            0.2157258064516129,
            0.16614420062695925,
            0.22701612903225807,
            "NOHHJ43CTOOTIIXQ0T/T",
            0.3104072041064119
        ]
    ],
    "2": [
        [
            0.17041892277001994,
            0.21693548387096775,
            0.23254488458250214,
            0.22701612903225807,
            "TEMPERATUUR SG BR 42",
            0.7425828642628926
        ]
    ],
    "3": [
        [
            0.7509261897976631,
            0.2157258064516129,
            0.8019378740381875,
            0.22701612903225807,
            "NOHHJ43CT901IIZQ01",
            0.46579901766994136
        ]
    ],
    "4": [
        [
            0.8093473924194927,
            0.21693548387096775,
            0.8831575947563408,
            0.22822580645161292,
            "TEMPERATUUR SG BR 43 1002",
            0.8178334572261552
        ]
    ],
    "5": [
        [
            0.17127386719863208,
            0.2254032258064516,
            0.1926474779139356,
            0.23508064516129032,
            "0-400 \"C",
            0.42279097682900046
        ]
    ],
    "6": [
        [
            0.4377315474494158,
            0.22379032258064516,
            0.4471359361641493,
            0.23225806451612904,
            "IN1",
            0.9735109083002729
        ]
    ],
    "7": [
        [
            0.4713593616414933,
            0.22379032258064516,
            0.48304360216585923,
            0.23225806451612904,
            "OUT",
            0.975738333404203
        ]
    ],
    "8": [
        [
            0.8104873183243089,
            0.22701612903225807,
            0.8244514106583072,
            0.2346774193548387,
            "0-400",
            0.7156642469983798
        ]
    ],
    "9": [
        [
            0.8261612995155315,
            0.22701612903225807,
            0.8307210031347962,
            0.2346774193548387,
            "C",
            0.832317809289421
        ]
    ],
    "10": [
        [
            0.11171273867198632,
            0.23669354838709677,
            0.16614420062695925,
            0.24717741935483872,
            "10HHJ43CTO02IIXQ01I1",
            0.3537948517538137
        ]
    ],
    "11": [
        [
            0.1695639783414078,
            0.23870967741935484,
            0.23254488458250214,
            0.25040322580645163,
            "'TEMPERATUUR SG BR 42 _",
            0.3174178855563299
        ]
    ],
    "12": [
        [
            0.43687660302080367,
            0.24314516129032257,
            0.44742091764035335,
            0.2536290322580645,
            "IN2",
            0.6406948443715732
        ]
    ],
    "13": [
        [
            0.4682245654032488,
            0.24475806451612903,
            0.48304360216585923,
            0.2532258064516129,
            "QBAD",
            0.9999406933784485
        ]
    ],
    "14": [
        [
            0.6819606725562838,
            0.23548387096774193,
            0.7324023938444001,
            0.24717741935483872,
            "NOHHJA3CT9OIIZV2O",
            0.24899767178879456
        ]
    ],
    "15": [
        [
            0.7398119122257053,
            0.2342741935483871,
            0.8036477628954118,
            0.2592741935483871,
            "Fexeet eieHhoR43",
            0.004186153601970032
        ]
    ],
    "16": [
        [
            0.8019378740381875,
            0.2403225806451613,
            0.8141920775149615,
            0.24879032258064515,
            "1002",
            0.9429346919059753
        ]
    ],
    "17": [
        [
            0.17127386719863208,
            0.24758064516129033,
            0.18552294100883443,
            0.25725806451612904,
            "0-400",
            0.9046505776132389
        ]
    ],
    "18": [
        [
            0.18694784838985465,
            0.24798387096774194,
            0.1915075520091194,
            0.2568548387096774,
            "C",
            0.7717490278514703
        ]
    ],
    "19": [
        [
            0.750071245369051,
            0.25120967741935485,
            0.7896836705614135,
            0.2625,
            "1OHHJ43CFO02I2",
            0.456197718340719
        ]
    ],
    "20": [
        [
            0.11142775719578227,
            0.25806451612903225,
            0.1658592191507552,
            0.26653225806451614,
            "1OHHJ4BCTOO1IIXM2O1",
            0.5328031977095232
        ]
    ],
    "21": [
        [
            0.17041892277001994,
            0.25887096774193546,
            0.23254488458250214,
            0.2701612903225806,
            "TEMPERATUUR SG BR 42",
            0.8776637941656977
        ]
    ],
    "22": [
        [
            0.6813907096038757,
            0.2564516129032258,
            0.7207181533200342,
            0.2669354838709677,
            "1OHHJ43CFO0112",
            0.6284687337284516
        ]
    ],
    "23": [
        [
            0.7486463379880308,
            0.25887096774193546,
            0.7919635223710458,
            0.2701612903225806,
            "DEBIET SG BR 43",
            0.9994234019847278
        ]
    ],
    "24": [
        [
            0.17155884867483615,
            0.26814516129032256,
            0.20005699629524082,
            0.27661290322580645,
            "CHAN 1FLT",
            0.8243068307325235
        ]
    ],
    "25": [
        [
            0.4377315474494158,
            0.2657258064516129,
            0.45568538045027074,
            0.27419354838709675,
            "QBAD1",
            0.5801307040073382
        ]
    ],
    "26": [
        [
            0.4713593616414933,
            0.2657258064516129,
            0.48304360216585923,
            0.27419354838709675,
            "DIS1",
            0.872462272644043
        ]
    ],
    "27": [
        [
            0.6805357651752636,
            0.26411290322580644,
            0.7229980051296666,
            0.2745967741935484,
            "DEBIET SG BR 43",
            0.711195768434069
        ]
    ],
    "28": [
        [
            0.6805357651752636,
            0.27298387096774196,
            0.7207181533200342,
            0.28266129032258064,
            "1OHHJ43CFO02/2",
            0.5999397898662943
        ]
    ],
    "29": [
        [
            0.11114277571957823,
            0.27741935483870966,
            0.16614420062695925,
            0.28911290322580646,
            "T0HHJ43CTOO2IIXM2O 1",
            0.2077215644215561
        ]
    ],
    "30": [
        [
            0.1695639783414078,
            0.2810483870967742,
            0.23254488458250214,
            0.2923387096774194,
            "TEMPERATUUR SG BR 42",
            0.85155015444421
        ]
    ],
    "31": [
        [
            0.6796808207466515,
            0.27983870967741936,
            0.7229980051296666,
            0.2903225806451613,
            "DEBIET SG BR 43",
            0.7322661756989411
        ]
    ],
    "32": [
        [
            0.17041892277001994,
            0.2887096774193548,
            0.20034197777144486,
            0.2991935483870968,
            "~CHAN 2 FLT",
            0.6117994046534881
        ]
    ],
    "33": [
        [
            0.4377315474494158,
            0.28669354838709676,
            0.45568538045027074,
            0.29516129032258065,
            "QBAD2",
            0.9655910312268686
        ]
    ],
    "34": [
        [
            0.4713593616414933,
            0.28669354838709676,
            0.48304360216585923,
            0.29516129032258065,
            "DIS2",
            0.9784769415855408
        ]
    ],