{
    "0": [
        [
            342.29998779296875,
            171.489990234375,
            374.4639892578125,
            181.78599548339844,
            "10HHJ42EC001|2\nSGC SG BR 42\n",
            0,
            0
        ]
    ],
    "1": [
        [
            714.8300170898438,
            308.09002685546875,
            759.0580444335938,
            318.3860168457031,
            "10HHJ42AA101|3\nSG HFD R-DEMP BR 42\n",
            1,
            0
        ]
    ],
    "2": [
        [
            632.0399780273438,
            295.6700134277344,
            676.2680053710938,
            305.96600341796875,
            "10HHJ42AA101|3\nSG HFD R-DEMP BR 42\n",
            2,
            0
        ]
    ],
    "3": [
        [
            342.29998779296875,
            121.82000732421875,
            375.57598876953125,
            132.1160125732422,
            "10HHG42EC001|2\nSGC NG BR 42\n",
            3,
            0
        ]
    ],
    "4": [
        [
            416.80999755859375,
            183.91000366210938,
            448.9739990234375,
            194.2060089111328,
            "10HHJ42EC001|2\nSGC SG BR 42\n",
            4,
            0
        ]
    ],
    "5": [
        [
            342.29998779296875,
            146.66000366210938,
            375.57598876953125,
            156.9560089111328,
            "10HHG42EC001|2\nSGC NG BR 42\n",
            5,
            0
        ]
    ],
    "6": [
        [
            632.0399780273438,
            345.34002685546875,
            698.2760009765625,
            355.6360168457031,
            "10HHL42AA101|1\nSECONDAIRE LUCHTKLEP BRD 42\n",
            6,
            0
        ]
    ],
    "7": [
        [
            714.8300170898438,
            357.760009765625,
            760.842041015625,
            368.0559997558594,
            "10HHL42AA102|2\nCORE-AIR KLEP BRD 42\n",
            7,
            0
        ]
    ],
    "8": [
        [
            632.0399780273438,
            370.1700134277344,
            678.052001953125,
            380.46600341796875,
            "10HHL42AA102|2\nCORE-AIR KLEP BRD 42\n",
            8,
            0
        ]
    ],
    "9": [
        [
            416.80999755859375,
            134.239990234375,
            450.08599853515625,
            144.53599548339844,
            "10HHG42EC001|2\nSGC NG BR 42\n",
            9,
            0
        ]
    ],
    "10": [
        [
            416.80999755859375,
            159.07998657226562,
            448.9739990234375,
            169.37599182128906,
            "10HHJ42EC001|2\nSGC SG BR 42\n",
            10,
            0
        ]
    ],
    "11": [
        [
            632.0399780273438,
            320.5000305175781,
            676.2680053710938,
            330.7960205078125,
            "10HHJ42AA101|3\nSG HFD R-DEMP BR 42\n",
            11,
            0
        ]
    ],
    "12": [
        [
            714.8300170898438,
            332.91998291015625,
            760.3900756835938,
            343.2159729003906,
            "10HHJ42AA102|1\nSG BR 42 WRD R-DEMP\n",
            12,
            0
        ]
    ]
}