{
    "0": [
        [
            342.29998779296875,
            171.489990234375,
            374.4639892578125,
            176.98599243164062,
            "10HHJ42EC001|2",
            0,
            0,
            0
        ],
        [
            342.29998779296875,
            176.2899932861328,
            350.9679870605469,
            181.78599548339844,
            "SGC",
            0,
            1,
            0
        ],
        [
            352.0799865722656,
            176.2899932861328,
            357.8599853515625,
            181.78599548339844,
            "SG",
            0,
            1,
            1
        ],
        [
            358.97198486328125,
            176.2899932861328,
            364.5279846191406,
            181.78599548339844,
            "BR",
            0,
            1,
            2
        ],
        [
            365.6399841308594,
            176.2899932861328,
            370.0879821777344,
            181.78599548339844,
            "42",
            0,
            1,
            3
        ]
    ],
    "1": [
        [
            714.8300170898438,
            308.09002685546875,
            746.7740478515625,
            313.5860290527344,
            "10HHJ42AA101|3",
            1,
            0,
            0
        ],
        [
            714.8300170898438,
            312.8900146484375,
            720.6100463867188,
            318.3860168457031,
            "SG",
            1,
            1,
            0
        ],
        [
            721.7220458984375,
            312.8900146484375,
            729.9420166015625,
            318.3860168457031,
            "HFD",
            1,
            1,
            1
        ],
        [
            731.0540161132812,
            312.8900146484375,
            746.830078125,
            318.3860168457031,
            "R-DEMP",
            1,
            1,
            2
        ],
        [
            747.9420166015625,
            312.8900146484375,
            753.498046875,
            318.3860168457031,
            "BR",
            1,
            1,
            3
        ],
        [
            754.6100463867188,
            312.8900146484375,
            759.0580444335938,
            318.3860168457031,
            "42",
            1,
            1,
            4
        ]
    ],
    "2": [
        [
            632.0399780273438,
            295.6700134277344,
            663.9840087890625,
            301.166015625,
            "10HHJ42AA101|3",
            2,
            0,
            0
        ],
        [
            632.0399780273438,
            300.4700012207031,
            637.8200073242188,
            305.96600341796875,
            "SG",
            2,
            1,
            0
        ],
        [
            638.9320068359375,
            300.4700012207031,
            647.1519775390625,
            305.96600341796875,
            "HFD",
            2,
            1,
            1
        ],
        [
            648.2639770507812,
            300.4700012207031,
            664.0400390625,
            305.96600341796875,
            "R-DEMP",
            2,
            1,
            2
        ],
        [
            665.1519775390625,
            300.4700012207031,
            670.7080078125,
            305.96600341796875,
            "BR",
            2,
            1,
            3
        ],
        [
            671.8200073242188,
            300.4700012207031,
            676.2680053710938,
            305.96600341796875,
            "42",
            2,
            1,
            4
        ]
    ],
    "3": [
        [
            342.29998779296875,
            121.82000732421875,
            375.57598876953125,
            127.31600952148438,
            "10HHG42EC001|2",
            3,
            0,
            0
        ],
        [
            342.29998779296875,
            126.62001037597656,
            350.9679870605469,
            132.1160125732422,
            "SGC",
            3,
            1,
            0
        ],
        [
            352.0799865722656,
            126.62001037597656,
            358.0799865722656,
            132.1160125732422,
            "NG",
            3,
            1,
            1
        ],
        [
            359.1919860839844,
            126.62001037597656,
            364.74798583984375,
            132.1160125732422,
            "BR",
            3,
            1,
            2
        ],
        [
            365.8599853515625,
            126.62001037597656,
            370.3079833984375,
            132.1160125732422,
            "42",
            3,
            1,
            3
        ]
    ],
    "4": [
        [
            416.80999755859375,
            183.91000366210938,
            448.9739990234375,
            189.406005859375,
            "10HHJ42EC001|2",
            4,
            0,
            0
        ],
        [
            416.80999755859375,
            188.7100067138672,
            425.4779968261719,
            194.2060089111328,
            "SGC",
            4,
            1,
            0
        ],
        [
            426.5899963378906,
            188.7100067138672,
            432.3699951171875,
            194.2060089111328,
            "SG",
            4,
            1,
            1
        ],
        [
            433.48199462890625,
            188.7100067138672,
            439.0379943847656,
            194.2060089111328,
            "BR",
            4,
            1,
            2
        ],
        [
            440.1499938964844,
            188.7100067138672,
            444.5979919433594,
            194.2060089111328,
            "42",
            4,
            1,
            3
        ]
    ],
    "5": [
        [
            342.29998779296875,
            146.66000366210938,
            375.57598876953125,
            152.156005859375,
            "10HHG42EC001|2",
            5,
            0,
            0
        ],
        [
            342.29998779296875,
            151.4600067138672,
            350.9679870605469,
            156.9560089111328,
            "SGC",
            5,
            1,
            0
        ],
        [
            352.0799865722656,
            151.4600067138672,
            358.0799865722656,
            156.9560089111328,
            "NG",
            5,
            1,
            1
        ],
        [
            359.1919860839844,
            151.4600067138672,
            364.74798583984375,
            156.9560089111328,
            "BR",
            5,
            1,
            2
        ],
        [
            365.8599853515625,
            151.4600067138672,
            370.3079833984375,
            156.9560089111328,
            "42",
            5,
            1,
            3
        ]
    ],
    "6": [
        [
            632.0399780273438,
            345.34002685546875,
            664.2080078125,
            350.8360290527344,
            "10HHL42AA101|1",
            6,
            0,
            0
        ],
        [
            632.0399780273438,
            350.1400146484375,
            658.488037109375,
            355.6360168457031,
            "SECONDAIRE",
            6,
            1,
            0
        ],
        [
            659.5999755859375,
            350.1400146484375,
            683.1600341796875,
            355.6360168457031,
            "LUCHTKLEP",
            6,
            1,
            1
        ],
        [
            684.27197265625,
            350.1400146484375,
            692.7160034179688,
            355.6360168457031,
            "BRD",
            6,
            1,
            2
        ],
        [
            693.8280029296875,
            350.1400146484375,
            698.2760009765625,
            355.6360168457031,
            "42",
            6,
            1,
            3
        ]
    ],