{
    "63": {
        "nodes": [
            376,
            373,
            374,
            375
        ],
        "bbx": [
            1067.0484546961086,
            561.1584400476711,
            24.203139435907815,
            38.363173615595315
        ],
        "sub": {
            "64": {
                "nodes": [
                    384,
                    385,
                    386,
                    387,
                    388,
                    389,
                    390,
                    391,
                    392,
                    393,
                    394,
                    395,
                    396,
                    397,
                    398,
                    399,
                    400,
                    401,
                    402,
                    403,
                    404,
                    405,
                    406,
                    407,
                    408,
                    409,
                    410,
                    411,
                    412,
                    413,
                    414,
                    379,
                    380,
                    381,
                    382,
                    383
                ],
                "bbx": [
                    1074.3649597167969,
                    575.5550231933594,
                    9.57000732421875,
                    9.57000732421875
                ]
            }
        },
        "class": 2
    },
    "59": {
        "nodes": [
            360,
            357,
            358,
            359
        ],
        "bbx": [
            912.5646434388531,
            908.3996654115093,
            38.366745837137614,
            24.190659411356364
        ],
        "sub": {
            "57": {
                "nodes": [
                    283,
                    284,
                    285,
                    286,
                    287,
                    288,
                    289,
                    290,
                    291,
                    292,
                    293,
                    294,
                    295,
                    296,
                    297,
                    298,
                    299,
                    300,
                    301,
                    302,
                    303,
                    304,
                    305,
                    306,
                    307,
                    308,
                    309,
                    310,
                    311,
                    312,
                    313,
                    314,
                    315,
                    316,
                    317,
                    318
                ],
                "bbx": [
                    912.7912368973155,
                    908.6252212723155,
                    9.567489584275336,
                    9.569503744431586
                ]
            },
            "58": {
                "nodes": [
                    319,
                    320,
                    321,
                    322,
                    323,
                    324,
                    325,
                    326,
                    327,
                    328,
                    329,
                    330,
                    331,
                    332,
                    333,
                    334,
                    335,
                    336,
                    337,
                    338,
                    339,
                    340,
                    341,
                    342,
                    343,
                    344,
                    345,
                    346,
                    347,
                    348,
                    349,
                    350,
                    351,
                    352,
                    353,
                    354
                ],
                "bbx": [
                    926.9642868217375,
                    915.7153244193937,
                    9.56745907136883,
                    9.56935116121258
                ]
            }
        },
        "class": 3
    },
    "49": {
        "nodes": [
            136,
            137,
            138,
            139,
            140,
            141,
            142,
            143,
            144,
            145,
            146,
            147,
            148,
            149,
            150,
            151,
            152,
            153,
            154,
            155,
            156,
            157,
            158,
            159,
            160,
            161,
            162,
            163,
            164,
            165,
            166,
            167,
            168,
            169,
            170,
            171
        ],
        "bbx": [
            1096.162307741236,
            1164.2752227802985,
            102.04537963471557,
            102.04745483002807
        ],
        "sub": null,
        "class": -1
    },
    "73": {
        "nodes": [
            449,
            450,
            451,
            452,
            453
        ],
        "bbx": [
            1087.8574120178112,
            479.2073876037487,
            81.79518573000269,
            55.575215026877515
        ],
        "sub": null,
        "class": 8
    },
    "75": {
        "nodes": [
            457,
            458,
            459,
            460,
            461
        ],
        "bbx": [
            1420.2174087834283,
            546.5274673771783,
            55.57519219876849,
            81.79504083158099
        ],
        "sub": null,
        "class": 8
    },
    "66": {
        "nodes": [
            418,
            419,
            420,
            421,
            422,
            423,
            444,
            445,
            446
        ],
        "bbx": [
            1018.7302176643229,
            661.6502616096354,
            81.15955978854163,
            41.46949631197913
        ],
        "sub": null,
        "class": -1
    },
    "41": {
        "nodes": [
            192,
            193,
            194,
            104,
            105,
            191
        ],
        "bbx": [
            1355.6665064580557,
            1197.0174586064932,
            149.95702614638867,
            19.55602516982617
        ],
        "sub": null,
        "class": -1
    },
    "42": {
        "nodes": [
            195,
            196,
            197,
            198,
            106,
            107
        ],
        "bbx": [
            1355.666581214373,
            1214.0255900034356,
            149.95687663375384,
            19.555753586878836
        ],
        "sub": null,
        "class": -1
    },
    "39": {
        "nodes": [
            97,
            98,
            179,
            180,
            181,
            182
        ],
        "bbx": [
            1616.4568040325835,
            1197.017717118521,
            149.94637728639555,
            19.555508145770546
        ],
        "sub": null,
        "class": -1
    },
    "40": {
        "nodes": [
            99,
            100,
            183,
            184,
            185,
            186
        ],
        "bbx": [
            1616.4568787861176,
            1214.02584851268,
            149.94622777932727,
            19.555236568389773
        ],
        "sub": null,
        "class": -1
    },
    "85": {
        "nodes": [
            560,
            561,
            562,
            559
        ],
        "bbx": [
            1713.3483598823525,
            799.2684038276649,
            24.203304649357506,
            38.36321675873273
        ],
        "sub": null,
        "class": 11
    },
    "87": {
        "nodes": [
            571,
            572,
            573,
            574
        ],