{
    "0": [
        [
            590.6500244140625,
            196.32998657226562,
            650.2220458984375,
            216.0860137939453,
            "10HHJ53CT001X|1\nTEMPERATUUR SG BR 53\n10HHJ53CT901|1\nTEMPERATUUR SG BR 53 1oo2\n",
            0,
            0
        ]
    ],
    "1": [
        [
            590.6500244140625,
            159.07998657226562,
            650.2220458984375,
            178.8360137939453,
            "10HHJ53CT001X|1\nTEMPERATUUR SG BR 53\n10HHJ53CT901|1\nTEMPERATUUR SG BR 53 1oo2\n",
            1,
            0
        ]
    ],
    "2": [
        [
            640.3200073242188,
            146.66000366210938,
            685.2239990234375,
            156.9560089111328,
            "10HYY02EU001|12\nTOEP 6 PASSIEFERING\n",
            2,
            0
        ]
    ]
}