{
    "0": [
        [
            590.6500244140625,
            196.32998657226562,
            625.258056640625,
            201.82598876953125,
            "10HHJ53CT001X|1",
            0,
            0,
            0
        ],
        [
            590.6500244140625,
            201.12998962402344,
            621.0940551757812,
            206.62599182128906,
            "TEMPERATUUR",
            0,
            1,
            0
        ],
        [
            622.2060546875,
            201.12998962402344,
            627.9860229492188,
            206.62599182128906,
            "SG",
            0,
            1,
            1
        ],
        [
            629.0980224609375,
            201.12998962402344,
            634.654052734375,
            206.62599182128906,
            "BR",
            0,
            1,
            2
        ],
        [
            635.7660522460938,
            201.12998962402344,
            640.2140502929688,
            206.62599182128906,
            "53",
            0,
            1,
            3
        ],
        [
            590.6500244140625,
            205.79000854492188,
            622.5900268554688,
            211.2860107421875,
            "10HHJ53CT901|1",
            0,
            2,
            0
        ],
        [
            590.6500244140625,
            210.5900115966797,
            621.0940551757812,
            216.0860137939453,
            "TEMPERATUUR",
            0,
            3,
            0
        ],
        [
            622.2060546875,
            210.5900115966797,
            627.9860229492188,
            216.0860137939453,
            "SG",
            0,
            3,
            1
        ],
        [
            629.0980224609375,
            210.5900115966797,
            634.654052734375,
            216.0860137939453,
            "BR",
            0,
            3,
            2
        ],
        [
            635.7660522460938,
            210.5900115966797,
            640.2140502929688,
            216.0860137939453,
            "53",
            0,
            3,
            3
        ],
        [
            641.3260498046875,
            210.5900115966797,
            650.2220458984375,
            216.0860137939453,
            "1oo2",
            0,
            3,
            4
        ]
    ],
    "1": [
        [
            590.6500244140625,
            159.07998657226562,
            625.258056640625,
            164.57598876953125,
            "10HHJ53CT001X|1",
            1,
            0,
            0
        ],
        [
            590.6500244140625,
            163.87998962402344,
            621.0940551757812,
            169.37599182128906,
            "TEMPERATUUR",
            1,
            1,
            0
        ],
        [
            622.2060546875,
            163.87998962402344,
            627.9860229492188,
            169.37599182128906,
            "SG",
            1,
            1,
            1
        ],
        [
            629.0980224609375,
            163.87998962402344,
            634.654052734375,
            169.37599182128906,
            "BR",
            1,
            1,
            2
        ],
        [
            635.7660522460938,
            163.87998962402344,
            640.2140502929688,
            169.37599182128906,
            "53",
            1,
            1,
            3
        ],
        [
            590.6500244140625,
            168.54000854492188,
            622.5900268554688,
            174.0360107421875,
            "10HHJ53CT901|1",
            1,
            2,
            0
        ],
        [
            590.6500244140625,
            173.3400115966797,
            621.0940551757812,
            178.8360137939453,
            "TEMPERATUUR",
            1,
            3,
            0
        ],
        [
            622.2060546875,
            173.3400115966797,
            627.9860229492188,
            178.8360137939453,
            "SG",
            1,
            3,
            1
        ],
        [
            629.0980224609375,
            173.3400115966797,
            634.654052734375,
            178.8360137939453,
            "BR",
            1,
            3,
            2
        ],
        [
            635.7660522460938,
            173.3400115966797,
            640.2140502929688,
            178.8360137939453,
            "53",
            1,
            3,
            3
        ],
        [
            641.3260498046875,
            173.3400115966797,
            650.2220458984375,
            178.8360137939453,
            "1oo2",
            1,
            3,
            4
        ]
    ],
    "2": [
        [
            640.3200073242188,
            146.66000366210938,
            675.156005859375,
            152.156005859375,
            "10HYY02EU001|12",
            2,
            0,
            0
        ],
        [
            640.3200073242188,
            151.4600067138672,
            651.2120361328125,
            156.9560089111328,
            "TOEP",
            2,
            1,
            0
        ],
        [
            652.3240356445312,
            151.4600067138672,
            654.5480346679688,
            156.9560089111328,
            "6",
            2,
            1,
            1
        ],
        [
            655.6600341796875,
            151.4600067138672,
            685.2239990234375,
            156.9560089111328,
            "PASSIEFERING",
            2,
            1,
            2
        ]
    ]
}