{
    "0": [
        [
            557.5399780273438,
            208.75,
            617.1119995117188,
            228.50599670410156,
            "10HHJ43CT002X|1\nTEMPERATUUR SG BR 43\n10HHJ43CT901|1\nTEMPERATUUR SG BR 43 1oo2\n",
            0,
            0
        ]
    ],
    "1": [
        [
            557.5399780273438,
            171.489990234375,
            617.1119995117188,
            191.25599670410156,
            "10HHJ43CT002X|1\nTEMPERATUUR SG BR 43\n10HHJ43CT901|1\nTEMPERATUUR SG BR 43 1oo2\n",
            1,
            0
        ]
    ],
    "2": [
        [
            615.489990234375,
            159.07998657226562,
            660.3939819335938,
            169.37599182128906,
            "10HYY02EU001|12\nTOEP 6 PASSIEFERING\n",
            2,
            0
        ]
    ]
}