{
    "0": [
        [
            557.5399780273438,
            208.75,
            592.1480102539062,
            214.24600219726562,
            "10HHJ43CT002X|1",
            0,
            0,
            0
        ],
        [
            557.5399780273438,
            213.5500030517578,
            587.9840087890625,
            219.04600524902344,
            "TEMPERATUUR",
            0,
            1,
            0
        ],
        [
            589.0960083007812,
            213.5500030517578,
            594.8759765625,
            219.04600524902344,
            "SG",
            0,
            1,
            1
        ],
        [
            595.9879760742188,
            213.5500030517578,
            601.5440063476562,
            219.04600524902344,
            "BR",
            0,
            1,
            2
        ],
        [
            602.656005859375,
            213.5500030517578,
            607.10400390625,
            219.04600524902344,
            "43",
            0,
            1,
            3
        ],
        [
            557.5399780273438,
            218.20999145507812,
            589.47998046875,
            223.70599365234375,
            "10HHJ43CT901|1",
            0,
            2,
            0
        ],
        [
            557.5399780273438,
            223.00999450683594,
            587.9840087890625,
            228.50599670410156,
            "TEMPERATUUR",
            0,
            3,
            0
        ],
        [
            589.0960083007812,
            223.00999450683594,
            594.8759765625,
            228.50599670410156,
            "SG",
            0,
            3,
            1
        ],
        [
            595.9879760742188,
            223.00999450683594,
            601.5440063476562,
            228.50599670410156,
            "BR",
            0,
            3,
            2
        ],
        [
            602.656005859375,
            223.00999450683594,
            607.10400390625,
            228.50599670410156,
            "43",
            0,
            3,
            3
        ],
        [
            608.2160034179688,
            223.00999450683594,
            617.1119995117188,
            228.50599670410156,
            "1oo2",
            0,
            3,
            4
        ]
    ],
    "1": [
        [
            557.5399780273438,
            171.489990234375,
            592.1480102539062,
            176.98599243164062,
            "10HHJ43CT002X|1",
            1,
            0,
            0
        ],
        [
            557.5399780273438,
            176.2899932861328,
            587.9840087890625,
            181.78599548339844,
            "TEMPERATUUR",
            1,
            1,
            0
        ],
        [
            589.0960083007812,
            176.2899932861328,
            594.8759765625,
            181.78599548339844,
            "SG",
            1,
            1,
            1
        ],
        [
            595.9879760742188,
            176.2899932861328,
            601.5440063476562,
            181.78599548339844,
            "BR",
            1,
            1,
            2
        ],
        [
            602.656005859375,
            176.2899932861328,
            607.10400390625,
            181.78599548339844,
            "43",
            1,
            1,
            3
        ],
        [
            557.5399780273438,
            180.95999145507812,
            589.47998046875,
            186.45599365234375,
            "10HHJ43CT901|1",
            1,
            2,
            0
        ],
        [
            557.5399780273438,
            185.75999450683594,
            587.9840087890625,
            191.25599670410156,
            "TEMPERATUUR",
            1,
            3,
            0
        ],
        [
            589.0960083007812,
            185.75999450683594,
            594.8759765625,
            191.25599670410156,
            "SG",
            1,
            3,
            1
        ],
        [
            595.9879760742188,
            185.75999450683594,
            601.5440063476562,
            191.25599670410156,
            "BR",
            1,
            3,
            2
        ],
        [
            602.656005859375,
            185.75999450683594,
            607.10400390625,
            191.25599670410156,
            "43",
            1,
            3,
            3
        ],
        [
            608.2160034179688,
            185.75999450683594,
            617.1119995117188,
            191.25599670410156,
            "1oo2",
            1,
            3,
            4
        ]
    ],
    "2": [
        [
            615.489990234375,
            159.07998657226562,
            650.3259887695312,
            164.57598876953125,
            "10HYY02EU001|12",
            2,
            0,
            0
        ],
        [
            615.489990234375,
            163.87998962402344,
            626.3820190429688,
            169.37599182128906,
            "TOEP",
            2,
            1,
            0
        ],
        [
            627.4940185546875,
            163.87998962402344,
            629.718017578125,
            169.37599182128906,
            "6",
            2,
            1,
            1
        ],
        [
            630.8300170898438,
            163.87998962402344,
            660.3939819335938,
            169.37599182128906,
            "PASSIEFERING",
            2,
            1,
            2
        ]
    ]
}