{
    "0": [
        [
            317.4700012207031,
            121.82000732421875,
            370.3739929199219,
            151.04600524902344,
            "10HHL42CF002X|1\nLUCHTDEBIET BRD 42\n10HHL42CF901|1\nLUCHTDEBIET BRD 42 1oo2\n10HHL42CF901Z|1\nLUCHTDEBIET BRD 42 1oo2\n",
            0,
            0
        ]
    ],
    "1": [
        [
            441.6400146484375,
            109.41000366210938,
            486.54400634765625,
            119.70600891113281,
            "10HYY02EU001|11\nTOEP 6 PASSIEFERING\n",
            1,
            0
        ]
    ],
    "2": [
        [
            441.6400146484375,
            159.07998657226562,
            486.760009765625,
            178.8360137939453,
            "10HHL42CF002X|1\nLUCHTDEBIET BRD 42\n[10HHL42CF002|2]\n[LUCHTDEBIET BRD 42]\n",
            2,
            0
        ]
    ],
    "3": [
        [
            317.4700012207031,
            332.91998291015625,
            370.3739929199219,
            343.2159729003906,
            "10HHL42CF901Z|1\nLUCHTDEBIET BRD 42 1oo2\n",
            3,
            0
        ]
    ]
}