{
    "0": [
        [
            565.8200073242188,
            152.8699951171875,
            610.72802734375,
            182.0959930419922,
            "10HHG53CF901X|2\nDEBIET NG BR 53  1oo2\n10HHG53AA003A|2\nARG BR 53 VSK 1\n10HHG53AA101A|2\nARG BR 53 VSK 2 RK\n",
            0,
            0
        ]
    ],
    "1": [
        [
            565.8200073242188,
            295.6700134277344,
            610.72802734375,
            324.8960266113281,
            "10HHG53CF901X|1\nDEBIET NG BR 53  1oo2\n10HHG53AA003A|2\nARG BR 53 VSK 1\n10HHG53AA101A|2\nARG BR 53 VSK 2 RK\n",
            1,
            0
        ]
    ]
}