{
    "0": [
        [
            582.3699951171875,
            177.69998168945312,
            615.93798828125,
            197.4659881591797,
            "10HHJ53CF001|2\nDEBIET SG BR 53\n10HHJ53CF002|2\nDEBIET SG BR 53\n",
            0,
            0
        ]
    ],
    "1": [
        [
            648.5999755859375,
            165.27999877929688,
            682.16796875,
            185.04600524902344,
            "10HHJ53CF001|2\nDEBIET SG BR 53\n10HHJ53CF002|2\nDEBIET SG BR 53\n",
            1,
            0
        ]
    ]
}