{
    "0": [
        [
            0.4505557138785979,
            0.2407258064516129,
            0.4873183243089199,
            0.255241935483871,
            "F_10o2_R",
            0.5883555678530311
        ]
    ],
    "1": [
        [
            0.10943288686235395,
            0.2540322580645161,
            0.16357936734112283,
            0.2737903225806452,
            "[38 y53ctoo xoovi",
            0.04576055542208752
        ]
    ],
    "2": [
        [
            0.17041892277001994,
            0.25887096774193546,
            0.23254488458250214,
            0.2701612903225806,
            "TEMPERATUUR SG BR 53",
            0.7950619384970719
        ]
    ],
    "3": [
        [
            0.7703049301795384,
            0.2564516129032258,
            0.8207466514676546,
            0.2669354838709677,
            "1OHHJS3CT901IIZQ01",
            0.43539029075051294
        ]
    ],
    "4": [
        [
            0.8281561698489598,
            0.25887096774193546,
            0.9019663721858079,
            0.2701612903225806,
            "ITEMPERATUUR SG BR 53 1002",
            0.5346672046009063
        ]
    ],
    "5": [
        [
            0.17155884867483615,
            0.26895161290322583,
            0.19236249643773154,
            0.27661290322580645,
            "0-400 \"C",
            0.348234628982766
        ]
    ],
    "6": [
        [
            0.4479908805927615,
            0.2657258064516129,
            0.4562553434026788,
            0.27419354838709675,
            "IN1",
            0.5585752639168571
        ]
    ],
    "7": [
        [
            0.481618694784839,
            0.2657258064516129,
            0.49301795383300084,
            0.27419354838709675,
            "OUT",
            0.9977308238538432
        ]
    ],
    "8": [
        [
            0.829296095753776,
            0.26814516129032256,
            0.8500997435166714,
            0.27661290322580645,
            "0-400 \"C",
            0.35281254668515216
        ]
    ],
    "9": [
        [
            0.11114277571957823,
            0.27741935483870966,
            0.16614420062695925,
            0.28911290322580646,
            "T0HHJS3CTOO2IIXQ01T",
            0.1916627243002517
        ]
    ],
    "10": [
        [
            0.1695639783414078,
            0.2810483870967742,
            0.23254488458250214,
            0.2923387096774194,
            "TEMPERATUUR SG BR 53-",
            0.6269881838359227
        ]
    ],
    "11": [
        [
            0.4479908805927615,
            0.28669354838709676,
            0.457110287831291,
            0.29516129032258065,
            "IN2",
            0.9653625467353014
        ]
    ],
    "12": [
        [
            0.47762895411798234,
            0.28669354838709676,
            0.49301795383300084,
            0.29516129032258065,
            "QBAD\"",
            0.5877397826747957
        ]
    ],
    "13": [
        [
            0.6913650612710174,
            0.27741935483870966,
            0.7418067825591337,
            0.28911290322580646,
            "NOHHJS3CT9OTIIZV20",
            0.36252926107319855
        ]
    ],
    "14": [
        [
            0.7495012824166429,
            0.27661290322580645,
            0.8136221145625534,
            0.29758064516129035,
            "Ifewpersiiieesahr",
            0.023568881909746875
        ]
    ],
    "15": [
        [
            0.8113422627529211,
            0.28225806451612906,
            0.8235964662296951,
            0.2907258064516129,
            "1002",
            0.832246720790863
        ]
    ],
    "16": [
        [
            0.17127386719863208,
            0.28951612903225804,
            0.1926474779139356,
            0.2991935483870968,
            "0-400 *C",
            0.2833485911617971
        ]
    ],
    "17": [
        [
            0.750071245369051,
            0.2887096774193548,
            0.7614705044172129,
            0.2991935483870968,
            "FLT",
            0.999252385877665
        ]
    ],
    "18": [
        [
            0.7697349672271302,
            0.2939516129032258,
            0.8099173553719008,
            0.30362903225806454,
            "1OHHJS3CF002/2",
            0.4658671631454534
        ]
    ],
    "19": [
        [
            0.11000284981476204,
            0.2979838709677419,
            0.1632943858649188,
            0.3149193548387097,
            "KXorzo53cToo1XQoT|",
            0.04974644246812558
        ]
    ],
    "20": [
        [
            0.17041892277001994,
            0.3008064516129032,
            0.23254488458250214,
            0.3125,
            "TEMPERATUUR SG BR 53 _",
            0.45857363612271995
        ]
    ],
    "21": [
        [
            0.6905101168424053,
            0.29758064516129035,
            0.7309774864633799,
            0.3092741935483871,
            "TOHHJS3CFO012",
            0.6584639785525708
        ]
    ],
    "22": [
        [
            0.7688800227985181,
            0.3008064516129032,
            0.8113422627529211,
            0.31129032258064515,
            "DEBIET SG BR 53",
            0.874729541006315
        ]
    ],
    "23": [
        [
            0.17041892277001994,
            0.3084677419354839,
            0.201196922200057,
            0.3189516129032258,
            "~CHAN 1 FLT",
            0.635184285391285
        ]
    ],
    "24": [
        [
            0.44770589911655745,
            0.307258064516129,
            0.4653747506412083,
            0.31693548387096776,
            "QBAD1",
            0.6605459428068372
        ]
    ],
    "25": [
        [
            0.48076375035622687,
            0.30766129032258066,
            0.49244799088059277,
            0.3153225806451613,
            "DIS1",
            0.8440393805503845
        ]
    ],
    "26": [
        [
            0.6899401538899972,
            0.30524193548387096,
            0.7324023938444001,
            0.31693548387096776,
            "DEBIET SG BR 53",
            0.9081462829630633
        ]
    ],
    "27": [
        [
            0.6910800797948133,
            0.3157258064516129,
            0.7306925049871759,
            0.3241935483870968,
            "1OHHJS3CFO0212",
            0.27824797260978584
        ]
    ],
    "28": [
        [
            0.11114277571957823,
            0.31975806451612904,
            0.16614420062695925,
            0.3310483870967742,
            "TOHHJS3CTOO2IIXM2O T\"",
            0.18628394269543805
        ]
    ],
    "29": [
        [
            0.17127386719863208,
            0.32056451612903225,
            0.2262752921060131,
            0.33225806451612905,
            "TEMPERATUUR SG BR",
            0.793795601584247
        ]
    ],
    "30": [
        [
            0.22542034767740096,
            0.3233870967741935,
            0.2322599031062981,
            0.33064516129032256,
            "53",
            0.9999841528217377
        ]
    ],
    "31": [
        [
            0.6899401538899972,
            0.3217741935483871,
            0.7324023938444001,
            0.33225806451612905,
            "DEBIET SG BR 53",
            0.8708493527234356
        ]
    ],
    "32": [
        [
            0.17041892277001994,
            0.3282258064516129,
            0.201196922200057,
            0.33991935483870966,
            "\"CHAN2 FLT",
            0.49733881945116076
        ]
    ],
    "33": [
        [
            0.44770589911655745,
            0.3282258064516129,
            0.4659447135936164,
            0.3379032258064516,
            "QBAD2",
            0.8332784103242744
        ]
    ],
    "34": [
        [
            0.48076375035622687,
            0.3278225806451613,
            0.49301795383300084,
            0.3362903225806452,
            "DIS2",
            0.940913200378418
        ]
    ],