{
    "0": [
        [
            582.3699951171875,
            177.69998168945312,
            614.3099975585938,
            183.19598388671875,
            "10HHJ53CF001|2",
            0,
            0,
            0
        ],
        [
            582.3699951171875,
            182.49998474121094,
            596.8179931640625,
            187.99598693847656,
            "DEBIET",
            0,
            1,
            0
        ],
        [
            597.9299926757812,
            182.49998474121094,
            603.7100219726562,
            187.99598693847656,
            "SG",
            0,
            1,
            1
        ],
        [
            604.822021484375,
            182.49998474121094,
            610.3779907226562,
            187.99598693847656,
            "BR",
            0,
            1,
            2
        ],
        [
            611.489990234375,
            182.49998474121094,
            615.93798828125,
            187.99598693847656,
            "53",
            0,
            1,
            3
        ],
        [
            582.3699951171875,
            187.16998291015625,
            614.3099975585938,
            192.66598510742188,
            "10HHJ53CF002|2",
            0,
            2,
            0
        ],
        [
            582.3699951171875,
            191.96998596191406,
            596.8179931640625,
            197.4659881591797,
            "DEBIET",
            0,
            3,
            0
        ],
        [
            597.9299926757812,
            191.96998596191406,
            603.7100219726562,
            197.4659881591797,
            "SG",
            0,
            3,
            1
        ],
        [
            604.822021484375,
            191.96998596191406,
            610.3779907226562,
            197.4659881591797,
            "BR",
            0,
            3,
            2
        ],
        [
            611.489990234375,
            191.96998596191406,
            615.93798828125,
            197.4659881591797,
            "53",
            0,
            3,
            3
        ]
    ],
    "1": [
        [
            648.5999755859375,
            165.27999877929688,
            680.5399780273438,
            170.7760009765625,
            "10HHJ53CF001|2",
            1,
            0,
            0
        ],
        [
            648.5999755859375,
            170.0800018310547,
            663.0479736328125,
            175.5760040283203,
            "DEBIET",
            1,
            1,
            0
        ],
        [
            664.1599731445312,
            170.0800018310547,
            669.9400024414062,
            175.5760040283203,
            "SG",
            1,
            1,
            1
        ],
        [
            671.052001953125,
            170.0800018310547,
            676.6079711914062,
            175.5760040283203,
            "BR",
            1,
            1,
            2
        ],
        [
            677.719970703125,
            170.0800018310547,
            682.16796875,
            175.5760040283203,
            "53",
            1,
            1,
            3
        ],
        [
            648.5999755859375,
            174.75,
            680.5399780273438,
            180.24600219726562,
            "10HHJ53CF002|2",
            1,
            2,
            0
        ],
        [
            648.5999755859375,
            179.5500030517578,
            663.0479736328125,
            185.04600524902344,
            "DEBIET",
            1,
            3,
            0
        ],
        [
            664.1599731445312,
            179.5500030517578,
            669.9400024414062,
            185.04600524902344,
            "SG",
            1,
            3,
            1
        ],
        [
            671.052001953125,
            179.5500030517578,
            676.6079711914062,
            185.04600524902344,
            "BR",
            1,
            3,
            2
        ],
        [
            677.719970703125,
            179.5500030517578,
            682.16796875,
            185.04600524902344,
            "53",
            1,
            3,
            3
        ]
    ]
}