{
    "0": [
        [
            300.9100036621094,
            109.41000366210938,
            345.8139953613281,
            119.70600891113281,
            "10HYY02EU001|1\nTOEP 6 PASSIEFERING\n",
            0,
            0
        ]
    ],
    "1": [
        [
            499.5899963378906,
            196.32998657226562,
            544.4900512695312,
            206.62599182128906,
            "10HYY02EU002|1\nTOEP 6 REINTEGRATIE\n",
            1,
            0
        ]
    ],
    "2": [
        [
            400.25,
            146.66000366210938,
            435.9700012207031,
            166.41600036621094,
            "10HHA42CR101X|1\nBR 42 VLAM\n10HHA42EZ001|3\nBR 42 VRIJ\n",
            2,
            0
        ]
    ]
}