{
    "0": [
        [
            0.24109432886862353,
            0.14677419354838708,
            0.2750071245369051,
            0.16129032258064516,
            "F_CH_DI",
            0.9639552186278921
        ]
    ],
    "1": [
        [
            0.22200056996295242,
            0.1681451612903226,
            0.23795953263037903,
            0.1786290322580645,
            "1112.05",
            0.3576557690247641
        ]
    ],
    "2": [
        [
            0.24052436591621545,
            0.16532258064516128,
            0.2750071245369051,
            0.1810483870967742,
            "'VALUE PASS",
            0.9947231024707166
        ]
    ],
    "3": [
        [
            0.3542319749216301,
            0.1629032258064516,
            0.3986890852094614,
            0.18266129032258063,
            "[PAs_OSRToT",
            0.12268387664915863
        ]
    ],
    "4": [
        [
            0.4172128811627244,
            0.16572580645161292,
            0.44742091764035335,
            0.17540322580645162,
            "BR 42 VLAM",
            0.9969534127494487
        ]
    ],
    "5": [
        [
            0.2593331433456825,
            0.17459677419354838,
            0.27158734682245655,
            0.1842741935483871,
            "OUT",
            0.9846039429059382
        ]
    ],
    "6": [
        [
            0.41635793673411226,
            0.17258064516129032,
            0.44485608435451696,
            0.18306451612903227,
            "PASS_OUT",
            0.9213668659029298
        ]
    ],
    "7": [
        [
            0.35651182673126247,
            0.18508064516129033,
            0.3969791963522371,
            0.1935483870967742,
            "TOHYYOZEUOOTT",
            0.4575238847089258
        ]
    ],
    "8": [
        [
            0.2408093473924195,
            0.19153225806451613,
            0.2527785693929895,
            0.20161290322580644,
            "'SIM",
            0.9042279720306396
        ]
    ],
    "9": [
        [
            0.262182958107723,
            0.19274193548387097,
            0.2767170133941294,
            0.20120967741935483,
            "QBAD",
            0.9999767541885376
        ]
    ],
    "10": [
        [
            0.35622684525505843,
            0.19153225806451613,
            0.41208321459105157,
            0.20161290322580644,
            "TOEP 6 PASSIEFERING",
            0.7420655390564775
        ]
    ],
    "11": [
        [
            0.2413793103448276,
            0.20887096774193548,
            0.2536335138216016,
            0.21854838709677418,
            "SIM _",
            0.6801730476619096
        ]
    ],
    "12": [
        [
            0.24166429182103163,
            0.21733870967741936,
            0.25021373610715303,
            0.2245967741935484,
            "ON",
            0.9994075510189067
        ]
    ],
    "13": [
        [
            0.26246793958392706,
            0.2125,
            0.27700199487033345,
            0.22298387096774194,
            "QSIM",
            0.41790416836738586
        ]
    ],
    "14": [
        [
            0.24166429182103163,
            0.22943548387096774,
            0.2556283841550299,
            0.23790322580645162,
            "PASS",
            0.9966927766799927
        ]
    ],
    "15": [
        [
            0.2798518096323739,
            0.22983870967741934,
            0.3268737532060416,
            0.23951612903225805,
            "DB1OOO FBQBQ55",
            0.7644800767995465
        ]
    ],
    "16": [
        [
            0.4750641208321459,
            0.2254032258064516,
            0.5277856939298946,
            0.23709677419354838,
            "NOHHAAZCRTOTIIXGOT",
            0.775644827633171
        ]
    ],
    "17": [
        [
            0.5337703049301795,
            0.22903225806451613,
            0.5645483043602166,
            0.23951612903225805,
            "BR 42 VLAM",
            0.9998478470213854
        ]
    ],
    "18": [
        [
            0.24166429182103163,
            0.23830645161290323,
            0.25021373610715303,
            0.24556451612903227,
            "ON",
            0.9997477182865775
        ]
    ],
    "19": [
        [
            0.5343402678825876,
            0.23669354838709677,
            0.5443146195497293,
            0.24717741935483872,
            "ON",
            0.998446399406773
        ]
    ],
    "20": [
        [
            0.2408093473924195,
            0.24879032258064515,
            0.2536335138216016,
            0.2592741935483871,
            "ACK_",
            0.5989330661451991
        ]
    ],
    "21": [
        [
            0.4736392134511257,
            0.24556451612903227,
            0.518381305215161,
            0.2560483870967742,
            "TOHHAA2CRTOTXMI",
            0.21182471897228186
        ]
    ],
    "22": [
        [
            0.2408093473924195,
            0.2564516129032258,
            0.2536335138216016,
            0.2669354838709677,
            "NEC",
            0.997651974232864
        ]
    ],
    "23": [
        [
            0.268452550584212,
            0.2560483870967742,
            0.2767170133941294,
            0.2633064516129032,
            "QN",
            0.999940151999668
        ]
    ],
    "24": [
        [
            0.4744941578797378,
            0.25483870967741934,
            0.5041322314049587,
            0.2633064516129032,
            "BR 42 VLAM",
            0.9997394990808723
        ]
    ],
    "25": [
        [
            0.4744941578797378,
            0.2625,
            0.5149615275007124,
            0.2709677419354839,
            "1OHHA4ZEZO01/3",
            0.5256327388364616
        ]
    ],
    "26": [
        [
            0.24166429182103163,
            0.2713709677419355,
            0.25391849529780564,
            0.27983870967741936,
            "ACK",
            0.9912114927711574
        ]
    ],
    "27": [
        [
            0.4736392134511257,
            0.2685483870967742,
            0.5018523795953264,
            0.28024193548387094,
            "BR 42 VRIJ",
            0.9979882627429298
        ]
    ],
    "28": [
        [
            0.2408093473924195,
            0.27741935483870966,
            0.2510686805357652,
            0.2879032258064516,
            "REI",
            0.9992471556644148
        ]
    ],
    "29": [
        [
            0.2618979766315189,
            0.27741935483870966,
            0.27700199487033345,
            0.2879032258064516,
            "DATA",
            0.9999501705169678
        ]
    ],
    "30": [
        [
            0.0829296095753776,
            0.2887096774193548,
            0.13793103448275862,
            0.2991935483870968,
            "TOCRJ13GSOO1IIXGO11",
            0.3228469041964601
        ]
    ],
    "31": [
        [
            0.14078084924479908,
            0.2907258064516129,
            0.18637788543744657,
            0.3024193548387097,
            "DEPASSIVATIE DK",
            0.6260800800062497
        ]
    ],
    "32": [
        [
            0.26132801367911085,
            0.2923387096774194,
            0.2767170133941294,
            0.3008064516129032,
            "QUALI",
            0.7694194141361064
        ]
    ],
    "33": [
        [
            0.36078654887432315,
            0.29274193548387095,
            0.4006839555428897,
            0.307258064516129,
            "F_BO_FBO",
            0.7245114716555991
        ]
    ],
    "34": [
        [
            0.2601880877742947,
            0.29838709677419356,
            0.2693074950128242,
            0.3088709677419355,
            "Ty",
            0.5071759044162655
        ]
    ],