{
    "0": [
        [
            673.4400024414062,
            90.77999877929688,
            718.343994140625,
            101.07600402832031,
            "10HYY02EU001|9\nTOEP 6 PASSIEFERING\n",
            0,
            0
        ]
    ],
    "1": [
        [
            673.4400024414062,
            140.44998168945312,
            709.4520263671875,
            160.2159881591797,
            "10HHG43CF001X|1\nDEBIET NG BR 43\n[10HHG43CF001|2]\n[DEBIET NG BR 43]\n",
            1,
            0
        ]
    ],
    "2": [
        [
            665.1599731445312,
            277.0400390625,
            710.0679931640625,
            287.3360290527344,
            "10HHG43CF901Z|1\nDEBIET NG BR 43  1oo2\n",
            2,
            0
        ]
    ],
    "3": [
        [
            565.8200073242188,
            103.19998168945312,
            610.72802734375,
            132.42601013183594,
            "10HHG43CF001X|1\nDEBIET NG BR 43\n10HHG43CF901|1\nDEBIET NG BR 43  1oo2\n10HHG43CF901Z|1\nDEBIET NG BR 43  1oo2\n",
            3,
            0
        ]
    ],
    "4": [
        [
            673.4400024414062,
            450.8900451660156,
            718.3480224609375,
            461.18603515625,
            "10HHG43CF901Z|1\nDEBIET NG BR 43  1oo2\n",
            4,
            0
        ]
    ]
}