{
    "0": [
        [
            673.4400024414062,
            90.77999877929688,
            706.052001953125,
            96.2760009765625,
            "10HYY02EU001|9",
            0,
            0,
            0
        ],
        [
            673.4400024414062,
            95.58000183105469,
            684.33203125,
            101.07600402832031,
            "TOEP",
            0,
            1,
            0
        ],
        [
            685.4440307617188,
            95.58000183105469,
            687.6680297851562,
            101.07600402832031,
            "6",
            0,
            1,
            1
        ],
        [
            688.780029296875,
            95.58000183105469,
            718.343994140625,
            101.07600402832031,
            "PASSIEFERING",
            0,
            1,
            2
        ]
    ],
    "1": [
        [
            673.4400024414062,
            140.44998168945312,
            709.1600341796875,
            145.94598388671875,
            "10HHG43CF001X|1",
            1,
            0,
            0
        ],
        [
            673.4400024414062,
            145.24998474121094,
            687.8880004882812,
            150.74598693847656,
            "DEBIET",
            1,
            1,
            0
        ],
        [
            689.0,
            145.24998474121094,
            695.0,
            150.74598693847656,
            "NG",
            1,
            1,
            1
        ],
        [
            696.1119995117188,
            145.24998474121094,
            701.6680297851562,
            150.74598693847656,
            "BR",
            1,
            1,
            2
        ],
        [
            702.780029296875,
            145.24998474121094,
            707.22802734375,
            150.74598693847656,
            "43",
            1,
            1,
            3
        ],
        [
            673.4400024414062,
            149.91998291015625,
            708.7160034179688,
            155.41598510742188,
            "[10HHG43CF001|2]",
            1,
            2,
            0
        ],
        [
            673.4400024414062,
            154.71998596191406,
            689.0,
            160.2159881591797,
            "[DEBIET",
            1,
            3,
            0
        ],
        [
            690.1119995117188,
            154.71998596191406,
            696.1119995117188,
            160.2159881591797,
            "NG",
            1,
            3,
            1
        ],
        [
            697.2239990234375,
            154.71998596191406,
            702.780029296875,
            160.2159881591797,
            "BR",
            1,
            3,
            2
        ],
        [
            703.8920288085938,
            154.71998596191406,
            709.4520263671875,
            160.2159881591797,
            "43]",
            1,
            3,
            3
        ]
    ],
    "2": [
        [
            665.1599731445312,
            277.0400390625,
            700.656005859375,
            282.5360412597656,
            "10HHG43CF901Z|1",
            2,
            0,
            0
        ],
        [
            665.1599731445312,
            281.84002685546875,
            679.6079711914062,
            287.3360290527344,
            "DEBIET",
            2,
            1,
            0
        ],
        [
            680.719970703125,
            281.84002685546875,
            686.719970703125,
            287.3360290527344,
            "NG",
            2,
            1,
            1
        ],
        [
            687.8319702148438,
            281.84002685546875,
            693.3880004882812,
            287.3360290527344,
            "BR",
            2,
            1,
            2
        ],
        [
            694.5,
            281.84002685546875,
            698.947998046875,
            287.3360290527344,
            "43",
            2,
            1,
            3
        ],
        [
            701.1719970703125,
            281.84002685546875,
            710.0679931640625,
            287.3360290527344,
            "1oo2",
            2,
            1,
            4
        ]
    ],
    "3": [
        [
            565.8200073242188,
            103.19998168945312,
            601.5400390625,
            108.69598388671875,
            "10HHG43CF001X|1",
            3,
            0,
            0
        ],
        [
            565.8200073242188,
            107.99998474121094,
            580.2680053710938,
            113.49598693847656,
            "DEBIET",
            3,
            1,
            0
        ],
        [
            581.3800048828125,
            107.99998474121094,
            587.3800048828125,
            113.49598693847656,
            "NG",
            3,
            1,
            1
        ],
        [
            588.4920043945312,
            107.99998474121094,
            594.0480346679688,
            113.49598693847656,
            "BR",
            3,
            1,
            2
        ],
        [
            595.1600341796875,
            107.99998474121094,
            599.6080322265625,
            113.49598693847656,
            "43",
            3,
            1,
            3
        ],
        [
            565.8200073242188,
            112.66000366210938,
            598.8720092773438,
            118.156005859375,
            "10HHG43CF901|1",
            3,
            2,
            0
        ],
        [
            565.8200073242188,
            117.46000671386719,
            580.2680053710938,
            122.95600891113281,
            "DEBIET",
            3,
            3,
            0
        ],
        [
            581.3800048828125,
            117.46000671386719,
            587.3800048828125,
            122.95600891113281,
            "NG",
            3,
            3,
            1
        ],
        [
            588.4920043945312,
            117.46000671386719,
            594.0480346679688,
            122.95600891113281,
            "BR",
            3,
            3,
            2
        ],
        [
            595.1600341796875,
            117.46000671386719,
            599.6080322265625,
            122.95600891113281,
            "43",
            3,
            3,
            3
        ],
        [
            601.83203125,
            117.46000671386719,
            610.72802734375,
            122.95600891113281,
            "1oo2",
            3,
            3,
            4
        ],
        [
            565.8200073242188,
            122.1300048828125,
            601.3160400390625,
            127.62600708007812,
            "10HHG43CF901Z|1",
            3,
            4,
            0
        ],
        [
            565.8200073242188,
            126.93000793457031,
            580.2680053710938,
            132.42601013183594,
            "DEBIET",
            3,
            5,
            0
        ],
        [
            581.3800048828125,
            126.93000793457031,
            587.3800048828125,
            132.42601013183594,
            "NG",
            3,
            5,
            1
        ],
        [
            588.4920043945312,
            126.93000793457031,
            594.0480346679688,
            132.42601013183594,
            "BR",
            3,
            5,
            2
        ],
        [
            595.1600341796875,
            126.93000793457031,
            599.6080322265625,
            132.42601013183594,
            "43",
            3,
            5,
            3
        ],
        [
            601.83203125,
            126.93000793457031,
            610.72802734375,
            132.42601013183594,
            "1oo2",
            3,
            5,
            4
        ]
    ],