{
    "0": [
        [
            300.9100036621094,
            109.41000366210938,
            333.5220031738281,
            114.906005859375,
            "10HYY02EU001|8",
            0,
            0,
            0
        ],
        [
            300.9100036621094,
            114.21000671386719,
            311.802001953125,
            119.70600891113281,
            "TOEP",
            0,
            1,
            0
        ],
        [
            312.91400146484375,
            114.21000671386719,
            315.13800048828125,
            119.70600891113281,
            "6",
            0,
            1,
            1
        ],
        [
            316.25,
            114.21000671386719,
            345.8139953613281,
            119.70600891113281,
            "PASSIEFERING",
            0,
            1,
            2
        ]
    ],
    "1": [
        [
            400.25,
            183.91000366210938,
            432.86199951171875,
            189.406005859375,
            "10HYY02EU002|8",
            1,
            0,
            0
        ],
        [
            400.25,
            188.7100067138672,
            411.1419982910156,
            194.2060089111328,
            "TOEP",
            1,
            1,
            0
        ],
        [
            412.2539978027344,
            188.7100067138672,
            414.4779968261719,
            194.2060089111328,
            "6",
            1,
            1,
            1
        ],
        [
            415.5899963378906,
            188.7100067138672,
            445.1499938964844,
            194.2060089111328,
            "REINTEGRATIE",
            1,
            1,
            2
        ]
    ],
    "2": [
        [
            400.25,
            326.71002197265625,
            434.4179992675781,
            332.2060241699219,
            "10HJA43AZ001X|1",
            2,
            0,
            0
        ],
        [
            400.25,
            331.510009765625,
            402.9179992675781,
            337.0060119628906,
            "E",
            2,
            1,
            0
        ],
        [
            404.0299987792969,
            331.510009765625,
            412.2539978027344,
            337.0060119628906,
            "OST",
            2,
            1,
            1
        ],
        [
            413.3659973144531,
            331.510009765625,
            418.9219970703125,
            337.0060119628906,
            "BR",
            2,
            1,
            2
        ],
        [
            420.03399658203125,
            331.510009765625,
            424.48199462890625,
            337.0060119628906,
            "43",
            2,
            1,
            3
        ],
        [
            400.25,
            336.17999267578125,
            433.9739990234375,
            341.6759948730469,
            "[10HJA43AZ001|1]",
            2,
            2,
            0
        ],
        [
            400.25,
            340.97998046875,
            404.0299987792969,
            346.4759826660156,
            "[E",
            2,
            3,
            0
        ],
        [
            405.1419982910156,
            340.97998046875,
            413.3659973144531,
            346.4759826660156,
            "OST",
            2,
            3,
            1
        ],
        [
            414.4779968261719,
            340.97998046875,
            420.03399658203125,
            346.4759826660156,
            "BR",
            2,
            3,
            2
        ],
        [
            421.14599609375,
            340.97998046875,
            426.70599365234375,
            346.4759826660156,
            "43]",
            2,
            3,
            3
        ]
    ]
}