{
    "0": [
        [
            0.24109432886862353,
            0.14677419354838708,
            0.2750071245369051,
            0.16129032258064516,
            "F_CH_DI",
            0.9639552186278921
        ]
    ],
    "1": [
        [
            0.2231404958677686,
            0.16975806451612904,
            0.237674551154175,
            0.1782258064516129,
            "1209.0",
            0.9893788582691397
        ]
    ],
    "2": [
        [
            0.24052436591621545,
            0.16532258064516128,
            0.2750071245369051,
            0.1810483870967742,
            "'VALUE PASS",
            0.9947231024707166
        ]
    ],
    "3": [
        [
            0.35451695639783415,
            0.16330645161290322,
            0.4006839555428897,
            0.1810483870967742,
            "[PAssc8GGoozBii",
            0.11434265764371873
        ]
    ],
    "4": [
        [
            0.371900826446281,
            0.17016129032258065,
            0.3847249928754631,
            0.17983870967741936,
            "OUT",
            0.9823941382012186
        ]
    ],
    "5": [
        [
            0.41635793673411226,
            0.16491935483870968,
            0.47477913935594185,
            0.17540322580645162,
            "OST ARG BR 43 VSK ME",
            0.8008975407137175
        ]
    ],
    "6": [
        [
            0.2593331433456825,
            0.17459677419354838,
            0.27158734682245655,
            0.1842741935483871,
            "OUT",
            0.9846039429059382
        ]
    ],
    "7": [
        [
            0.41635793673411226,
            0.17258064516129032,
            0.44485608435451696,
            0.18306451612903227,
            "PASS_OUT",
            0.9283653932986722
        ]
    ],
    "8": [
        [
            0.35651182673126247,
            0.18508064516129033,
            0.3969791963522371,
            0.1935483870967742,
            "TOHYYOZEUO01",
            0.5318765737923813
        ]
    ],
    "9": [
        [
            0.2408093473924195,
            0.19153225806451613,
            0.2527785693929895,
            0.20161290322580644,
            "'SIM",
            0.9042279720306396
        ]
    ],
    "10": [
        [
            0.262182958107723,
            0.19274193548387097,
            0.2767170133941294,
            0.20120967741935483,
            "QBAD",
            0.9999767541885376
        ]
    ],
    "11": [
        [
            0.35651182673126247,
            0.19274193548387097,
            0.41179823311484753,
            0.20120967741935483,
            "TOEP 6 PASSIEFERING",
            0.9713119595850943
        ]
    ],
    "12": [
        [
            0.2413793103448276,
            0.20887096774193548,
            0.2536335138216016,
            0.21854838709677418,
            "SIM _",
            0.6801730476619096
        ]
    ],
    "13": [
        [
            0.24166429182103163,
            0.21733870967741936,
            0.25021373610715303,
            0.2245967741935484,
            "ON",
            0.9994075510189067
        ]
    ],
    "14": [
        [
            0.26246793958392706,
            0.2125,
            0.27700199487033345,
            0.22298387096774194,
            "QSIM",
            0.41790416836738586
        ]
    ],
    "15": [
        [
            0.24166429182103163,
            0.22943548387096774,
            0.2556283841550299,
            0.23790322580645162,
            "PASS",
            0.9966927766799927
        ]
    ],
    "16": [
        [
            0.2798518096323739,
            0.22983870967741934,
            0.31917925334853237,
            0.23951612903225805,
            "DB1OOO FBQ_BQ",
            0.5640757539649434
        ]
    ],
    "17": [
        [
            0.32231404958677684,
            0.23024193548387098,
            0.329153605015674,
            0.23790322580645162,
            "00",
            0.9066544103501332
        ]
    ],
    "18": [
        [
            0.4750641208321459,
            0.2254032258064516,
            0.530920490168139,
            0.23588709677419356,
            "NOHJGA43CGOO2BIIXGO2",
            0.5248766777948016
        ]
    ],
    "19": [
        [
            0.5343402678825876,
            0.22903225806451613,
            0.5919065260758051,
            0.23951612903225805,
            "OST ARG BR 43 VSK ME",
            0.9680438786504547
        ]
    ],
    "20": [
        [
            0.24166429182103163,
            0.23830645161290323,
            0.25021373610715303,
            0.24556451612903227,
            "ON",
            0.9997477182865775
        ]
    ],
    "21": [
        [
            0.5337703049301795,
            0.23669354838709677,
            0.5497292675976062,
            0.24717741935483872,
            "CLSD",
            0.9999646544456482
        ]
    ],
    "22": [
        [
            0.2408093473924195,
            0.24879032258064515,
            0.2536335138216016,
            0.2592741935483871,
            "ACK_",
            0.5989330661451991
        ]
    ],
    "23": [
        [
            0.4736392134511257,
            0.24556451612903227,
            0.5152465089769165,
            0.2560483870967742,
            "TOHHAOOEZO01/6",
            0.46451494332479454
        ]
    ],
    "24": [
        [
            0.2408093473924195,
            0.2564516129032258,
            0.2536335138216016,
            0.2669354838709677,
            "NEC",
            0.997651974232864
        ]
    ],
    "25": [
        [
            0.268452550584212,
            0.2560483870967742,
            0.2767170133941294,
            0.2633064516129032,
            "QN",
            0.999940151999668
        ]
    ],
    "26": [
        [
            0.4744941578797378,
            0.2560483870967742,
            0.5024223425477344,
            0.2633064516129032,
            "ALT BR VIG",
            0.7465484106337468
        ]
    ],
    "27": [
        [
            0.4744941578797378,
            0.2625,
            0.518096323738957,
            0.2709677419354839,
            "1OHJG43CGOO2XI1",
            0.6517743676471801
        ]
    ],
    "28": [
        [
            0.24166429182103163,
            0.2713709677419355,
            0.25391849529780564,
            0.27983870967741936,
            "ACK",
            0.9912114927711574
        ]
    ],
    "29": [
        [
            0.4744941578797378,
            0.2713709677419355,
            0.51268167569108,
            0.27983870967741936,
            "OST ARG BR 43",
            0.6645712712158623
        ]
    ],
    "30": [
        [
            0.5109717868338558,
            0.2685483870967742,
            0.5237959532630379,
            0.28024193548387094,
            "VSK",
            0.8370804190635681
        ]
    ],
    "31": [
        [
            0.2408093473924195,
            0.27741935483870966,
            0.2510686805357652,
            0.2879032258064516,
            "REI",
            0.9992471556644148
        ]
    ],
    "32": [
        [
            0.2618979766315189,
            0.27741935483870966,
            0.27700199487033345,
            0.2879032258064516,
            "DATA",
            0.9999501705169678
        ]
    ],
    "33": [
        [
            0.4744941578797378,
            0.27903225806451615,
            0.5166714163579368,
            0.2875,
            "ICONVERTER_215",
            0.9915547191774644
        ]
    ],
    "34": [
        [
            0.0829296095753776,
            0.2887096774193548,
            0.13793103448275862,
            0.2991935483870968,
            "TOCRJ13GSOO1IIXGO11",
            0.3228469041964601
        ]
    ],