{
    "0": [
        [
            615.489990234375,
            183.91000366210938,
            660.3900146484375,
            194.2060089111328,
            "10HYY02EU002|7\nTOEP 6 REINTEGRATIE\n",
            0,
            0
        ]
    ],
    "1": [
        [
            615.489990234375,
            109.41000366210938,
            660.3939819335938,
            119.70600891113281,
            "10HYY02EU001|7\nTOEP 6 PASSIEFERING\n",
            1,
            0
        ]
    ]
}