{
    "0": [
        [
            615.489990234375,
            183.91000366210938,
            648.1019897460938,
            189.406005859375,
            "10HYY02EU002|7",
            0,
            0,
            0
        ],
        [
            615.489990234375,
            188.7100067138672,
            626.3820190429688,
            194.2060089111328,
            "TOEP",
            0,
            1,
            0
        ],
        [
            627.4940185546875,
            188.7100067138672,
            629.718017578125,
            194.2060089111328,
            "6",
            0,
            1,
            1
        ],
        [
            630.8300170898438,
            188.7100067138672,
            660.3900146484375,
            194.2060089111328,
            "REINTEGRATIE",
            0,
            1,
            2
        ]
    ],
    "1": [
        [
            615.489990234375,
            109.41000366210938,
            648.1019897460938,
            114.906005859375,
            "10HYY02EU001|7",
            1,
            0,
            0
        ],
        [
            615.489990234375,
            114.21000671386719,
            626.3820190429688,
            119.70600891113281,
            "TOEP",
            1,
            1,
            0
        ],
        [
            627.4940185546875,
            114.21000671386719,
            629.718017578125,
            119.70600891113281,
            "6",
            1,
            1,
            1
        ],
        [
            630.8300170898438,
            114.21000671386719,
            660.3939819335938,
            119.70600891113281,
            "PASSIEFERING",
            1,
            1,
            2
        ]
    ]
}