{
    "0": [
        [
            499.5899963378906,
            227.3699951171875,
            593.1539916992188,
            237.66600036621094,
            "10HHA42FU904X|1\nLUCHT BRANDSTOF VERHOUDING BRANDER 42\n",
            0,
            0
        ]
    ],
    "1": [
        [
            499.5899963378906,
            146.66000366210938,
            531.97802734375,
            156.9560089111328,
            "10HHA42EZ001|8\nBR 42 VRIJ\n",
            1,
            0
        ]
    ],
    "2": [
        [
            400.25,
            96.989990234375,
            493.8139953613281,
            107.28599548339844,
            "10HHA42FU904X|1\nLUCHT BRANDSTOF VERHOUDING BRANDER 42\n",
            2,
            0
        ]
    ]
}