{
    "0": [
        [
            499.5899963378906,
            190.1199951171875,
            534.8660278320312,
            195.61599731445312,
            "10HHA53FU902X|1",
            0,
            0,
            0
        ],
        [
            499.5899963378906,
            194.9199981689453,
            506.9219970703125,
            200.41600036621094,
            "MIN",
            0,
            1,
            0
        ],
        [
            508.03399658203125,
            194.9199981689453,
            513.14599609375,
            200.41600036621094,
            "LU",
            0,
            1,
            1
        ],
        [
            514.2579956054688,
            194.9199981689453,
            520.0380249023438,
            200.41600036621094,
            "SG",
            0,
            1,
            2
        ],
        [
            521.1500244140625,
            194.9199981689453,
            548.2620239257812,
            200.41600036621094,
            "VERHOUDING",
            0,
            1,
            3
        ],
        [
            549.3740234375,
            194.9199981689453,
            554.9299926757812,
            200.41600036621094,
            "BR",
            0,
            1,
            4
        ]
    ],
    "1": [
        [
            499.5899963378906,
            109.41000366210938,
            531.97802734375,
            114.906005859375,
            "10HHA53EZ001|8",
            1,
            0,
            0
        ],
        [
            499.5899963378906,
            114.21000671386719,
            505.14599609375,
            119.70600891113281,
            "BR",
            1,
            1,
            0
        ],
        [
            506.25799560546875,
            114.21000671386719,
            510.70599365234375,
            119.70600891113281,
            "53",
            1,
            1,
            1
        ],
        [
            511.8179931640625,
            114.21000671386719,
            520.4860229492188,
            119.70600891113281,
            "VRIJ",
            1,
            1,
            2
        ]
    ],
    "2": [
        [
            300.9100036621094,
            258.4200134277344,
            333.51800537109375,
            263.916015625,
            "10HHA53FU904|1",
            2,
            0,
            0
        ],
        [
            300.9100036621094,
            263.2200012207031,
            308.24200439453125,
            268.71600341796875,
            "MIN",
            2,
            1,
            0
        ],
        [
            309.35400390625,
            263.2200012207031,
            314.46600341796875,
            268.71600341796875,
            "LU",
            2,
            1,
            1
        ],
        [
            315.5780029296875,
            263.2200012207031,
            340.2460021972656,
            268.71600341796875,
            "BRANDSTOF",
            2,
            1,
            2
        ],
        [
            341.3580017089844,
            263.2200012207031,
            368.4700012207031,
            268.71600341796875,
            "VERHOUDING",
            2,
            1,
            3
        ],
        [
            369.5820007324219,
            263.2200012207031,
            375.13800048828125,
            268.71600341796875,
            "BR",
            2,
            1,
            4
        ]
    ]
}