{
    "0": [
        [
            673.4400024414062,
            171.489990234375,
            705.8280029296875,
            181.78599548339844,
            "10HHA43EZ001|6\nBR 43 VRIJ\n",
            0,
            0
        ]
    ],
    "1": [
        [
            665.1599731445312,
            84.57000732421875,
            712.2919921875,
            104.33601379394531,
            "10HHA43EZ001|6\nBR 43 VRIJ\n[10HHG43CF901|1]\n[DEBIET NG BR 43  1oo2]\n",
            1,
            0
        ]
    ],
    "2": [
        [
            673.4400024414062,
            432.2600402832031,
            718.3480224609375,
            442.5560302734375,
            "10HHG43CF901X|1\nDEBIET NG BR 43  1oo2\n",
            2,
            0
        ]
    ],
    "3": [
        [
            673.4400024414062,
            345.34002685546875,
            718.3480224609375,
            355.6360168457031,
            "10HHG43CF901X|2\nDEBIET NG BR 43  1oo2\n",
            3,
            0
        ]
    ]
}