{
    "0": [
        [
            673.4400024414062,
            171.489990234375,
            705.8280029296875,
            176.98599243164062,
            "10HHA43EZ001|6",
            0,
            0,
            0
        ],
        [
            673.4400024414062,
            176.2899932861328,
            678.9960327148438,
            181.78599548339844,
            "BR",
            0,
            1,
            0
        ],
        [
            680.1080322265625,
            176.2899932861328,
            684.5560302734375,
            181.78599548339844,
            "43",
            0,
            1,
            1
        ],
        [
            685.6680297851562,
            176.2899932861328,
            694.3359985351562,
            181.78599548339844,
            "VRIJ",
            0,
            1,
            2
        ]
    ],
    "1": [
        [
            665.1599731445312,
            84.57000732421875,
            697.5479736328125,
            90.06600952148438,
            "10HHA43EZ001|6",
            1,
            0,
            0
        ],
        [
            665.1599731445312,
            89.37001037597656,
            670.7160034179688,
            94.86601257324219,
            "BR",
            1,
            1,
            0
        ],
        [
            671.8280029296875,
            89.37001037597656,
            676.2760009765625,
            94.86601257324219,
            "43",
            1,
            1,
            1
        ],
        [
            677.3880004882812,
            89.37001037597656,
            686.0559692382812,
            94.86601257324219,
            "VRIJ",
            1,
            1,
            2
        ],
        [
            665.1599731445312,
            94.04000854492188,
            700.4359741210938,
            99.5360107421875,
            "[10HHG43CF901|1]",
            1,
            2,
            0
        ],
        [
            665.1599731445312,
            98.84001159667969,
            680.719970703125,
            104.33601379394531,
            "[DEBIET",
            1,
            3,
            0
        ],
        [
            681.8319702148438,
            98.84001159667969,
            687.8319702148438,
            104.33601379394531,
            "NG",
            1,
            3,
            1
        ],
        [
            688.9439697265625,
            98.84001159667969,
            694.5,
            104.33601379394531,
            "BR",
            1,
            3,
            2
        ],
        [
            695.6119995117188,
            98.84001159667969,
            700.0599975585938,
            104.33601379394531,
            "43",
            1,
            3,
            3
        ],
        [
            702.2839965820312,
            98.84001159667969,
            712.2919921875,
            104.33601379394531,
            "1oo2]",
            1,
            3,
            4
        ]
    ],
    "2": [
        [
            673.4400024414062,
            432.2600402832031,
            709.1600341796875,
            437.75604248046875,
            "10HHG43CF901X|1",
            2,
            0,
            0
        ],
        [
            673.4400024414062,
            437.0600280761719,
            687.8880004882812,
            442.5560302734375,
            "DEBIET",
            2,
            1,
            0
        ],
        [
            689.0,
            437.0600280761719,
            695.0,
            442.5560302734375,
            "NG",
            2,
            1,
            1
        ],
        [
            696.1119995117188,
            437.0600280761719,
            701.6680297851562,
            442.5560302734375,
            "BR",
            2,
            1,
            2
        ],
        [
            702.780029296875,
            437.0600280761719,
            707.22802734375,
            442.5560302734375,
            "43",
            2,
            1,
            3
        ],
        [
            709.4520263671875,
            437.0600280761719,
            718.3480224609375,
            442.5560302734375,
            "1oo2",
            2,
            1,
            4
        ]
    ],
    "3": [
        [
            673.4400024414062,
            345.34002685546875,
            709.1600341796875,
            350.8360290527344,
            "10HHG43CF901X|2",
            3,
            0,
            0
        ],
        [
            673.4400024414062,
            350.1400146484375,
            687.8880004882812,
            355.6360168457031,
            "DEBIET",
            3,
            1,
            0
        ],
        [
            689.0,
            350.1400146484375,
            695.0,
            355.6360168457031,
            "NG",
            3,
            1,
            1
        ],
        [
            696.1119995117188,
            350.1400146484375,
            701.6680297851562,
            355.6360168457031,
            "BR",
            3,
            1,
            2
        ],
        [
            702.780029296875,
            350.1400146484375,
            707.22802734375,
            355.6360168457031,
            "43",
            3,
            1,
            3
        ],
        [
            709.4520263671875,
            350.1400146484375,
            718.3480224609375,
            355.6360168457031,
            "1oo2",
            3,
            1,
            4
        ]
    ]
}