{
    "0": [
        [
            598.9299926757812,
            190.1199951171875,
            657.1580200195312,
            200.41600036621094,
            "10HHA53FU903X|1\nMIN LU ARG VERHOUDING BR\n",
            0,
            0
        ]
    ],
    "1": [
        [
            598.9299926757812,
            109.41000366210938,
            631.3179931640625,
            119.70600891113281,
            "10HHA53EZ001|8\nBR 53 VRIJ\n",
            1,
            0
        ]
    ],
    "2": [
        [
            400.25,
            258.4200134277344,
            474.4779968261719,
            268.71600341796875,
            "10HHA53FU904|1\nMIN LU BRANDSTOF VERHOUDING BR\n",
            2,
            0
        ]
    ]
}