{
    "0": [
        [
            598.9299926757812,
            190.1199951171875,
            634.2059936523438,
            195.61599731445312,
            "10HHA53FU903X|1",
            0,
            0,
            0
        ],
        [
            598.9299926757812,
            194.9199981689453,
            606.2620239257812,
            200.41600036621094,
            "MIN",
            0,
            1,
            0
        ],
        [
            607.3740234375,
            194.9199981689453,
            612.4860229492188,
            200.41600036621094,
            "LU",
            0,
            1,
            1
        ],
        [
            613.5980224609375,
            194.9199981689453,
            622.2659912109375,
            200.41600036621094,
            "ARG",
            0,
            1,
            2
        ],
        [
            623.3779907226562,
            194.9199981689453,
            650.489990234375,
            200.41600036621094,
            "VERHOUDING",
            0,
            1,
            3
        ],
        [
            651.6019897460938,
            194.9199981689453,
            657.1580200195312,
            200.41600036621094,
            "BR",
            0,
            1,
            4
        ]
    ],
    "1": [
        [
            598.9299926757812,
            109.41000366210938,
            631.3179931640625,
            114.906005859375,
            "10HHA53EZ001|8",
            1,
            0,
            0
        ],
        [
            598.9299926757812,
            114.21000671386719,
            604.4860229492188,
            119.70600891113281,
            "BR",
            1,
            1,
            0
        ],
        [
            605.5980224609375,
            114.21000671386719,
            610.0460205078125,
            119.70600891113281,
            "53",
            1,
            1,
            1
        ],
        [
            611.1580200195312,
            114.21000671386719,
            619.8259887695312,
            119.70600891113281,
            "VRIJ",
            1,
            1,
            2
        ]
    ],
    "2": [
        [
            400.25,
            258.4200134277344,
            432.8580017089844,
            263.916015625,
            "10HHA53FU904|1",
            2,
            0,
            0
        ],
        [
            400.25,
            263.2200012207031,
            407.5820007324219,
            268.71600341796875,
            "MIN",
            2,
            1,
            0
        ],
        [
            408.6940002441406,
            263.2200012207031,
            413.8059997558594,
            268.71600341796875,
            "LU",
            2,
            1,
            1
        ],
        [
            414.9179992675781,
            263.2200012207031,
            439.58599853515625,
            268.71600341796875,
            "BRANDSTOF",
            2,
            1,
            2
        ],
        [
            440.697998046875,
            263.2200012207031,
            467.80999755859375,
            268.71600341796875,
            "VERHOUDING",
            2,
            1,
            3
        ],
        [
            468.9219970703125,
            263.2200012207031,
            474.4779968261719,
            268.71600341796875,
            "BR",
            2,
            1,
            4
        ]
    ]
}