{
    "0": [
        [
            499.5899963378906,
            326.71002197265625,
            543.166015625,
            337.0060119628906,
            "10HHJ42CF901Z|1\nDEBIET SG BR 42 1oo2\n",
            0,
            0
        ]
    ],
    "1": [
        [
            590.6500244140625,
            109.41000366210938,
            635.5540161132812,
            119.70600891113281,
            "10HYY02EU001|10\nTOEP 6 PASSIEFERING\n",
            1,
            0
        ]
    ],
    "2": [
        [
            491.30999755859375,
            121.82000732421875,
            534.885986328125,
            151.04600524902344,
            "10HHJ42CF001X|1\nDEBIET SG BR 42\n10HHJ42CF901|1\nDEBIET SG BR 42\n10HHJ42CF901Z|1\nDEBIET SG BR 42 1oo2\n",
            2,
            0
        ]
    ],
    "3": [
        [
            499.5899963378906,
            413.6400451660156,
            543.166015625,
            423.93603515625,
            "10HHJ42CF901Z|1\nDEBIET SG BR 42 1oo2\n",
            3,
            0
        ]
    ]
}