{
    "0": [
        [
            499.5899963378906,
            326.71002197265625,
            533.9739990234375,
            332.2060241699219,
            "10HHJ42CF901Z|1",
            0,
            0,
            0
        ],
        [
            499.5899963378906,
            331.510009765625,
            514.0379638671875,
            337.0060119628906,
            "DEBIET",
            0,
            1,
            0
        ],
        [
            515.1500244140625,
            331.510009765625,
            520.9299926757812,
            337.0060119628906,
            "SG",
            0,
            1,
            1
        ],
        [
            522.0419921875,
            331.510009765625,
            527.5980224609375,
            337.0060119628906,
            "BR",
            0,
            1,
            2
        ],
        [
            528.7100219726562,
            331.510009765625,
            533.1580200195312,
            337.0060119628906,
            "42",
            0,
            1,
            3
        ],
        [
            534.27001953125,
            331.510009765625,
            543.166015625,
            337.0060119628906,
            "1oo2",
            0,
            1,
            4
        ]
    ],
    "1": [
        [
            590.6500244140625,
            109.41000366210938,
            625.4860229492188,
            114.906005859375,
            "10HYY02EU001|10",
            1,
            0,
            0
        ],
        [
            590.6500244140625,
            114.21000671386719,
            601.5420532226562,
            119.70600891113281,
            "TOEP",
            1,
            1,
            0
        ],
        [
            602.654052734375,
            114.21000671386719,
            604.8780517578125,
            119.70600891113281,
            "6",
            1,
            1,
            1
        ],
        [
            605.9900512695312,
            114.21000671386719,
            635.5540161132812,
            119.70600891113281,
            "PASSIEFERING",
            1,
            1,
            2
        ]
    ],
    "2": [
        [
            491.30999755859375,
            121.82000732421875,
            525.9180297851562,
            127.31600952148438,
            "10HHJ42CF001X|1",
            2,
            0,
            0
        ],
        [
            491.30999755859375,
            126.62001037597656,
            505.75799560546875,
            132.1160125732422,
            "DEBIET",
            2,
            1,
            0
        ],
        [
            506.8699951171875,
            126.62001037597656,
            512.6500244140625,
            132.1160125732422,
            "SG",
            2,
            1,
            1
        ],
        [
            513.7620239257812,
            126.62001037597656,
            519.3179931640625,
            132.1160125732422,
            "BR",
            2,
            1,
            2
        ],
        [
            520.4299926757812,
            126.62001037597656,
            524.8779907226562,
            132.1160125732422,
            "42",
            2,
            1,
            3
        ],
        [
            491.30999755859375,
            131.29000854492188,
            523.25,
            136.7860107421875,
            "10HHJ42CF901|1",
            2,
            2,
            0
        ],
        [
            491.30999755859375,
            136.0900115966797,
            505.75799560546875,
            141.5860137939453,
            "DEBIET",
            2,
            3,
            0
        ],
        [
            506.8699951171875,
            136.0900115966797,
            512.6500244140625,
            141.5860137939453,
            "SG",
            2,
            3,
            1
        ],
        [
            513.7620239257812,
            136.0900115966797,
            519.3179931640625,
            141.5860137939453,
            "BR",
            2,
            3,
            2
        ],
        [
            520.4299926757812,
            136.0900115966797,
            524.8779907226562,
            141.5860137939453,
            "42",
            2,
            3,
            3
        ],
        [
            491.30999755859375,
            140.75,
            525.6939697265625,
            146.24600219726562,
            "10HHJ42CF901Z|1",
            2,
            4,
            0
        ],
        [
            491.30999755859375,
            145.5500030517578,
            505.75799560546875,
            151.04600524902344,
            "DEBIET",
            2,
            5,
            0
        ],
        [
            506.8699951171875,
            145.5500030517578,
            512.6500244140625,
            151.04600524902344,
            "SG",
            2,
            5,
            1
        ],
        [
            513.7620239257812,
            145.5500030517578,
            519.3179931640625,
            151.04600524902344,
            "BR",
            2,
            5,
            2
        ],
        [
            520.4299926757812,
            145.5500030517578,
            524.8779907226562,
            151.04600524902344,
            "42",
            2,
            5,
            3
        ],
        [
            525.989990234375,
            145.5500030517578,
            534.885986328125,
            151.04600524902344,
            "1oo2",
            2,
            5,
            4
        ]
    ],
    "3": [
        [
            499.5899963378906,
            413.6400451660156,
            533.9739990234375,
            419.13604736328125,
            "10HHJ42CF901Z|1",
            3,
            0,
            0
        ],
        [
            499.5899963378906,
            418.4400329589844,
            514.0379638671875,
            423.93603515625,
            "DEBIET",
            3,
            1,
            0
        ],
        [
            515.1500244140625,
            418.4400329589844,
            520.9299926757812,
            423.93603515625,
            "SG",
            3,
            1,
            1
        ],
        [
            522.0419921875,
            418.4400329589844,
            527.5980224609375,
            423.93603515625,
            "BR",
            3,
            1,
            2
        ],
        [
            528.7100219726562,
            418.4400329589844,
            533.1580200195312,
            423.93603515625,
            "42",
            3,
            1,
            3
        ],
        [
            534.27001953125,
            418.4400329589844,
            543.166015625,
            423.93603515625,
            "1oo2",
            3,
            1,
            4
        ]
    ]
}