{
    "0": [
        [
            267.7900085449219,
            146.66000366210938,
            304.1780090332031,
            156.9560089111328,
            "10HHW42AA002A|1\nSG BR 42 N2 I-K 1\n",
            0,
            0
        ]
    ],
    "1": [
        [
            267.7900085449219,
            121.82000732421875,
            303.5140075683594,
            132.1160125732422,
            "10HHG42AA503A|1\nARG BR 42 ONTKL\n",
            1,
            0
        ]
    ],
    "2": [
        [
            342.29998779296875,
            134.239990234375,
            376.9119873046875,
            144.53599548339844,
            "10HHJ42AA504A|1\nSG BR 42 ONTKL\n",
            2,
            0
        ]
    ],
    "3": [
        [
            342.29998779296875,
            159.07998657226562,
            378.68798828125,
            169.37599182128906,
            "10HHW42AA003A|1\nSG BR 42 N2 I-K 2\n",
            3,
            0
        ]
    ]
}