{
    "0": [
        [
            0.21544599601025932,
            0.14556451612903226,
            0.2616129951553149,
            0.16008064516129034,
            "FUMZIODCM",
            0.7006634216920428
        ]
    ],
    "1": [
        [
            0.7637503562268453,
            0.14556451612903226,
            0.804502707324024,
            0.16008064516129034,
            "FUM28OAO",
            0.6091254586436082
        ]
    ],
    "2": [
        [
            0.26959247648902823,
            0.16572580645161292,
            0.28868623539469934,
            0.17540322580645162,
            "AKTIEF",
            0.9992309951123378
        ]
    ],
    "3": [
        [
            0.7620404673696209,
            0.16733870967741934,
            0.7688800227985181,
            0.17580645161290323,
            "ID_",
            0.9977895143842063
        ]
    ],
    "4": [
        [
            0.8102023368481048,
            0.16572580645161292,
            0.8284411513251638,
            0.17540322580645162,
            "AKTIEF",
            0.9993718594993477
        ]
    ],
    "5": [
        [
            0.21202621829581078,
            0.1717741935483871,
            0.21801082929609575,
            0.18024193548387096,
            "ID",
            0.999471687991614
        ]
    ],
    "6": [
        [
            0.22000569962952407,
            0.1717741935483871,
            0.23681960672556285,
            0.18024193548387096,
            "RACKO",
            0.9995182056191627
        ]
    ],
    "7": [
        [
            0.24964377315474495,
            0.1717741935483871,
            0.268167569108008,
            0.18024193548387096,
            "ALARMS",
            0.25121852120835175
        ]
    ],
    "8": [
        [
            0.26987745796523227,
            0.17419354838709677,
            0.28127671701339413,
            0.18266129032258063,
            "*I8C",
            0.48626789450645447
        ]
    ],
    "9": [
        [
            0.7617554858934169,
            0.17379032258064517,
            0.7799943003704759,
            0.1842741935483871,
            "RACKO",
            0.9994305019117284
        ]
    ],
    "10": [
        [
            0.7902536335138216,
            0.1717741935483871,
            0.8079224850384725,
            0.18024193548387096,
            "ALARM ",
            0.8397047258969739
        ]
    ],
    "11": [
        [
            0.8104873183243089,
            0.17419354838709677,
            0.8218865773724708,
            0.18266129032258063,
            "*I8c",
            0.36813855171203613
        ]
    ],
    "12": [
        [
            0.21202621829581078,
            0.19274193548387097,
            0.23681960672556285,
            0.20120967741935483,
            "ID_RACKI",
            0.6207017883765241
        ]
    ],
    "13": [
        [
            0.2507836990595611,
            0.19153225806451613,
            0.26674266172698774,
            0.20161290322580644,
            "DCM1",
            0.4976101517677307
        ]
    ],
    "14": [
        [
            0.3163294385864919,
            0.18306451612903227,
            0.3616414933029353,
            0.2,
            "[X8J5G-WAASO3A1I",
            0.018211676375587845
        ]
    ],
    "15": [
        [
            0.7628954117982332,
            0.18830645161290321,
            0.7688800227985181,
            0.19596774193548386,
            "ID",
            0.999499837845175
        ]
    ],
    "16": [
        [
            0.762610430322029,
            0.19556451612903225,
            0.7799943003704759,
            0.20524193548387096,
            "RACK1",
            0.5410480538773071
        ]
    ],
    "17": [
        [
            0.3166144200626959,
            0.20362903225806453,
            0.3613565118267313,
            0.21491935483870966,
            "TOHHG42AA5O3AT1",
            0.4731136318846463
        ]
    ],
    "18": [
        [
            0.40524365916215443,
            0.2032258064516129,
            0.4499857509261898,
            0.22096774193548388,
            "[K895_APAASo4AI",
            0.07483778214005629
        ]
    ],
    "19": [
        [
            0.762610430322029,
            0.20887096774193548,
            0.7794243374180678,
            0.21854838709677418,
            "SLAVE",
            0.9999625748828097
        ]
    ],
    "20": [
        [
            0.21174123681960672,
            0.2125,
            0.23624964377315474,
            0.22298387096774194,
            "SLAVENO",
            0.9980369704353845
        ]
    ],
    "21": [
        [
            0.2516386434881733,
            0.21330645161290324,
            0.268452550584212,
            0.22298387096774194,
            "DCM2S",
            0.3005330671211093
        ]
    ],
    "22": [
        [
            0.3166144200626959,
            0.2125,
            0.3605015673981191,
            0.22298387096774194,
            "ARG BR 42 ONTKL",
            0.9906058727738192
        ]
    ],
    "23": [
        [
            0.7617554858934169,
            0.21451612903225806,
            0.7714448560843545,
            0.225,
            "NO",
            0.6261925031528359
        ]
    ],
    "24": [
        [
            0.08178968367056141,
            0.225,
            0.09290396124251923,
            0.24193548387096775,
            "Fo91",
            0.21881745755672455
        ]
    ],
    "25": [
        [
            0.21202621829581078,
            0.2346774193548387,
            0.2268452550584212,
            0.24233870967741936,
            "IM616",
            0.6245720868556071
        ]
    ],
    "26": [
        [
            0.2516386434881733,
            0.23346774193548386,
            0.26674266172698774,
            0.2439516129032258,
            "DCM3",
            0.9993303418159485
        ]
    ],
    "27": [
        [
            0.31689940153889995,
            0.225,
            0.36249643773154744,
            0.24193548387096775,
            "K89EWAAOOZAII",
            0.2761444862993629
        ]
    ],
    "28": [
        [
            0.4041037332573383,
            0.2245967741935484,
            0.4494157879737817,
            0.24475806451612903,
            "SGBR 42 ONTKL\"",
            0.5511443146979396
        ]
    ],
    "29": [
        [
            0.6326588771729837,
            0.22620967741935483,
            0.6443431176973496,
            0.24193548387096775,
            "9871",
            0.2201215133340251
        ]
    ],
    "30": [
        [
            0.7617554858934169,
            0.2342741935483871,
            0.7777144485608436,
            0.2439516129032258,
            "Im616",
            0.8025883553562042
        ]
    ],
    "31": [
        [
            0.3166144200626959,
            0.24556451612903227,
            0.3622114562553434,
            0.2560483870967742,
            "TOHHW4ZAAOOZAT1",
            0.2870084775003113
        ]
    ],
    "32": [
        [
            0.40524365916215443,
            0.24516129032258063,
            0.45141065830721006,
            0.2629032258064516,
            "FKB9EYiZAAOO3A1I",
            0.02279401863788787
        ]
    ],
    "33": [
        [
            0.5047021943573667,
            0.24556451612903227,
            0.5605585636933599,
            0.25725806451612904,
            "NOHHLAZAA102I1XQ9411",
            0.33218929730782226
        ]
    ],
    "34": [
        [
            0.5645483043602166,
            0.25040322580645163,
            0.6212596181248219,
            0.25887096774193546,
            "CORE-AIR KLEP BRD 42",
            0.7753300527445783
        ]
    ],
    "35": [
        [
            0.2519236249643773,
            0.25483870967741934,
            0.2664576802507837,
            0.2633064516129032,
            "DCM4",
            0.9384150505065918
        ]
    ],