{
    "0": [
        [
            267.7900085449219,
            146.66000366210938,
            304.1780090332031,
            152.156005859375,
            "10HHW42AA002A|1",
            0,
            0,
            0
        ],
        [
            267.7900085449219,
            151.4600067138672,
            273.57000732421875,
            156.9560089111328,
            "SG",
            0,
            1,
            0
        ],
        [
            274.6820068359375,
            151.4600067138672,
            280.2380065917969,
            156.9560089111328,
            "BR",
            0,
            1,
            1
        ],
        [
            281.3500061035156,
            151.4600067138672,
            285.7980041503906,
            156.9560089111328,
            "42",
            0,
            1,
            2
        ],
        [
            286.9100036621094,
            151.4600067138672,
            292.0220031738281,
            156.9560089111328,
            "N2",
            0,
            1,
            3
        ],
        [
            293.1340026855469,
            151.4600067138672,
            298.2460021972656,
            156.9560089111328,
            "I-K",
            0,
            1,
            4
        ],
        [
            299.3580017089844,
            151.4600067138672,
            301.5820007324219,
            156.9560089111328,
            "1",
            0,
            1,
            5
        ]
    ],
    "1": [
        [
            267.7900085449219,
            121.82000732421875,
            303.5140075683594,
            127.31600952148438,
            "10HHG42AA503A|1",
            1,
            0,
            0
        ],
        [
            267.7900085449219,
            126.62001037597656,
            276.4580078125,
            132.1160125732422,
            "ARG",
            1,
            1,
            0
        ],
        [
            277.57000732421875,
            126.62001037597656,
            283.1260070800781,
            132.1160125732422,
            "BR",
            1,
            1,
            1
        ],
        [
            284.2380065917969,
            126.62001037597656,
            288.6860046386719,
            132.1160125732422,
            "42",
            1,
            1,
            2
        ],
        [
            289.7980041503906,
            126.62001037597656,
            303.1340026855469,
            132.1160125732422,
            "ONTKL",
            1,
            1,
            3
        ]
    ],
    "2": [
        [
            342.29998779296875,
            134.239990234375,
            376.9119873046875,
            139.73599243164062,
            "10HHJ42AA504A|1",
            2,
            0,
            0
        ],
        [
            342.29998779296875,
            139.0399932861328,
            348.0799865722656,
            144.53599548339844,
            "SG",
            2,
            1,
            0
        ],
        [
            349.1919860839844,
            139.0399932861328,
            354.74798583984375,
            144.53599548339844,
            "BR",
            2,
            1,
            1
        ],
        [
            355.8599853515625,
            139.0399932861328,
            360.3079833984375,
            144.53599548339844,
            "42",
            2,
            1,
            2
        ],
        [
            361.41998291015625,
            139.0399932861328,
            374.7559814453125,
            144.53599548339844,
            "ONTKL",
            2,
            1,
            3
        ]
    ],
    "3": [
        [
            342.29998779296875,
            159.07998657226562,
            378.68798828125,
            164.57598876953125,
            "10HHW42AA003A|1",
            3,
            0,
            0
        ],
        [
            342.29998779296875,
            163.87998962402344,
            348.0799865722656,
            169.37599182128906,
            "SG",
            3,
            1,
            0
        ],
        [
            349.1919860839844,
            163.87998962402344,
            354.74798583984375,
            169.37599182128906,
            "BR",
            3,
            1,
            1
        ],
        [
            355.8599853515625,
            163.87998962402344,
            360.3079833984375,
            169.37599182128906,
            "42",
            3,
            1,
            2
        ],
        [
            361.41998291015625,
            163.87998962402344,
            366.531982421875,
            169.37599182128906,
            "N2",
            3,
            1,
            3
        ],
        [
            367.64398193359375,
            163.87998962402344,
            372.7559814453125,
            169.37599182128906,
            "I-K",
            3,
            1,
            4
        ],
        [
            373.86798095703125,
            163.87998962402344,
            376.09197998046875,
            169.37599182128906,
            "2",
            3,
            1,
            5
        ]
    ]
}