{
    "0": [
        [
            648.5999755859375,
            370.1700134277344,
            689.5040283203125,
            380.46600341796875,
            "10HHW42CG002B|1\nSG BR 42 N2 I-K 1 ME\n",
            0,
            0
        ]
    ],
    "1": [
        [
            367.1400146484375,
            159.07998657226562,
            400.7080078125,
            169.37599182128906,
            "10HHJ42CP001|1\nSG BR 42 VENT P\n",
            1,
            0
        ]
    ],
    "2": [
        [
            648.5999755859375,
            320.5000305175781,
            688.1680297851562,
            330.7960205078125,
            "10HHJ42CG504B|1\nSG BR 42 ONTKL ME\n",
            2,
            0
        ]
    ],
    "3": [
        [
            367.1400146484375,
            208.75,
            433.3760070800781,
            219.04600524902344,
            "10HHL42AA101|2\nSECONDAIRE LUCHTKLEP BRD 42\n",
            3,
            0
        ]
    ],
    "4": [
        [
            648.5999755859375,
            419.84002685546875,
            689.5040283203125,
            430.1360168457031,
            "10HHW42CG003B|1\nSG BR 42 N2 I-K 2 ME\n",
            4,
            0
        ]
    ],
    "5": [
        [
            648.5999755859375,
            395.0100402832031,
            689.5040283203125,
            405.3060302734375,
            "10HHW42CG003A|1\nSG BR 42 N2 I-K 2 ME\n",
            5,
            0
        ]
    ],
    "6": [
        [
            648.5999755859375,
            146.66000366210938,
            695.72802734375,
            156.9560089111328,
            "10HHG42CG101A|1\nARG BR 42 VSK 2 RK ME\n",
            6,
            0
        ]
    ],
    "7": [
        [
            284.3500061035156,
            146.66000366210938,
            355.7019958496094,
            156.9560089111328,
            "10HHG42CP001|1\nDRUK NG VOOR REGELKLEP BRD 42\n",
            7,
            0
        ]
    ],
    "8": [
        [
            284.3500061035156,
            221.16000366210938,
            318.7340087890625,
            231.4560089111328,
            "10HHJ42CF001F|1\nDEBIET SG BR 42\n",
            8,
            0
        ]
    ],
    "9": [
        [
            648.5999755859375,
            221.16000366210938,
            687.7239990234375,
            231.4560089111328,
            "10HHJ42CG002A|1\nSG BR 42 VH-A 2 ME\n",
            9,
            0
        ]
    ],
    "10": [
        [
            648.5999755859375,
            295.6700134277344,
            688.1680297851562,
            305.96600341796875,
            "10HHJ42CG504A|1\nSG BR 42 ONTKL ME\n",
            10,
            0
        ]
    ],
    "11": [
        [
            648.5999755859375,
            345.34002685546875,
            689.5040283203125,
            355.6360168457031,
            "10HHW42CG002A|1\nSG BR 42 N2 I-K 1 ME\n",
            11,
            0
        ]
    ],
    "12": [
        [
            648.5999755859375,
            121.82000732421875,
            689.0599975585938,
            132.1160125732422,
            "10HHG42CG003A|1\nARG BR 42 VSK 1 ME\n",
            12,
            0
        ]
    ],
    "13": [
        [
            648.5999755859375,
            444.6800231933594,
            695.0599975585938,
            454.97601318359375,
            "10HJG42CG002A|1\nOST ARG BR 42 VSK ME\n",
            13,
            0
        ]
    ],
    "14": [
        [
            648.5999755859375,
            171.489990234375,
            691.0560302734375,
            181.78599548339844,
            "10HHG42CG503A|1\nARG BR 42 ONTKL ME\n",
            14,
            0
        ]
    ],
    "15": [
        [
            367.1400146484375,
            134.239990234375,
            400.1920166015625,
            144.53599548339844,
            "10HHA42CR002|1\nVLAM SCAN 42\n",
            15,
            0
        ]
    ],
    "16": [
        [
            284.3500061035156,
            121.82000732421875,
            317.4020080566406,
            132.1160125732422,
            "10HHA42CR001|1\nVLAM SCAN 42\n",
            16,
            0
        ]
    ],
    "17": [
        [
            648.5999755859375,
            196.32998657226562,
            687.7239990234375,
            206.62599182128906,
            "10HHJ42CG001A|1\nSG BR 42 VH-A 1 ME\n",
            17,
            0
        ]
    ],
    "18": [
        [
            284.3500061035156,
            196.32998657226562,
            329.9100036621094,
            206.62599182128906,
            "10HHJ42AA102|2\nSG BR 42 WRD R-DEMP\n",
            18,
            0
        ]
    ],
    "19": [
        [
            284.3500061035156,
            171.489990234375,
            321.9219970703125,
            181.78599548339844,
            "10HHW42CP001|1\nSG BR 42 N2 I-K 1 P\n",
            19,
            0
        ]
    ],
    "20": [
        [
            367.1400146484375,
            183.91000366210938,
            404.7120056152344,
            194.2060089111328,
            "10HHW42CP002|1\nSG BR 42 N2 I-K 2 P\n",
            20,
            0
        ]
    ],
    "21": [
        [
            367.1400146484375,
            233.57998657226562,
            401.5240173339844,
            243.87599182128906,
            "10HHJ43CF001F|1\nDEBIET SG BR 43\n",
            21,
            0
        ]
    ]
}