{
    "0": [
        [
            665.1599731445312,
            177.69998168945312,
            697.5479736328125,
            187.99598693847656,
            "10HHA53EZ001|6\nBR 53 VRIJ\n",
            0,
            0
        ]
    ],
    "1": [
        [
            673.4400024414062,
            432.2600402832031,
            718.3480224609375,
            442.5560302734375,
            "10HHG53CF901X|1\nDEBIET NG BR 53  1oo2\n",
            1,
            0
        ]
    ],
    "2": [
        [
            665.1599731445312,
            90.77999877929688,
            712.2919921875,
            110.53599548339844,
            "10HHA53EZ001|6\nBR 53 VRIJ\n[10HHG53CF901|1]\n[DEBIET NG BR 53  1oo2]\n",
            2,
            0
        ]
    ],
    "3": [
        [
            673.4400024414062,
            339.1300354003906,
            718.3480224609375,
            349.426025390625,
            "10HHG53CF901X|2\nDEBIET NG BR 53  1oo2\n",
            3,
            0
        ]
    ]
}