{
    "0": [
        [
            665.1599731445312,
            177.69998168945312,
            697.5479736328125,
            183.19598388671875,
            "10HHA53EZ001|6",
            0,
            0,
            0
        ],
        [
            665.1599731445312,
            182.49998474121094,
            670.7160034179688,
            187.99598693847656,
            "BR",
            0,
            1,
            0
        ],
        [
            671.8280029296875,
            182.49998474121094,
            676.2760009765625,
            187.99598693847656,
            "53",
            0,
            1,
            1
        ],
        [
            677.3880004882812,
            182.49998474121094,
            686.0559692382812,
            187.99598693847656,
            "VRIJ",
            0,
            1,
            2
        ]
    ],
    "1": [
        [
            673.4400024414062,
            432.2600402832031,
            709.1600341796875,
            437.75604248046875,
            "10HHG53CF901X|1",
            1,
            0,
            0
        ],
        [
            673.4400024414062,
            437.0600280761719,
            687.8880004882812,
            442.5560302734375,
            "DEBIET",
            1,
            1,
            0
        ],
        [
            689.0,
            437.0600280761719,
            695.0,
            442.5560302734375,
            "NG",
            1,
            1,
            1
        ],
        [
            696.1119995117188,
            437.0600280761719,
            701.6680297851562,
            442.5560302734375,
            "BR",
            1,
            1,
            2
        ],
        [
            702.780029296875,
            437.0600280761719,
            707.22802734375,
            442.5560302734375,
            "53",
            1,
            1,
            3
        ],
        [
            709.4520263671875,
            437.0600280761719,
            718.3480224609375,
            442.5560302734375,
            "1oo2",
            1,
            1,
            4
        ]
    ],
    "2": [
        [
            665.1599731445312,
            90.77999877929688,
            697.5479736328125,
            96.2760009765625,
            "10HHA53EZ001|6",
            2,
            0,
            0
        ],
        [
            665.1599731445312,
            95.58000183105469,
            670.7160034179688,
            101.07600402832031,
            "BR",
            2,
            1,
            0
        ],
        [
            671.8280029296875,
            95.58000183105469,
            676.2760009765625,
            101.07600402832031,
            "53",
            2,
            1,
            1
        ],
        [
            677.3880004882812,
            95.58000183105469,
            686.0559692382812,
            101.07600402832031,
            "VRIJ",
            2,
            1,
            2
        ],
        [
            665.1599731445312,
            100.239990234375,
            700.4359741210938,
            105.73599243164062,
            "[10HHG53CF901|1]",
            2,
            2,
            0
        ],
        [
            665.1599731445312,
            105.03999328613281,
            680.719970703125,
            110.53599548339844,
            "[DEBIET",
            2,
            3,
            0
        ],
        [
            681.8319702148438,
            105.03999328613281,
            687.8319702148438,
            110.53599548339844,
            "NG",
            2,
            3,
            1
        ],
        [
            688.9439697265625,
            105.03999328613281,
            694.5,
            110.53599548339844,
            "BR",
            2,
            3,
            2
        ],
        [
            695.6119995117188,
            105.03999328613281,
            700.0599975585938,
            110.53599548339844,
            "53",
            2,
            3,
            3
        ],
        [
            702.2839965820312,
            105.03999328613281,
            712.2919921875,
            110.53599548339844,
            "1oo2]",
            2,
            3,
            4
        ]
    ],
    "3": [
        [
            673.4400024414062,
            339.1300354003906,
            709.1600341796875,
            344.62603759765625,
            "10HHG53CF901X|2",
            3,
            0,
            0
        ],
        [
            673.4400024414062,
            343.9300231933594,
            687.8880004882812,
            349.426025390625,
            "DEBIET",
            3,
            1,
            0
        ],
        [
            689.0,
            343.9300231933594,
            695.0,
            349.426025390625,
            "NG",
            3,
            1,
            1
        ],
        [
            696.1119995117188,
            343.9300231933594,
            701.6680297851562,
            349.426025390625,
            "BR",
            3,
            1,
            2
        ],
        [
            702.780029296875,
            343.9300231933594,
            707.22802734375,
            349.426025390625,
            "53",
            3,
            1,
            3
        ],
        [
            709.4520263671875,
            343.9300231933594,
            718.3480224609375,
            349.426025390625,
            "1oo2",
            3,
            1,
            4
        ]
    ]
}