{
    "0": [
        [
            0.24223425477343974,
            0.1681451612903226,
            0.25505842120262184,
            0.18064516129032257,
            "OR",
            0.9998576309142323
        ]
    ],
    "1": [
        [
            0.3593616414933029,
            0.1693548387096774,
            0.3730407523510972,
            0.18064516129032257,
            "BIN",
            0.6187760233879089
        ]
    ],
    "2": [
        [
            0.08178968367056141,
            0.18306451612903227,
            0.1413508121972072,
            0.19879032258064516,
            "[OHHA3TCRTOAXIIXGOTI]",
            0.1935713661837237
        ]
    ],
    "3": [
        [
            0.14078084924479908,
            0.1870967741935484,
            0.17155884867483615,
            0.1971774193548387,
            "BR 31 VLAM",
            0.7284404380326328
        ]
    ],
    "4": [
        [
            0.23168994015389,
            0.19274193548387097,
            0.23995440296380735,
            0.20120967741935483,
            "IN1",
            0.838582314899205
        ]
    ],
    "5": [
        [
            0.25591336563123396,
            0.19274193548387097,
            0.2664576802507837,
            0.20120967741935483,
            "OUT'",
            0.6502045544123612
        ]
    ],
    "6": [
        [
            0.34967227130236533,
            0.19274193548387097,
            0.35651182673126247,
            0.20040322580645162,
            "IN",
            0.9405057355261485
        ]
    ],
    "7": [
        [
            0.3738956967797093,
            0.19274193548387097,
            0.38444001139925904,
            0.20120967741935483,
            "OUT",
            0.9966239782026745
        ]
    ],
    "8": [
        [
            0.1413508121972072,
            0.19556451612903225,
            0.15132516386434883,
            0.20524193548387096,
            "ON",
            0.9995788103804294
        ]
    ],
    "9": [
        [
            0.23168994015389,
            0.21370967741935484,
            0.2408093473924195,
            0.2213709677419355,
            "IN2",
            0.9280546307563782
        ]
    ],
    "10": [
        [
            0.12368196067255628,
            0.8959677419354839,
            0.14705044172128812,
            0.9032258064516129,
            "31/12/69",
            0.9993946532063716
        ]
    ],
    "11": [
        [
            0.19948703334283271,
            0.8971774193548387,
            0.21259618124821886,
            0.9032258064516129,
            "Dato",
            0.8314253687858582
        ]
    ],
    "12": [
        [
            0.23795953263037903,
            0.8959677419354839,
            0.2601880877742947,
            0.902016129032258,
            "04/08/08",
            0.7032604098385031
        ]
    ],
    "13": [
        [
            0.8033627814192078,
            0.8959677419354839,
            0.8213166144200627,
            0.902016129032258,
            "EFFO1",
            0.5448937023397232
        ]
    ],
    "14": [
        [
            0.85351952123112,
            0.8959677419354839,
            0.8868623539469934,
            0.9032258064516129,
            "1OHHA31CR",
            0.5628088686096163
        ]
    ],
    "15": [
        [
            0.8854374465659732,
            0.8959677419354839,
            0.8985465944713593,
            0.9012096774193549,
            "101F",
            0.8856385946273804
        ]
    ],
    "16": [
        [
            0.12368196067255628,
            0.9048387096774193,
            0.14705044172128812,
            0.9120967741935484,
            "31/12/69",
            0.9994392553455965
        ]
    ],
    "17": [
        [
            0.19948703334283271,
            0.9056451612903226,
            0.21744086634368767,
            0.9129032258064517,
            "Drawn",
            0.9477706257901892
        ]
    ],
    "18": [
        [
            0.21915075520091193,
            0.9056451612903226,
            0.22741521801082928,
            0.9133064516129032,
            "By",
            0.9941600821698465
        ]
    ],
    "19": [
        [
            0.5386149900256484,
            0.9048387096774193,
            0.5562838415502992,
            0.9120967741935484,
            "BR 31",
            0.9213244801814072
        ]
    ],
    "20": [
        [
            0.5574237674551155,
            0.9056451612903226,
            0.5736677115987461,
            0.9120967741935484,
            "VLAM",
            0.9488921165466309
        ]
    ],
    "21": [
        [
            0.12368196067255628,
            0.9145161290322581,
            0.14705044172128812,
            0.9209677419354839,
            "31/12/69",
            0.9950990183331156
        ]
    ],
    "22": [
        [
            0.19948703334283271,
            0.9145161290322581,
            0.23368481048731832,
            0.9221774193548387,
            "checked By",
            0.7363879440042383
        ]
    ],
    "23": [
        [
            0.6916500427472214,
            0.9137096774193548,
            0.7235679680820747,
            0.9209677419354839,
            "16 YhhY31",
            0.6604147135659508
        ]
    ],
    "24": [
        [
            0.9165004274722143,
            0.9141129032258064,
            0.9307495012824166,
            0.9221774193548387,
            "Page",
            0.9983940720558167
        ]
    ],
    "25": [
        [
            0.05414648047876888,
            0.9233870967741935,
            0.06896551724137931,
            0.9310483870967742,
            "State",
            0.9891601057335949
        ]
    ],
    "26": [
        [
            0.0926189797663152,
            0.9233870967741935,
            0.11484753491023084,
            0.9310483870967742,
            "change",
            0.6240219719901533
        ]
    ],
    "27": [
        [
            0.1305215161014534,
            0.9229838709677419,
            0.14420062695924765,
            0.9306451612903226,
            "pato",
            0.4568897783756256
        ]
    ],
    "28": [
        [
            0.16671416357936733,
            0.9233870967741935,
            0.1852379595326304,
            0.9310483870967742,
            "Editor",
            0.9763138033917413
        ]
    ],
    "29": [
        [
            0.19948703334283271,
            0.9233870967741935,
            0.22513536620119692,
            0.9310483870967742,
            "Standard",
            0.9994215073341417
        ]
    ],
    "30": [
        [
            0.23795953263037903,
            0.9233870967741935,
            0.2664576802507837,
            0.9310483870967742,
            "E F ES EN",
            0.7363446384380543
        ]
    ],
    "31": [
        [
            0.2675976061555999,
            0.9233870967741935,
            0.2750071245369051,
            0.9298387096774193,
            "12",
            0.999960382192262
        ]
    ],
    "32": [
        [
            0.5386149900256484,
            0.9233870967741935,
            0.5594186377885437,
            0.9298387096774193,
            "System",
            0.9918704753348174
        ]
    ],
    "33": [
        [
            0.5602735822171558,
            0.9229838709677419,
            0.5822171558848674,
            0.9306451612903226,
            "Diagram",
            0.9996328998711916
        ]
    ],
    "34": [
        [
            0.6919350242234255,
            0.925,
            0.6982046166999145,
            0.9282258064516129,
            "en",
            0.8499170445918596
        ]
    ],
    "35": [
        [
            0.2841265317754346,
            0.9326612903225806,
            0.2889712168709034,
            0.9358870967741936,
            "(2",
            0.3723843308494832
        ]
    ],