{
    "0": [
        [
            0.1225420347677401,
            0.1346774193548387,
            0.15161014534055287,
            0.14919354838709678,
            "fail safe",
            0.9999683298146579
        ]
    ],
    "1": [
        [
            0.2516386434881733,
            0.14717741935483872,
            0.2644628099173554,
            0.1596774193548387,
            "OR",
            0.5937799880271725
        ]
    ],
    "2": [
        [
            0.08207466514676547,
            0.16370967741935483,
            0.1724137931034483,
            0.17620967741935484,
            "NOHJA3TAZOOIXIIZBO1I1 | E OST BR 31",
            0.3719365554916022
        ]
    ],
    "3": [
        [
            0.35622684525505843,
            0.16370967741935483,
            0.4098033627814192,
            0.17540322580645162,
            "MOHJA31AZOOIFIIZBOT",
            0.4085901372457207
        ]
    ],
    "4": [
        [
            0.4172128811627244,
            0.16491935483870968,
            0.4479908805927615,
            0.17620967741935484,
            "EOST BR 31",
            0.996439384566952
        ]
    ],
    "5": [
        [
            0.14078084924479908,
            0.17258064516129032,
            0.15445996010259333,
            0.18306451612903227,
            "\"OPN",
            0.7629225254058838
        ]
    ],
    "6": [
        [
            0.24109432886862353,
            0.1717741935483871,
            0.25021373610715303,
            0.18024193548387096,
            "IN1",
            0.7998315802525447
        ]
    ],
    "7": [
        [
            0.26417782844115134,
            0.17016129032258065,
            0.27700199487033345,
            0.18064516129032257,
            "OUT\"",
            0.9409959316253662
        ]
    ],
    "8": [
        [
            0.41635793673411226,
            0.17258064516129032,
            0.4263322884012539,
            0.18306451612903227,
            "ON",
            0.9970589125825641
        ]
    ],
    "9": [
        [
            0.35651182673126247,
            0.18508064516129033,
            0.3978341407808492,
            0.1935483870967742,
            "TOHHG3TECO0115",
            0.6165142091909165
        ]
    ],
    "10": [
        [
            0.35622684525505843,
            0.19153225806451613,
            0.39099458535195214,
            0.20161290322580644,
            "SGC NG BR 31",
            0.7659738096411142
        ]
    ],
    "11": [
        [
            0.35622684525505843,
            0.19919354838709677,
            0.39640923339982903,
            0.20967741935483872,
            "1OHHJBIECO01/7",
            0.3556170798258052
        ]
    ],
    "12": [
        [
            0.35622684525505843,
            0.2068548387096774,
            0.39099458535195214,
            0.21733870967741936,
            "SGC SG BR 31",
            0.7859174175298372
        ]
    ],
    "13": [
        [
            0.12368196067255628,
            0.8959677419354839,
            0.14705044172128812,
            0.9032258064516129,
            "31/12/69",
            0.9993946532063716
        ]
    ],
    "14": [
        [
            0.19948703334283271,
            0.8971774193548387,
            0.21259618124821886,
            0.9032258064516129,
            "Dato",
            0.8314253687858582
        ]
    ],
    "15": [
        [
            0.23795953263037903,
            0.8959677419354839,
            0.2610430322029068,
            0.9032258064516129,
            "07/07/08",
            0.9996145362956562
        ]
    ],
    "16": [
        [
            0.8033627814192078,
            0.8959677419354839,
            0.8213166144200627,
            0.902016129032258,
            "EFFO1",
            0.5448937023397232
        ]
    ],
    "17": [
        [
            0.85351952123112,
            0.8959677419354839,
            0.896266742661727,
            0.902016129032258,
            "1OHJABIAZOOTF",
            0.41666051936549375
        ]
    ],
    "18": [
        [
            0.12368196067255628,
            0.9048387096774193,
            0.14705044172128812,
            0.9120967741935484,
            "31/12/69",
            0.9994392553455965
        ]
    ],
    "19": [
        [
            0.19948703334283271,
            0.9056451612903226,
            0.21744086634368767,
            0.9129032258064517,
            "Drawn",
            0.9477706257901892
        ]
    ],
    "20": [
        [
            0.21915075520091193,
            0.9056451612903226,
            0.22741521801082928,
            0.9133064516129032,
            "By",
            0.9941600821698465
        ]
    ],
    "21": [
        [
            0.5394699344542605,
            0.9048387096774193,
            0.5665431746936449,
            0.9120967741935484,
            "E Ost BR",
            0.5946957982288313
        ]
    ],
    "22": [
        [
            0.567683100598461,
            0.9056451612903226,
            0.5742376745511542,
            0.9120967741935484,
            "31",
            0.999848949036538
        ]
    ],
    "23": [
        [
            0.12368196067255628,
            0.9145161290322581,
            0.14705044172128812,
            0.9209677419354839,
            "31/12/69",
            0.9950990183331156
        ]
    ],
    "24": [
        [
            0.19948703334283271,
            0.9145161290322581,
            0.23368481048731832,
            0.9221774193548387,
            "checked By",
            0.7363879440042383
        ]
    ],
    "25": [
        [
            0.6916500427472214,
            0.9137096774193548,
            0.7235679680820747,
            0.9209677419354839,
            "16 YhhY31",
            0.6604147135659508
        ]
    ],
    "26": [
        [
            0.9165004274722143,
            0.9145161290322581,
            0.9307495012824166,
            0.9221774193548387,
            "Page",
            0.9968323111534119
        ]
    ],
    "27": [
        [
            0.05414648047876888,
            0.9233870967741935,
            0.06896551724137931,
            0.9310483870967742,
            "State",
            0.9891601057335949
        ]
    ],
    "28": [
        [
            0.0926189797663152,
            0.9233870967741935,
            0.11484753491023084,
            0.9310483870967742,
            "change",
            0.6240219719901533
        ]
    ],
    "29": [
        [
            0.1305215161014534,
            0.9229838709677419,
            0.14420062695924765,
            0.9306451612903226,
            "pato",
            0.4568897783756256
        ]
    ],
    "30": [
        [
            0.16671416357936733,
            0.9233870967741935,
            0.1852379595326304,
            0.9310483870967742,
            "Editor",
            0.9763138033917413
        ]
    ],
    "31": [
        [
            0.19948703334283271,
            0.9233870967741935,
            0.22513536620119692,
            0.9310483870967742,
            "Standard",
            0.9994215073341417
        ]
    ],
    "32": [
        [
            0.23795953263037903,
            0.9233870967741935,
            0.2664576802507837,
            0.9310483870967742,
            "E F ES EN",
            0.7363446384380543
        ]
    ],
    "33": [
        [
            0.2675976061555999,
            0.9233870967741935,
            0.2750071245369051,
            0.9298387096774193,
            "12",
            0.999960382192262
        ]
    ],
    "34": [
        [
            0.5386149900256484,
            0.9233870967741935,
            0.5594186377885437,
            0.9298387096774193,
            "System",
            0.9918704753348174
        ]
    ],