{
    "0": [
        [
            598.9299926757812,
            239.79000854492188,
            638.946044921875,
            269.0160217285156,
            "10HHA42EZ001X|1\nBR 42 VRIJ\n10HHG42AA003A|2\nARG BR 42 VSK 1\n10HHG42AA101A|2\nARG BR 42 VSK 2 RK\n",
            0,
            0
        ]
    ],
    "1": [
        [
            400.25,
            109.41000366210938,
            438.197998046875,
            129.16600036621094,
            "10HHA42EZ001X|1\nBR 42 VRIJ\n[10HHA42EZ001|1/2]\n[BR 42 VRIJ]\n",
            1,
            0
        ]
    ],
    "2": [
        [
            499.5899963378906,
            363.97003173828125,
            539.6060180664062,
            393.1960144042969,
            "10HHA42EZ001X|1\nBR 42 VRIJ\n10HHG42AA003A|2\nARG BR 42 VSK 1\n10HHG42AA101A|2\nARG BR 42 VSK 2 RK\n",
            2,
            0
        ]
    ]
}