{
    "0": [
        [
            300.9100036621094,
            109.41000366210938,
            345.8139953613281,
            119.70600891113281,
            "10HYY02EU001|7\nTOEP 6 PASSIEFERING\n",
            0,
            0
        ]
    ],
    "1": [
        [
            400.25,
            183.91000366210938,
            445.1499938964844,
            194.2060089111328,
            "10HYY02EU002|7\nTOEP 6 REINTEGRATIE\n",
            1,
            0
        ]
    ]
}