{
    "0": [
        [
            557.5399780273438,
            165.27999877929688,
            617.1119995117188,
            185.04600524902344,
            "10HHJ43CT001X|1\nTEMPERATUUR SG BR 43\n10HHJ43CT901|1\nTEMPERATUUR SG BR 43 1oo2\n",
            0,
            0
        ]
    ],
    "1": [
        [
            557.5399780273438,
            202.54000854492188,
            617.1119995117188,
            222.29600524902344,
            "10HHJ43CT001X|1\nTEMPERATUUR SG BR 43\n10HHJ43CT901|1\nTEMPERATUUR SG BR 43 1oo2\n",
            1,
            0
        ]
    ],
    "2": [
        [
            615.489990234375,
            152.8699951171875,
            660.3939819335938,
            163.16600036621094,
            "10HYY02EU001|12\nTOEP 6 PASSIEFERING\n",
            2,
            0
        ]
    ]
}