{
    "0": [
        [
            557.5399780273438,
            165.27999877929688,
            592.1480102539062,
            170.7760009765625,
            "10HHJ43CT001X|1",
            0,
            0,
            0
        ],
        [
            557.5399780273438,
            170.0800018310547,
            587.9840087890625,
            175.5760040283203,
            "TEMPERATUUR",
            0,
            1,
            0
        ],
        [
            589.0960083007812,
            170.0800018310547,
            594.8759765625,
            175.5760040283203,
            "SG",
            0,
            1,
            1
        ],
        [
            595.9879760742188,
            170.0800018310547,
            601.5440063476562,
            175.5760040283203,
            "BR",
            0,
            1,
            2
        ],
        [
            602.656005859375,
            170.0800018310547,
            607.10400390625,
            175.5760040283203,
            "43",
            0,
            1,
            3
        ],
        [
            557.5399780273438,
            174.75,
            589.47998046875,
            180.24600219726562,
            "10HHJ43CT901|1",
            0,
            2,
            0
        ],
        [
            557.5399780273438,
            179.5500030517578,
            587.9840087890625,
            185.04600524902344,
            "TEMPERATUUR",
            0,
            3,
            0
        ],
        [
            589.0960083007812,
            179.5500030517578,
            594.8759765625,
            185.04600524902344,
            "SG",
            0,
            3,
            1
        ],
        [
            595.9879760742188,
            179.5500030517578,
            601.5440063476562,
            185.04600524902344,
            "BR",
            0,
            3,
            2
        ],
        [
            602.656005859375,
            179.5500030517578,
            607.10400390625,
            185.04600524902344,
            "43",
            0,
            3,
            3
        ],
        [
            608.2160034179688,
            179.5500030517578,
            617.1119995117188,
            185.04600524902344,
            "1oo2",
            0,
            3,
            4
        ]
    ],
    "1": [
        [
            557.5399780273438,
            202.54000854492188,
            592.1480102539062,
            208.0360107421875,
            "10HHJ43CT001X|1",
            1,
            0,
            0
        ],
        [
            557.5399780273438,
            207.3400115966797,
            587.9840087890625,
            212.8360137939453,
            "TEMPERATUUR",
            1,
            1,
            0
        ],
        [
            589.0960083007812,
            207.3400115966797,
            594.8759765625,
            212.8360137939453,
            "SG",
            1,
            1,
            1
        ],
        [
            595.9879760742188,
            207.3400115966797,
            601.5440063476562,
            212.8360137939453,
            "BR",
            1,
            1,
            2
        ],
        [
            602.656005859375,
            207.3400115966797,
            607.10400390625,
            212.8360137939453,
            "43",
            1,
            1,
            3
        ],
        [
            557.5399780273438,
            212.0,
            589.47998046875,
            217.49600219726562,
            "10HHJ43CT901|1",
            1,
            2,
            0
        ],
        [
            557.5399780273438,
            216.8000030517578,
            587.9840087890625,
            222.29600524902344,
            "TEMPERATUUR",
            1,
            3,
            0
        ],
        [
            589.0960083007812,
            216.8000030517578,
            594.8759765625,
            222.29600524902344,
            "SG",
            1,
            3,
            1
        ],
        [
            595.9879760742188,
            216.8000030517578,
            601.5440063476562,
            222.29600524902344,
            "BR",
            1,
            3,
            2
        ],
        [
            602.656005859375,
            216.8000030517578,
            607.10400390625,
            222.29600524902344,
            "43",
            1,
            3,
            3
        ],
        [
            608.2160034179688,
            216.8000030517578,
            617.1119995117188,
            222.29600524902344,
            "1oo2",
            1,
            3,
            4
        ]
    ],
    "2": [
        [
            615.489990234375,
            152.8699951171875,
            650.3259887695312,
            158.36599731445312,
            "10HYY02EU001|12",
            2,
            0,
            0
        ],
        [
            615.489990234375,
            157.6699981689453,
            626.3820190429688,
            163.16600036621094,
            "TOEP",
            2,
            1,
            0
        ],
        [
            627.4940185546875,
            157.6699981689453,
            629.718017578125,
            163.16600036621094,
            "6",
            2,
            1,
            1
        ],
        [
            630.8300170898438,
            157.6699981689453,
            660.3939819335938,
            163.16600036621094,
            "PASSIEFERING",
            2,
            1,
            2
        ]
    ]
}