{
    "0": [
        [
            300.9100036621094,
            265.1400146484375,
            336.9179992675781,
            284.906005859375,
            "10HHA00EZ001|5\nALT BR V/G\n!CONVERTER_2|5\n!CONVERTER_AP6\n",
            0,
            0
        ]
    ],
    "1": [
        [
            300.9100036621094,
            109.41000366210938,
            336.9179992675781,
            138.63600158691406,
            "10HHA42EZ001X|1\nBR 42 VRIJ\n10HYY00EZ001|4\nKETEL BEVEILING\n!CONVERTER_2|5\n!CONVERTER_AP6\n",
            1,
            0
        ]
    ],
    "2": [
        [
            400.25,
            177.69998168945312,
            441.53399658203125,
            235.3260040283203,
            "10HHA42EZ001X|1\nBR 42 VRIJ\n10HHG42AA003A|2\nARG BR 42 VSK 1\n10HHG42AA101A|2\nARG BR 42 VSK 2 RK\n10HHJ42AA001A|2\nSG BR 42 VH-A 1\n10HHJ42AA002A|2\nSG BR 42 VH-A 2\n[10HHA42EZ001|1/2/4]\n[BR 42 VRIJ]\n",
            2,
            0
        ]
    ]
}