{
    "0": [
        [
            524.4199829101562,
            326.71002197265625,
            567.9959716796875,
            337.0060119628906,
            "10HHJ53CF901Z|1\nDEBIET SG BR 53 1oo2\n",
            0,
            0
        ]
    ],
    "1": [
        [
            524.4199829101562,
            413.6400451660156,
            567.9959716796875,
            423.93603515625,
            "10HHJ53CF901Z|1\nDEBIET SG BR 53 1oo2\n",
            1,
            0
        ]
    ],
    "2": [
        [
            516.1500244140625,
            121.82000732421875,
            559.7260131835938,
            151.04600524902344,
            "10HHJ53CF001X|1\nDEBIET SG BR 53\n10HHJ53CF901|1\nDEBIET SG BR 53 1oo2\n10HHJ53CF901Z|1\nDEBIET SG BR 53 1oo2\n",
            2,
            0
        ]
    ],
    "3": [
        [
            615.489990234375,
            109.41000366210938,
            660.3939819335938,
            119.70600891113281,
            "10HYY02EU001|10\nTOEP 6 PASSIEFERING\n",
            3,
            0
        ]
    ]
}