{
    "0": [
        [
            524.4199829101562,
            326.71002197265625,
            558.803955078125,
            332.2060241699219,
            "10HHJ53CF901Z|1",
            0,
            0,
            0
        ],
        [
            524.4199829101562,
            331.510009765625,
            538.8679809570312,
            337.0060119628906,
            "DEBIET",
            0,
            1,
            0
        ],
        [
            539.97998046875,
            331.510009765625,
            545.760009765625,
            337.0060119628906,
            "SG",
            0,
            1,
            1
        ],
        [
            546.8720092773438,
            331.510009765625,
            552.427978515625,
            337.0060119628906,
            "BR",
            0,
            1,
            2
        ],
        [
            553.5399780273438,
            331.510009765625,
            557.9879760742188,
            337.0060119628906,
            "53",
            0,
            1,
            3
        ],
        [
            559.0999755859375,
            331.510009765625,
            567.9959716796875,
            337.0060119628906,
            "1oo2",
            0,
            1,
            4
        ]
    ],
    "1": [
        [
            524.4199829101562,
            413.6400451660156,
            558.803955078125,
            419.13604736328125,
            "10HHJ53CF901Z|1",
            1,
            0,
            0
        ],
        [
            524.4199829101562,
            418.4400329589844,
            538.8679809570312,
            423.93603515625,
            "DEBIET",
            1,
            1,
            0
        ],
        [
            539.97998046875,
            418.4400329589844,
            545.760009765625,
            423.93603515625,
            "SG",
            1,
            1,
            1
        ],
        [
            546.8720092773438,
            418.4400329589844,
            552.427978515625,
            423.93603515625,
            "BR",
            1,
            1,
            2
        ],
        [
            553.5399780273438,
            418.4400329589844,
            557.9879760742188,
            423.93603515625,
            "53",
            1,
            1,
            3
        ],
        [
            559.0999755859375,
            418.4400329589844,
            567.9959716796875,
            423.93603515625,
            "1oo2",
            1,
            1,
            4
        ]
    ],
    "2": [
        [
            516.1500244140625,
            121.82000732421875,
            550.758056640625,
            127.31600952148438,
            "10HHJ53CF001X|1",
            2,
            0,
            0
        ],
        [
            516.1500244140625,
            126.62001037597656,
            530.5980224609375,
            132.1160125732422,
            "DEBIET",
            2,
            1,
            0
        ],
        [
            531.7100219726562,
            126.62001037597656,
            537.4900512695312,
            132.1160125732422,
            "SG",
            2,
            1,
            1
        ],
        [
            538.60205078125,
            126.62001037597656,
            544.1580200195312,
            132.1160125732422,
            "BR",
            2,
            1,
            2
        ],
        [
            545.27001953125,
            126.62001037597656,
            549.718017578125,
            132.1160125732422,
            "53",
            2,
            1,
            3
        ],
        [
            516.1500244140625,
            131.29000854492188,
            548.0900268554688,
            136.7860107421875,
            "10HHJ53CF901|1",
            2,
            2,
            0
        ],
        [
            516.1500244140625,
            136.0900115966797,
            530.5980224609375,
            141.5860137939453,
            "DEBIET",
            2,
            3,
            0
        ],
        [
            531.7100219726562,
            136.0900115966797,
            537.4900512695312,
            141.5860137939453,
            "SG",
            2,
            3,
            1
        ],
        [
            538.60205078125,
            136.0900115966797,
            544.1580200195312,
            141.5860137939453,
            "BR",
            2,
            3,
            2
        ],
        [
            545.27001953125,
            136.0900115966797,
            549.718017578125,
            141.5860137939453,
            "53",
            2,
            3,
            3
        ],
        [
            550.8300170898438,
            136.0900115966797,
            559.7260131835938,
            141.5860137939453,
            "1oo2",
            2,
            3,
            4
        ],
        [
            516.1500244140625,
            140.75,
            550.5340576171875,
            146.24600219726562,
            "10HHJ53CF901Z|1",
            2,
            4,
            0
        ],
        [
            516.1500244140625,
            145.5500030517578,
            530.5980224609375,
            151.04600524902344,
            "DEBIET",
            2,
            5,
            0
        ],
        [
            531.7100219726562,
            145.5500030517578,
            537.4900512695312,
            151.04600524902344,
            "SG",
            2,
            5,
            1
        ],
        [
            538.60205078125,
            145.5500030517578,
            544.1580200195312,
            151.04600524902344,
            "BR",
            2,
            5,
            2
        ],
        [
            545.27001953125,
            145.5500030517578,
            549.718017578125,
            151.04600524902344,
            "53",
            2,
            5,
            3
        ],
        [
            550.8300170898438,
            145.5500030517578,
            559.7260131835938,
            151.04600524902344,
            "1oo2",
            2,
            5,
            4
        ]
    ],
    "3": [
        [
            615.489990234375,
            109.41000366210938,
            650.3259887695312,
            114.906005859375,
            "10HYY02EU001|10",
            3,
            0,
            0
        ],
        [
            615.489990234375,
            114.21000671386719,
            626.3820190429688,
            119.70600891113281,
            "TOEP",
            3,
            1,
            0
        ],
        [
            627.4940185546875,
            114.21000671386719,
            629.718017578125,
            119.70600891113281,
            "6",
            3,
            1,
            1
        ],
        [
            630.8300170898438,
            114.21000671386719,
            660.3939819335938,
            119.70600891113281,
            "PASSIEFERING",
            3,
            1,
            2
        ]
    ]
}