{
    "0": [
        [
            400.25,
            270.83001708984375,
            440.2659912109375,
            300.0660095214844,
            "10HHG53AA003A|2\nARG BR 53 VSK 1\n10HHG53AA101A|2\nARG BR 53 VSK 2 RK\n[10HHA53EZ001|4]\n[BR 53 VRIJ]\n",
            0,
            0
        ]
    ],
    "1": [
        [
            598.9299926757812,
            177.69998168945312,
            634.93798828125,
            197.4659881591797,
            "10HHA00EZ001|7\nALT BR V/G\n!CONVERTER_2|5\n!CONVERTER_AP6\n",
            1,
            0
        ]
    ],
    "2": [
        [
            400.25,
            382.59002685546875,
            434.86199951171875,
            411.8160095214844,
            "10HHJ53AA001A|2\nSG BR 53 VH-A 1\n10HHJ53AA002A|2\nSG BR 53 VH-A 2\n[10HHA53EZ001|4]\n[BR 53 VRIJ]\n",
            2,
            0
        ]
    ]
}