{
    "0": [
        [
            574.0999755859375,
            152.8699951171875,
            619.0079956054688,
            182.0959930419922,
            "10HHG43CF901X|2\nDEBIET NG BR 43  1oo2\n10HHG43AA003A|2\nARG BR 43 VSK 1\n10HHG43AA101A|2\nARG BR 43 VSK 2 RK\n",
            0,
            0
        ]
    ],
    "1": [
        [
            574.0999755859375,
            295.6700134277344,
            619.0079956054688,
            324.8960266113281,
            "10HHG43CF901X|1\nDEBIET NG BR 43  1oo2\n10HHG43AA003A|2\nARG BR 43 VSK 1\n10HHG43AA101A|2\nARG BR 43 VSK 2 RK\n",
            1,
            0
        ]
    ]
}