{
    "0": [
        [
            334.0199890136719,
            171.489990234375,
            366.1839904785156,
            181.78599548339844,
            "10HHJ43EC001|2\nSGC SG BR 43\n",
            0,
            0
        ]
    ],
    "1": [
        [
            334.0199890136719,
            146.66000366210938,
            367.2959899902344,
            156.9560089111328,
            "10HHG43EC001|2\nSGC NG BR 43\n",
            1,
            0
        ]
    ],
    "2": [
        [
            640.3200073242188,
            370.1700134277344,
            686.33203125,
            380.46600341796875,
            "10HHL43AA102|2\nCORE-AIR KLEP BRD 43\n",
            2,
            0
        ]
    ],
    "3": [
        [
            640.3200073242188,
            345.34002685546875,
            706.5560302734375,
            355.6360168457031,
            "10HHL43AA101|1\nSECONDAIRE LUCHTKLEP BRD 43\n",
            3,
            0
        ]
    ],
    "4": [
        [
            714.8300170898438,
            357.760009765625,
            760.842041015625,
            368.0559997558594,
            "10HHL43AA102|2\nCORE-AIR KLEP BRD 43\n",
            4,
            0
        ]
    ],
    "5": [
        [
            416.80999755859375,
            183.91000366210938,
            448.9739990234375,
            194.2060089111328,
            "10HHJ43EC001|2\nSGC SG BR 43\n",
            5,
            0
        ]
    ],
    "6": [
        [
            416.80999755859375,
            159.07998657226562,
            448.9739990234375,
            169.37599182128906,
            "10HHJ43EC001|2\nSGC SG BR 43\n",
            6,
            0
        ]
    ],
    "7": [
        [
            640.3200073242188,
            320.5000305175781,
            684.5480346679688,
            330.7960205078125,
            "10HHJ43AA101|3\nSG HFD R-DEMP BR 43\n",
            7,
            0
        ]
    ],
    "8": [
        [
            714.8300170898438,
            308.09002685546875,
            759.0580444335938,
            318.3860168457031,
            "10HHJ43AA101|3\nSG HFD R-DEMP BR 43\n",
            8,
            0
        ]
    ],
    "9": [
        [
            714.8300170898438,
            332.91998291015625,
            760.3900756835938,
            343.2159729003906,
            "10HHJ43AA102|1\nSG BR 43 WRD R-DEMP\n",
            9,
            0
        ]
    ],
    "10": [
        [
            334.0199890136719,
            121.82000732421875,
            367.2959899902344,
            132.1160125732422,
            "10HHG43EC001|2\nSGC NG BR 43\n",
            10,
            0
        ]
    ],
    "11": [
        [
            640.3200073242188,
            295.6700134277344,
            684.5480346679688,
            305.96600341796875,
            "10HHJ43AA101|3\nSG HFD R-DEMP BR 43\n",
            11,
            0
        ]
    ],
    "12": [
        [
            416.80999755859375,
            134.239990234375,
            450.08599853515625,
            144.53599548339844,
            "10HHG43EC001|2\nSGC NG BR 43\n",
            12,
            0
        ]
    ]
}