{
    "0": [
        [
            334.0199890136719,
            171.489990234375,
            366.1839904785156,
            176.98599243164062,
            "10HHJ43EC001|2",
            0,
            0,
            0
        ],
        [
            334.0199890136719,
            176.2899932861328,
            342.68798828125,
            181.78599548339844,
            "SGC",
            0,
            1,
            0
        ],
        [
            343.79998779296875,
            176.2899932861328,
            349.5799865722656,
            181.78599548339844,
            "SG",
            0,
            1,
            1
        ],
        [
            350.6919860839844,
            176.2899932861328,
            356.24798583984375,
            181.78599548339844,
            "BR",
            0,
            1,
            2
        ],
        [
            357.3599853515625,
            176.2899932861328,
            361.8079833984375,
            181.78599548339844,
            "43",
            0,
            1,
            3
        ]
    ],
    "1": [
        [
            334.0199890136719,
            146.66000366210938,
            367.2959899902344,
            152.156005859375,
            "10HHG43EC001|2",
            1,
            0,
            0
        ],
        [
            334.0199890136719,
            151.4600067138672,
            342.68798828125,
            156.9560089111328,
            "SGC",
            1,
            1,
            0
        ],
        [
            343.79998779296875,
            151.4600067138672,
            349.79998779296875,
            156.9560089111328,
            "NG",
            1,
            1,
            1
        ],
        [
            350.9119873046875,
            151.4600067138672,
            356.4679870605469,
            156.9560089111328,
            "BR",
            1,
            1,
            2
        ],
        [
            357.5799865722656,
            151.4600067138672,
            362.0279846191406,
            156.9560089111328,
            "43",
            1,
            1,
            3
        ]
    ],
    "2": [
        [
            640.3200073242188,
            370.1700134277344,
            672.488037109375,
            375.666015625,
            "10HHL43AA102|2",
            2,
            0,
            0
        ],
        [
            640.3200073242188,
            374.9700012207031,
            659.8760375976562,
            380.46600341796875,
            "CORE-AIR",
            2,
            1,
            0
        ],
        [
            660.988037109375,
            374.9700012207031,
            671.216064453125,
            380.46600341796875,
            "KLEP",
            2,
            1,
            1
        ],
        [
            672.3280029296875,
            374.9700012207031,
            680.7720336914062,
            380.46600341796875,
            "BRD",
            2,
            1,
            2
        ],
        [
            681.884033203125,
            374.9700012207031,
            686.33203125,
            380.46600341796875,
            "43",
            2,
            1,
            3
        ]
    ],
    "3": [
        [
            640.3200073242188,
            345.34002685546875,
            672.488037109375,
            350.8360290527344,
            "10HHL43AA101|1",
            3,
            0,
            0
        ],
        [
            640.3200073242188,
            350.1400146484375,
            666.76806640625,
            355.6360168457031,
            "SECONDAIRE",
            3,
            1,
            0
        ],
        [
            667.8800048828125,
            350.1400146484375,
            691.4400634765625,
            355.6360168457031,
            "LUCHTKLEP",
            3,
            1,
            1
        ],
        [
            692.552001953125,
            350.1400146484375,
            700.9960327148438,
            355.6360168457031,
            "BRD",
            3,
            1,
            2
        ],
        [
            702.1080322265625,
            350.1400146484375,
            706.5560302734375,
            355.6360168457031,
            "43",
            3,
            1,
            3
        ]
    ],
    "4": [
        [
            714.8300170898438,
            357.760009765625,
            746.998046875,
            363.2560119628906,
            "10HHL43AA102|2",
            4,
            0,
            0
        ],
        [
            714.8300170898438,
            362.55999755859375,
            734.3860473632812,
            368.0559997558594,
            "CORE-AIR",
            4,
            1,
            0
        ],
        [
            735.498046875,
            362.55999755859375,
            745.72607421875,
            368.0559997558594,
            "KLEP",
            4,
            1,
            1
        ],
        [
            746.8380126953125,
            362.55999755859375,
            755.2820434570312,
            368.0559997558594,
            "BRD",
            4,
            1,
            2
        ],
        [
            756.39404296875,
            362.55999755859375,
            760.842041015625,
            368.0559997558594,
            "43",
            4,
            1,
            3
        ]
    ],
    "5": [
        [
            416.80999755859375,
            183.91000366210938,
            448.9739990234375,
            189.406005859375,
            "10HHJ43EC001|2",
            5,
            0,
            0
        ],
        [
            416.80999755859375,
            188.7100067138672,
            425.4779968261719,
            194.2060089111328,
            "SGC",
            5,
            1,
            0
        ],
        [
            426.5899963378906,
            188.7100067138672,
            432.3699951171875,
            194.2060089111328,
            "SG",
            5,
            1,
            1
        ],
        [
            433.48199462890625,
            188.7100067138672,
            439.0379943847656,
            194.2060089111328,
            "BR",
            5,
            1,
            2
        ],
        [
            440.1499938964844,
            188.7100067138672,
            444.5979919433594,
            194.2060089111328,
            "43",
            5,
            1,
            3
        ]
    ],
    "6": [
        [
            416.80999755859375,
            159.07998657226562,
            448.9739990234375,
            164.57598876953125,
            "10HHJ43EC001|2",
            6,
            0,
            0
        ],
        [
            416.80999755859375,
            163.87998962402344,
            425.4779968261719,
            169.37599182128906,
            "SGC",
            6,
            1,
            0
        ],
        [
            426.5899963378906,
            163.87998962402344,
            432.3699951171875,
            169.37599182128906,
            "SG",
            6,
            1,
            1
        ],
        [
            433.48199462890625,
            163.87998962402344,
            439.0379943847656,
            169.37599182128906,
            "BR",
            6,
            1,
            2
        ],
        [
            440.1499938964844,
            163.87998962402344,
            444.5979919433594,
            169.37599182128906,
            "43",
            6,
            1,
            3
        ]
    ],