{
    "0": [
        [
            557.5399780273438,
            326.71002197265625,
            601.115966796875,
            337.0060119628906,
            "10HHJ42CF901Z|1\nDEBIET SG BR 42 1oo2\n",
            0,
            0
        ]
    ],
    "1": [
        [
            549.260009765625,
            121.82000732421875,
            592.8359985351562,
            151.04600524902344,
            "10HHJ42CF002X|1\nDEBIET SG BR 42\n10HHJ42CF901|1\nDEBIET SG BR 42\n10HHJ42CF901Z|1\nDEBIET SG BR 42 1oo2\n",
            1,
            0
        ]
    ],
    "2": [
        [
            648.5999755859375,
            109.41000366210938,
            693.5039672851562,
            119.70600891113281,
            "10HYY02EU001|10\nTOEP 6 PASSIEFERING\n",
            2,
            0
        ]
    ],
    "3": [
        [
            557.5399780273438,
            413.6400451660156,
            601.115966796875,
            423.93603515625,
            "10HHJ42CF901Z|1\nDEBIET SG BR 42 1oo2\n",
            3,
            0
        ]
    ]
}