{
    "0": [
        [
            557.5399780273438,
            326.71002197265625,
            591.9239501953125,
            332.2060241699219,
            "10HHJ42CF901Z|1",
            0,
            0,
            0
        ],
        [
            557.5399780273438,
            331.510009765625,
            571.9879760742188,
            337.0060119628906,
            "DEBIET",
            0,
            1,
            0
        ],
        [
            573.0999755859375,
            331.510009765625,
            578.8800048828125,
            337.0060119628906,
            "SG",
            0,
            1,
            1
        ],
        [
            579.9920043945312,
            331.510009765625,
            585.5479736328125,
            337.0060119628906,
            "BR",
            0,
            1,
            2
        ],
        [
            586.6599731445312,
            331.510009765625,
            591.1079711914062,
            337.0060119628906,
            "42",
            0,
            1,
            3
        ],
        [
            592.219970703125,
            331.510009765625,
            601.115966796875,
            337.0060119628906,
            "1oo2",
            0,
            1,
            4
        ]
    ],
    "1": [
        [
            549.260009765625,
            121.82000732421875,
            583.8680419921875,
            127.31600952148438,
            "10HHJ42CF002X|1",
            1,
            0,
            0
        ],
        [
            549.260009765625,
            126.62001037597656,
            563.7080078125,
            132.1160125732422,
            "DEBIET",
            1,
            1,
            0
        ],
        [
            564.8200073242188,
            126.62001037597656,
            570.6000366210938,
            132.1160125732422,
            "SG",
            1,
            1,
            1
        ],
        [
            571.7120361328125,
            126.62001037597656,
            577.2680053710938,
            132.1160125732422,
            "BR",
            1,
            1,
            2
        ],
        [
            578.3800048828125,
            126.62001037597656,
            582.8280029296875,
            132.1160125732422,
            "42",
            1,
            1,
            3
        ],
        [
            549.260009765625,
            131.29000854492188,
            581.2000122070312,
            136.7860107421875,
            "10HHJ42CF901|1",
            1,
            2,
            0
        ],
        [
            549.260009765625,
            136.0900115966797,
            563.7080078125,
            141.5860137939453,
            "DEBIET",
            1,
            3,
            0
        ],
        [
            564.8200073242188,
            136.0900115966797,
            570.6000366210938,
            141.5860137939453,
            "SG",
            1,
            3,
            1
        ],
        [
            571.7120361328125,
            136.0900115966797,
            577.2680053710938,
            141.5860137939453,
            "BR",
            1,
            3,
            2
        ],
        [
            578.3800048828125,
            136.0900115966797,
            582.8280029296875,
            141.5860137939453,
            "42",
            1,
            3,
            3
        ],
        [
            549.260009765625,
            140.75,
            583.64404296875,
            146.24600219726562,
            "10HHJ42CF901Z|1",
            1,
            4,
            0
        ],
        [
            549.260009765625,
            145.5500030517578,
            563.7080078125,
            151.04600524902344,
            "DEBIET",
            1,
            5,
            0
        ],
        [
            564.8200073242188,
            145.5500030517578,
            570.6000366210938,
            151.04600524902344,
            "SG",
            1,
            5,
            1
        ],
        [
            571.7120361328125,
            145.5500030517578,
            577.2680053710938,
            151.04600524902344,
            "BR",
            1,
            5,
            2
        ],
        [
            578.3800048828125,
            145.5500030517578,
            582.8280029296875,
            151.04600524902344,
            "42",
            1,
            5,
            3
        ],
        [
            583.9400024414062,
            145.5500030517578,
            592.8359985351562,
            151.04600524902344,
            "1oo2",
            1,
            5,
            4
        ]
    ],
    "2": [
        [
            648.5999755859375,
            109.41000366210938,
            683.4359741210938,
            114.906005859375,
            "10HYY02EU001|10",
            2,
            0,
            0
        ],
        [
            648.5999755859375,
            114.21000671386719,
            659.4920043945312,
            119.70600891113281,
            "TOEP",
            2,
            1,
            0
        ],
        [
            660.60400390625,
            114.21000671386719,
            662.8280029296875,
            119.70600891113281,
            "6",
            2,
            1,
            1
        ],
        [
            663.9400024414062,
            114.21000671386719,
            693.5039672851562,
            119.70600891113281,
            "PASSIEFERING",
            2,
            1,
            2
        ]
    ],
    "3": [
        [
            557.5399780273438,
            413.6400451660156,
            591.9239501953125,
            419.13604736328125,
            "10HHJ42CF901Z|1",
            3,
            0,
            0
        ],
        [
            557.5399780273438,
            418.4400329589844,
            571.9879760742188,
            423.93603515625,
            "DEBIET",
            3,
            1,
            0
        ],
        [
            573.0999755859375,
            418.4400329589844,
            578.8800048828125,
            423.93603515625,
            "SG",
            3,
            1,
            1
        ],
        [
            579.9920043945312,
            418.4400329589844,
            585.5479736328125,
            423.93603515625,
            "BR",
            3,
            1,
            2
        ],
        [
            586.6599731445312,
            418.4400329589844,
            591.1079711914062,
            423.93603515625,
            "42",
            3,
            1,
            3
        ],
        [
            592.219970703125,
            418.4400329589844,
            601.115966796875,
            423.93603515625,
            "1oo2",
            3,
            1,
            4
        ]
    ]
}