{
    "0": [
        [
            499.5899963378906,
            134.239990234375,
            556.489990234375,
            163.4659881591797,
            "10EKY00FU901|2\nSOM OP THERMISCH LAST 1\n10HHA43FU901|1\nMAX THERMISCH LAST BR 43\n!CONVERTER_2|5\n!CONVERTER_AP6\n",
            0,
            0
        ]
    ],
    "1": [
        [
            499.5899963378906,
            283.2500305175781,
            554.9340209960938,
            303.0160217285156,
            "10EKY00FU902|2\nSOM OP THERMISCH LAST 2\n!CONVERTER_2|5\n!CONVERTER_AP6\n",
            1,
            0
        ]
    ],
    "2": [
        [
            499.5899963378906,
            183.91000366210938,
            554.9299926757812,
            194.2060089111328,
            "10HHA43FU902|1\nMIN LU SG VERHOUDING BR\n",
            2,
            0
        ]
    ]
}