{
    "0": [
        [
            400.25,
            289.46002197265625,
            432.63800048828125,
            299.7560119628906,
            "10HHA42EZ001|8\nBR 42 VRIJ\n",
            0,
            0
        ]
    ],
    "1": [
        [
            400.25,
            202.54000854492188,
            432.63800048828125,
            212.8360137939453,
            "10HHA42EZ001|8\nBR 42 VRIJ\n",
            1,
            0
        ]
    ]
}