{
    "0": [
        [
            0.24109432886862353,
            0.14677419354838708,
            0.2750071245369051,
            0.16129032258064516,
            "F_CH_DI",
            0.9639552186278921
        ]
    ],
    "1": [
        [
            0.22200056996295242,
            0.1681451612903226,
            0.23795953263037903,
            0.1786290322580645,
            "1112.6*",
            0.19251139236915205
        ]
    ],
    "2": [
        [
            0.24052436591621545,
            0.16532258064516128,
            0.2750071245369051,
            0.1810483870967742,
            "'VALUE PASS",
            0.9947231024707166
        ]
    ],
    "3": [
        [
            0.3542319749216301,
            0.1629032258064516,
            0.4018238814477059,
            0.18266129032258063,
            "[PAss_3GGoo281",
            0.16056549744475357
        ]
    ],
    "4": [
        [
            0.41635793673411226,
            0.16491935483870968,
            0.4659447135936164,
            0.17540322580645162,
            "SG BR 42 VH-A 2 ME",
            0.6088577689246786
        ]
    ],
    "5": [
        [
            0.2593331433456825,
            0.17459677419354838,
            0.27158734682245655,
            0.1842741935483871,
            "OUT",
            0.9846039429059382
        ]
    ],
    "6": [
        [
            0.41635793673411226,
            0.17258064516129032,
            0.44485608435451696,
            0.18306451612903227,
            "PASS_OUT",
            0.9389830285465526
        ]
    ],
    "7": [
        [
            0.35651182673126247,
            0.18508064516129033,
            0.3969791963522371,
            0.1935483870967742,
            "TOHYYOZEU0014",
            0.7508176223225631
        ]
    ],
    "8": [
        [
            0.2408093473924195,
            0.19153225806451613,
            0.2527785693929895,
            0.20161290322580644,
            "'SIM",
            0.9042279720306396
        ]
    ],
    "9": [
        [
            0.262182958107723,
            0.19274193548387097,
            0.2767170133941294,
            0.20120967741935483,
            "QBAD",
            0.9999767541885376
        ]
    ],
    "10": [
        [
            0.35622684525505843,
            0.19153225806451613,
            0.41208321459105157,
            0.20161290322580644,
            "TOEP 6 PASSIEFERING",
            0.7420655390564775
        ]
    ],
    "11": [
        [
            0.2413793103448276,
            0.20887096774193548,
            0.2536335138216016,
            0.21854838709677418,
            "SIM _",
            0.6801730476619096
        ]
    ],
    "12": [
        [
            0.24166429182103163,
            0.21733870967741936,
            0.25021373610715303,
            0.2245967741935484,
            "ON",
            0.9994075510189067
        ]
    ],
    "13": [
        [
            0.26246793958392706,
            0.2125,
            0.27700199487033345,
            0.22298387096774194,
            "QSIM",
            0.41790416836738586
        ]
    ],
    "14": [
        [
            0.24166429182103163,
            0.22943548387096774,
            0.2556283841550299,
            0.23790322580645162,
            "PASS",
            0.9966927766799927
        ]
    ],
    "15": [
        [
            0.2798518096323739,
            0.22983870967741934,
            0.31917925334853237,
            0.23951612903225805,
            "DB1OOO FBQ_BQ",
            0.5640757539649434
        ]
    ],
    "16": [
        [
            0.4750641208321459,
            0.2254032258064516,
            0.530920490168139,
            0.23588709677419356,
            "NOHHJAZCGOO2BIIXGO2",
            0.6269937856859109
        ]
    ],
    "17": [
        [
            0.5343402678825876,
            0.22903225806451613,
            0.5833570817896837,
            0.23951612903225805,
            "SG BR 42 VH-A 2 ME",
            0.9474115138909057
        ]
    ],
    "18": [
        [
            0.24166429182103163,
            0.23830645161290323,
            0.25021373610715303,
            0.24556451612903227,
            "ON",
            0.9997477182865775
        ]
    ],
    "19": [
        [
            0.5346252493587916,
            0.23830645161290323,
            0.5494442861214021,
            0.2467741935483871,
            "CLSD",
            0.9999492168426514
        ]
    ],
    "20": [
        [
            0.2408093473924195,
            0.24879032258064515,
            0.2536335138216016,
            0.2592741935483871,
            "ACK_",
            0.5989330661451991
        ]
    ],
    "21": [
        [
            0.4736392134511257,
            0.24556451612903227,
            0.518381305215161,
            0.2560483870967742,
            "TOHHJ42CGO02Xj1",
            0.19985259790905166
        ]
    ],
    "22": [
        [
            0.591336563123397,
            0.24556451612903227,
            0.6480478768880022,
            0.25725806451612904,
            "[THHJ42CGOO2BIIXG5T",
            0.3170378913569196
        ]
    ],
    "23": [
        [
            0.6517526360786549,
            0.24879032258064515,
            0.701339412938159,
            0.2592741935483871,
            "SG BR 42 VH-A 2 ME",
            0.9847817435250079
        ]
    ],
    "24": [
        [
            0.2408093473924195,
            0.2564516129032258,
            0.2536335138216016,
            0.2669354838709677,
            "NEC",
            0.997651974232864
        ]
    ],
    "25": [
        [
            0.268452550584212,
            0.2560483870967742,
            0.2767170133941294,
            0.2633064516129032,
            "QN",
            0.999940151999668
        ]
    ],
    "26": [
        [
            0.4744941578797378,
            0.25483870967741934,
            0.5141065830721003,
            0.2633064516129032,
            "30 BR 42 VttA 2",
            0.6163789338518426
        ]
    ],
    "27": [
        [
            0.6526075805072671,
            0.25806451612903225,
            0.6728412653177543,
            0.26653225806451614,
            "N. CLSD",
            0.6259086728832292
        ]
    ],
    "28": [
        [
            0.4744941578797378,
            0.2625,
            0.5149615275007124,
            0.2709677419354839,
            "1OHHA4ZEZO01/3",
            0.5256327388364616
        ]
    ],
    "29": [
        [
            0.24166429182103163,
            0.2713709677419355,
            0.25391849529780564,
            0.27983870967741936,
            "ACK",
            0.9912114927711574
        ]
    ],
    "30": [
        [
            0.4736392134511257,
            0.26975806451612905,
            0.5012824166429182,
            0.28024193548387094,
            "BR 42 VRIJ",
            0.9957995031205754
        ]
    ],
    "31": [
        [
            0.5924764890282131,
            0.26814516129032256,
            0.6329438586491878,
            0.27661290322580645,
            "TTOFIFIA4ZEZO014",
            0.3794664286590099
        ]
    ],
    "32": [
        [
            0.2408093473924195,
            0.27741935483870966,
            0.2510686805357652,
            0.2879032258064516,
            "REI",
            0.9992471556644148
        ]
    ],
    "33": [
        [
            0.2618979766315189,
            0.27741935483870966,
            0.27700199487033345,
            0.2879032258064516,
            "DATA",
            0.9999501705169678
        ]
    ],
    "34": [
        [
            0.4744941578797378,
            0.27903225806451615,
            0.5172413793103449,
            0.2875,
            "OHHJAZAAOOIAI2",
            0.546725565647673
        ]
    ],