{
    "0": [
        [
            640.3200073242188,
            109.41000366210938,
            683.89599609375,
            138.63600158691406,
            "10HHJ42CF901X|1\nDEBIET SG BR 42 1oo2\n10HHJ42AA001A|2\nSG BR 42 VH-A 1\n10HHJ42AA002A|2\nSG BR 42 VH-A 2\n",
            0,
            0
        ]
    ],
    "1": [
        [
            640.3200073242188,
            233.57998657226562,
            683.89599609375,
            262.8059997558594,
            "10HHJ42CF901X|1\nDEBIET SG BR 42 1oo2\n10HHJ42AA001A|2\nSG BR 42 VH-A 1\n10HHJ42AA002A|2\nSG BR 42 VH-A 2\n",
            1,
            0
        ]
    ]
}