{
    "0": [
        [
            0.2638928469649473,
            0.14677419354838708,
            0.31176973496722715,
            0.16129032258064516,
            "FUM_BSMON",
            0.9976927735303552
        ]
    ],
    "1": [
        [
            0.17782844115132515,
            0.16975806451612904,
            0.2157309774864634,
            0.1782258064516129,
            "contact with 47 k:",
            0.7549780589281079
        ]
    ],
    "2": [
        [
            0.21487603305785125,
            0.1681451612903226,
            0.23396979196352238,
            0.17983870967741936,
            "bridging",
            0.7848036727921206
        ]
    ],
    "3": [
        [
            0.23396979196352238,
            0.17056451612903226,
            0.25705329153605017,
            0.1782258064516129,
            "resistancee",
            0.5317941083217059
        ]
    ],
    "4": [
        [
            0.2601880877742947,
            0.17016129032258065,
            0.27842690225135364,
            0.18064516129032257,
            "STYPE",
            0.9998244417155753
        ]
    ],
    "5": [
        [
            0.30436021658592194,
            0.1717741935483871,
            0.3157594756340838,
            0.18024193548387096,
            "OUT",
            0.9967451260217676
        ]
    ],
    "6": [
        [
            0.4351667141635794,
            0.16370967741935483,
            0.5502992305500143,
            0.17540322580645162,
            "NOHHW31CGOOZBIIXGO2] SG BR 31 N2 |-K 1.1 ME",
            0.41156390140388754
        ]
    ],
    "7": [
        [
            0.49472784269022513,
            0.17258064516129032,
            0.5169563978341408,
            0.18306451612903227,
            "CLOSED",
            0.9999241761855876
        ]
    ],
    "8": [
        [
            0.2487888287261328,
            0.1907258064516129,
            0.25705329153605017,
            0.19798387096774195,
            "0.0.",
            0.3568960726261139
        ]
    ],
    "9": [
        [
            0.3183243089199202,
            0.18830645161290321,
            0.3431176973496723,
            0.1967741935483871,
            "KANA FLT",
            0.999784497730198
        ]
    ],
    "10": [
        [
            0.4354516956397834,
            0.18508064516129033,
            0.48218865773724706,
            0.1935483870967742,
            "TOHHJBTEC001/6/16",
            0.39863905062637406
        ]
    ],
    "11": [
        [
            0.2610430322029068,
            0.19153225806451613,
            0.2792818466799658,
            0.20161290322580644,
            "T_MON",
            0.993594961218108
        ]
    ],
    "12": [
        [
            0.3055001424907381,
            0.19233870967741937,
            0.3402678825876318,
            0.20524193548387096,
            "ALIA*M XM2O",
            0.09187487421145325
        ]
    ],
    "13": [
        [
            0.4343117697349672,
            0.19153225806451613,
            0.4699344542604731,
            0.20161290322580644,
            "SGC SG BR 31",
            0.7220883270133589
        ]
    ],
    "14": [
        [
            0.08150470219435736,
            0.2028225806451613,
            0.12909660872043316,
            0.22258064516129034,
            "K8Uz RNGoo2BII",
            0.04203062421074507
        ]
    ],
    "15": [
        [
            0.2601880877742947,
            0.21330645161290324,
            0.2895411798233115,
            0.22298387096774194,
            "LINK_FUM1",
            0.5450649722527636
        ]
    ],
    "16": [
        [
            0.29296095753776,
            0.2125,
            0.31604445711028784,
            0.22298387096774194,
            "TRBL_AL",
            0.9974185576978244
        ]
    ],
    "17": [
        [
            0.31860929039612423,
            0.20766129032258066,
            0.33741806782559136,
            0.2254032258064516,
            "AKCIEF",
            0.7176505864166399
        ]
    ],
    "18": [
        [
            0.2653177543459675,
            0.24838709677419354,
            0.3149045312054716,
            0.2629032258064516,
            "EwO6_1MOO1",
            0.4946245281274432
        ]
    ],
    "19": [
        [
            0.12368196067255628,
            0.8959677419354839,
            0.14705044172128812,
            0.9032258064516129,
            "31/12/69",
            0.9993946532063716
        ]
    ],
    "20": [
        [
            0.19948703334283271,
            0.8971774193548387,
            0.21259618124821886,
            0.9032258064516129,
            "Dato",
            0.8314253687858582
        ]
    ],
    "21": [
        [
            0.23795953263037903,
            0.8959677419354839,
            0.2610430322029068,
            0.9032258064516129,
            "19/05/08",
            0.8810087839243202
        ]
    ],
    "22": [
        [
            0.8033627814192078,
            0.8959677419354839,
            0.8213166144200627,
            0.902016129032258,
            "EFFO1",
            0.5448937023397232
        ]
    ],
    "23": [
        [
            0.85351952123112,
            0.8959677419354839,
            0.9008264462809917,
            0.902016129032258,
            "1OHHW31CG002B",
            0.38387014488228793
        ]
    ],
    "24": [
        [
            0.12368196067255628,
            0.9048387096774193,
            0.14705044172128812,
            0.9120967741935484,
            "31/12/69",
            0.9994392553455965
        ]
    ],
    "25": [
        [
            0.19948703334283271,
            0.9056451612903226,
            0.21744086634368767,
            0.9129032258064517,
            "Drawn",
            0.9477706257901892
        ]
    ],
    "26": [
        [
            0.21915075520091193,
            0.9056451612903226,
            0.22741521801082928,
            0.9133064516129032,
            "By",
            0.9941600821698465
        ]
    ],
    "27": [
        [
            0.5386149900256484,
            0.9048387096774193,
            0.5656882302650328,
            0.9120967741935484,
            "SG BR 31",
            0.7322763029218672
        ]
    ],
    "28": [
        [
            0.5668281561698489,
            0.9048387096774193,
            0.6047306925049871,
            0.9120967741935484,
            "N2 !-K 1.1 ME",
            0.4434374503850106
        ]
    ],
    "29": [
        [
            0.12368196067255628,
            0.9145161290322581,
            0.14705044172128812,
            0.9209677419354839,
            "31/12/69",
            0.9950990183331156
        ]
    ],
    "30": [
        [
            0.19948703334283271,
            0.9145161290322581,
            0.23368481048731832,
            0.9221774193548387,
            "checked By",
            0.7363879440042383
        ]
    ],
    "31": [
        [
            0.6916500427472214,
            0.9137096774193548,
            0.7235679680820747,
            0.9209677419354839,
            "16 YhhY31",
            0.6604147135659508
        ]
    ],
    "32": [
        [
            0.9165004274722143,
            0.9141129032258064,
            0.9307495012824166,
            0.9221774193548387,
            "Page",
            0.9983940720558167
        ]
    ],
    "33": [
        [
            0.05414648047876888,
            0.9233870967741935,
            0.06896551724137931,
            0.9310483870967742,
            "State",
            0.9891601057335949
        ]
    ],
    "34": [
        [
            0.0926189797663152,
            0.9233870967741935,
            0.11484753491023084,
            0.9310483870967742,
            "change",
            0.6240219719901533
        ]
    ],