{
    "0": [
        [
            507.8699951171875,
            159.07998657226562,
            552.989990234375,
            178.8360137939453,
            "10HHL43CF002X|1\nLUCHTDEBIET BRD 43\n[10HHL43CF002|2]\n[LUCHTDEBIET BRD 43]\n",
            0,
            0
        ]
    ],
    "1": [
        [
            342.29998779296875,
            351.54998779296875,
            395.2039794921875,
            361.8459777832031,
            "10HHL43CF901Z|1\nLUCHTDEBIET BRD 43 1oo2\n",
            1,
            0
        ]
    ],
    "2": [
        [
            507.8699951171875,
            109.41000366210938,
            552.7739868164062,
            119.70600891113281,
            "10HYY02EU001|11\nTOEP 6 PASSIEFERING\n",
            2,
            0
        ]
    ],
    "3": [
        [
            342.29998779296875,
            121.82000732421875,
            395.2039794921875,
            151.04600524902344,
            "10HHL43CF002X|1\nLUCHTDEBIET BRD 43\n10HHL43CF901|1\nLUCHTDEBIET BRD 43 1oo2\n10HHL43CF901Z|1\nLUCHTDEBIET BRD 43 1oo2\n",
            3,
            0
        ]
    ]
}