{
    "0": [
        [
            507.8699951171875,
            159.07998657226562,
            542.7020263671875,
            164.57598876953125,
            "10HHL43CF002X|1",
            0,
            0,
            0
        ],
        [
            507.8699951171875,
            163.87998962402344,
            535.6499633789062,
            169.37599182128906,
            "LUCHTDEBIET",
            0,
            1,
            0
        ],
        [
            536.761962890625,
            163.87998962402344,
            545.2059936523438,
            169.37599182128906,
            "BRD",
            0,
            1,
            1
        ],
        [
            546.3179931640625,
            163.87998962402344,
            550.7659912109375,
            169.37599182128906,
            "43",
            0,
            1,
            2
        ],
        [
            507.8699951171875,
            168.54000854492188,
            542.2579956054688,
            174.0360107421875,
            "[10HHL43CF002|2]",
            0,
            2,
            0
        ],
        [
            507.8699951171875,
            173.3400115966797,
            536.761962890625,
            178.8360137939453,
            "[LUCHTDEBIET",
            0,
            3,
            0
        ],
        [
            537.8740234375,
            173.3400115966797,
            546.3179931640625,
            178.8360137939453,
            "BRD",
            0,
            3,
            1
        ],
        [
            547.4299926757812,
            173.3400115966797,
            552.989990234375,
            178.8360137939453,
            "43]",
            0,
            3,
            2
        ]
    ],
    "1": [
        [
            342.29998779296875,
            351.54998779296875,
            376.9079895019531,
            357.0459899902344,
            "10HHL43CF901Z|1",
            1,
            0,
            0
        ],
        [
            342.29998779296875,
            356.3499755859375,
            370.0799865722656,
            361.8459777832031,
            "LUCHTDEBIET",
            1,
            1,
            0
        ],
        [
            371.1919860839844,
            356.3499755859375,
            379.635986328125,
            361.8459777832031,
            "BRD",
            1,
            1,
            1
        ],
        [
            380.74798583984375,
            356.3499755859375,
            385.19598388671875,
            361.8459777832031,
            "43",
            1,
            1,
            2
        ],
        [
            386.3079833984375,
            356.3499755859375,
            395.2039794921875,
            361.8459777832031,
            "1oo2",
            1,
            1,
            3
        ]
    ],
    "2": [
        [
            507.8699951171875,
            109.41000366210938,
            542.7059936523438,
            114.906005859375,
            "10HYY02EU001|11",
            2,
            0,
            0
        ],
        [
            507.8699951171875,
            114.21000671386719,
            518.7620239257812,
            119.70600891113281,
            "TOEP",
            2,
            1,
            0
        ],
        [
            519.8740234375,
            114.21000671386719,
            522.0980224609375,
            119.70600891113281,
            "6",
            2,
            1,
            1
        ],
        [
            523.2100219726562,
            114.21000671386719,
            552.7739868164062,
            119.70600891113281,
            "PASSIEFERING",
            2,
            1,
            2
        ]
    ],
    "3": [
        [
            342.29998779296875,
            121.82000732421875,
            377.1319885253906,
            127.31600952148438,
            "10HHL43CF002X|1",
            3,
            0,
            0
        ],
        [
            342.29998779296875,
            126.62001037597656,
            370.0799865722656,
            132.1160125732422,
            "LUCHTDEBIET",
            3,
            1,
            0
        ],
        [
            371.1919860839844,
            126.62001037597656,
            379.635986328125,
            132.1160125732422,
            "BRD",
            3,
            1,
            1
        ],
        [
            380.74798583984375,
            126.62001037597656,
            385.19598388671875,
            132.1160125732422,
            "43",
            3,
            1,
            2
        ],
        [
            342.29998779296875,
            131.29000854492188,
            374.4639892578125,
            136.7860107421875,
            "10HHL43CF901|1",
            3,
            2,
            0
        ],
        [
            342.29998779296875,
            136.0900115966797,
            370.0799865722656,
            141.5860137939453,
            "LUCHTDEBIET",
            3,
            3,
            0
        ],
        [
            371.1919860839844,
            136.0900115966797,
            379.635986328125,
            141.5860137939453,
            "BRD",
            3,
            3,
            1
        ],
        [
            380.74798583984375,
            136.0900115966797,
            385.19598388671875,
            141.5860137939453,
            "43",
            3,
            3,
            2
        ],
        [
            386.3079833984375,
            136.0900115966797,
            395.2039794921875,
            141.5860137939453,
            "1oo2",
            3,
            3,
            3
        ],
        [
            342.29998779296875,
            140.75,
            376.9079895019531,
            146.24600219726562,
            "10HHL43CF901Z|1",
            3,
            4,
            0
        ],
        [
            342.29998779296875,
            145.5500030517578,
            370.0799865722656,
            151.04600524902344,
            "LUCHTDEBIET",
            3,
            5,
            0
        ],
        [
            371.1919860839844,
            145.5500030517578,
            379.635986328125,
            151.04600524902344,
            "BRD",
            3,
            5,
            1
        ],
        [
            380.74798583984375,
            145.5500030517578,
            385.19598388671875,
            151.04600524902344,
            "43",
            3,
            5,
            2
        ],
        [
            386.3079833984375,
            145.5500030517578,
            395.2039794921875,
            151.04600524902344,
            "1oo2",
            3,
            5,
            3
        ]
    ]
}