{
    "0": [
        [
            632.0399780273438,
            109.41000366210938,
            666.8759765625,
            114.906005859375,
            "10HYY02EU001|10",
            0,
            0,
            0
        ],
        [
            632.0399780273438,
            114.21000671386719,
            642.9320068359375,
            119.70600891113281,
            "TOEP",
            0,
            1,
            0
        ],
        [
            644.0440063476562,
            114.21000671386719,
            646.2680053710938,
            119.70600891113281,
            "6",
            0,
            1,
            1
        ],
        [
            647.3800048828125,
            114.21000671386719,
            676.9439697265625,
            119.70600891113281,
            "PASSIEFERING",
            0,
            1,
            2
        ]
    ],
    "1": [
        [
            632.0399780273438,
            332.91998291015625,
            666.4239501953125,
            338.4159851074219,
            "10HHJ43CF901Z|1",
            1,
            0,
            0
        ],
        [
            632.0399780273438,
            337.719970703125,
            646.4879760742188,
            343.2159729003906,
            "DEBIET",
            1,
            1,
            0
        ],
        [
            647.5999755859375,
            337.719970703125,
            653.3800048828125,
            343.2159729003906,
            "SG",
            1,
            1,
            1
        ],
        [
            654.4920043945312,
            337.719970703125,
            660.0479736328125,
            343.2159729003906,
            "BR",
            1,
            1,
            2
        ],
        [
            661.1599731445312,
            337.719970703125,
            665.6079711914062,
            343.2159729003906,
            "43",
            1,
            1,
            3
        ],
        [
            666.719970703125,
            337.719970703125,
            675.615966796875,
            343.2159729003906,
            "1oo2",
            1,
            1,
            4
        ]
    ],
    "2": [
        [
            532.7000122070312,
            121.82000732421875,
            567.3080444335938,
            127.31600952148438,
            "10HHJ43CF002X|1",
            2,
            0,
            0
        ],
        [
            532.7000122070312,
            126.62001037597656,
            547.1480102539062,
            132.1160125732422,
            "DEBIET",
            2,
            1,
            0
        ],
        [
            548.260009765625,
            126.62001037597656,
            554.0400390625,
            132.1160125732422,
            "SG",
            2,
            1,
            1
        ],
        [
            555.1520385742188,
            126.62001037597656,
            560.7080078125,
            132.1160125732422,
            "BR",
            2,
            1,
            2
        ],
        [
            561.8200073242188,
            126.62001037597656,
            566.2680053710938,
            132.1160125732422,
            "43",
            2,
            1,
            3
        ],
        [
            532.7000122070312,
            131.29000854492188,
            564.6400146484375,
            136.7860107421875,
            "10HHJ43CF901|1",
            2,
            2,
            0
        ],
        [
            532.7000122070312,
            136.0900115966797,
            547.1480102539062,
            141.5860137939453,
            "DEBIET",
            2,
            3,
            0
        ],
        [
            548.260009765625,
            136.0900115966797,
            554.0400390625,
            141.5860137939453,
            "SG",
            2,
            3,
            1
        ],
        [
            555.1520385742188,
            136.0900115966797,
            560.7080078125,
            141.5860137939453,
            "BR",
            2,
            3,
            2
        ],
        [
            561.8200073242188,
            136.0900115966797,
            566.2680053710938,
            141.5860137939453,
            "43",
            2,
            3,
            3
        ],
        [
            567.3800048828125,
            136.0900115966797,
            576.2760009765625,
            141.5860137939453,
            "1oo2",
            2,
            3,
            4
        ],
        [
            532.7000122070312,
            140.75,
            567.083984375,
            146.24600219726562,
            "10HHJ43CF901Z|1",
            2,
            4,
            0
        ],
        [
            532.7000122070312,
            145.5500030517578,
            547.1480102539062,
            151.04600524902344,
            "DEBIET",
            2,
            5,
            0
        ],
        [
            548.260009765625,
            145.5500030517578,
            554.0400390625,
            151.04600524902344,
            "SG",
            2,
            5,
            1
        ],
        [
            555.1520385742188,
            145.5500030517578,
            560.7080078125,
            151.04600524902344,
            "BR",
            2,
            5,
            2
        ],
        [
            561.8200073242188,
            145.5500030517578,
            566.2680053710938,
            151.04600524902344,
            "43",
            2,
            5,
            3
        ],
        [
            567.3800048828125,
            145.5500030517578,
            576.2760009765625,
            151.04600524902344,
            "1oo2",
            2,
            5,
            4
        ]
    ],
    "3": [
        [
            632.0399780273438,
            419.84002685546875,
            666.4239501953125,
            425.3360290527344,
            "10HHJ43CF901Z|1",
            3,
            0,
            0
        ],
        [
            632.0399780273438,
            424.6400146484375,
            646.4879760742188,
            430.1360168457031,
            "DEBIET",
            3,
            1,
            0
        ],
        [
            647.5999755859375,
            424.6400146484375,
            653.3800048828125,
            430.1360168457031,
            "SG",
            3,
            1,
            1
        ],
        [
            654.4920043945312,
            424.6400146484375,
            660.0479736328125,
            430.1360168457031,
            "BR",
            3,
            1,
            2
        ],
        [
            661.1599731445312,
            424.6400146484375,
            665.6079711914062,
            430.1360168457031,
            "43",
            3,
            1,
            3
        ],
        [
            666.719970703125,
            424.6400146484375,
            675.615966796875,
            430.1360168457031,
            "1oo2",
            3,
            1,
            4
        ]
    ]
}