{
    "0": [
        [
            499.5899963378906,
            283.2500305175781,
            531.7579956054688,
            288.74603271484375,
            "10EKY00FU902|2",
            0,
            0,
            0
        ],
        [
            499.5899963378906,
            288.0500183105469,
            508.7019958496094,
            293.5460205078125,
            "SOM",
            0,
            1,
            0
        ],
        [
            509.8139953613281,
            288.0500183105469,
            515.5940551757812,
            293.5460205078125,
            "OP",
            0,
            1,
            1
        ],
        [
            516.7059936523438,
            288.0500183105469,
            540.4819946289062,
            293.5460205078125,
            "THERMISCH",
            0,
            1,
            2
        ],
        [
            541.593994140625,
            288.0500183105469,
            551.5979614257812,
            293.5460205078125,
            "LAST",
            0,
            1,
            3
        ],
        [
            552.7100219726562,
            288.0500183105469,
            554.9340209960938,
            293.5460205078125,
            "2",
            0,
            1,
            4
        ],
        [
            499.5899963378906,
            292.72003173828125,
            533.5260009765625,
            298.2160339355469,
            "!CONVERTER_2|5",
            0,
            2,
            0
        ],
        [
            499.5899963378906,
            297.52001953125,
            535.5980224609375,
            303.0160217285156,
            "!CONVERTER_AP6",
            0,
            3,
            0
        ]
    ],
    "1": [
        [
            499.5899963378906,
            183.91000366210938,
            532.197998046875,
            189.406005859375,
            "10HHA42FU902|1",
            1,
            0,
            0
        ],
        [
            499.5899963378906,
            188.7100067138672,
            506.9219970703125,
            194.2060089111328,
            "MIN",
            1,
            1,
            0
        ],
        [
            508.03399658203125,
            188.7100067138672,
            513.14599609375,
            194.2060089111328,
            "LU",
            1,
            1,
            1
        ],
        [
            514.2579956054688,
            188.7100067138672,
            520.0380249023438,
            194.2060089111328,
            "SG",
            1,
            1,
            2
        ],
        [
            521.1500244140625,
            188.7100067138672,
            548.2620239257812,
            194.2060089111328,
            "VERHOUDING",
            1,
            1,
            3
        ],
        [
            549.3740234375,
            188.7100067138672,
            554.9299926757812,
            194.2060089111328,
            "BR",
            1,
            1,
            4
        ]
    ],
    "2": [
        [
            499.5899963378906,
            134.239990234375,
            531.7579956054688,
            139.73599243164062,
            "10EKY00FU901|2",
            2,
            0,
            0
        ],
        [
            499.5899963378906,
            139.0399932861328,
            508.7019958496094,
            144.53599548339844,
            "SOM",
            2,
            1,
            0
        ],
        [
            509.8139953613281,
            139.0399932861328,
            515.5940551757812,
            144.53599548339844,
            "OP",
            2,
            1,
            1
        ],
        [
            516.7059936523438,
            139.0399932861328,
            540.4819946289062,
            144.53599548339844,
            "THERMISCH",
            2,
            1,
            2
        ],
        [
            541.593994140625,
            139.0399932861328,
            551.5979614257812,
            144.53599548339844,
            "LAST",
            2,
            1,
            3
        ],
        [
            552.7100219726562,
            139.0399932861328,
            554.9340209960938,
            144.53599548339844,
            "1",
            2,
            1,
            4
        ],
        [
            499.5899963378906,
            143.70999145507812,
            532.197998046875,
            149.20599365234375,
            "10HHA42FU901|1",
            2,
            2,
            0
        ],
        [
            499.5899963378906,
            148.50999450683594,
            508.25799560546875,
            154.00599670410156,
            "MAX",
            2,
            3,
            0
        ],
        [
            509.3699951171875,
            148.50999450683594,
            533.14599609375,
            154.00599670410156,
            "THERMISCH",
            2,
            3,
            1
        ],
        [
            534.2579956054688,
            148.50999450683594,
            544.261962890625,
            154.00599670410156,
            "LAST",
            2,
            3,
            2
        ],
        [
            545.3740234375,
            148.50999450683594,
            550.9299926757812,
            154.00599670410156,
            "BR",
            2,
            3,
            3
        ],
        [
            552.0419921875,
            148.50999450683594,
            556.489990234375,
            154.00599670410156,
            "42",
            2,
            3,
            4
        ],
        [
            499.5899963378906,
            153.16998291015625,
            533.5260009765625,
            158.66598510742188,
            "!CONVERTER_2|5",
            2,
            4,
            0
        ],
        [
            499.5899963378906,
            157.96998596191406,
            535.5980224609375,
            163.4659881591797,
            "!CONVERTER_AP6",
            2,
            5,
            0
        ]
    ]
}