{
    "0": [
        [
            590.6500244140625,
            165.27999877929688,
            650.2220458984375,
            185.04600524902344,
            "10HHJ42CT002X|1\nTEMPERATUUR SG BR 42\n10HHJ42CT901|1\nTEMPERATUUR SG BR 42 1oo2\n",
            0,
            0
        ]
    ],
    "1": [
        [
            656.8800048828125,
            152.8699951171875,
            701.7839965820312,
            163.16600036621094,
            "10HYY02EU001|12\nTOEP 6 PASSIEFERING\n",
            1,
            0
        ]
    ],
    "2": [
        [
            590.6500244140625,
            202.54000854492188,
            650.2220458984375,
            222.29600524902344,
            "10HHJ42CT002X|1\nTEMPERATUUR SG BR 42\n10HHJ42CT901|1\nTEMPERATUUR SG BR 42 1oo2\n",
            2,
            0
        ]
    ]
}