{
    "0": [
        [
            590.6500244140625,
            165.27999877929688,
            625.258056640625,
            170.7760009765625,
            "10HHJ42CT002X|1",
            0,
            0,
            0
        ],
        [
            590.6500244140625,
            170.0800018310547,
            621.0940551757812,
            175.5760040283203,
            "TEMPERATUUR",
            0,
            1,
            0
        ],
        [
            622.2060546875,
            170.0800018310547,
            627.9860229492188,
            175.5760040283203,
            "SG",
            0,
            1,
            1
        ],
        [
            629.0980224609375,
            170.0800018310547,
            634.654052734375,
            175.5760040283203,
            "BR",
            0,
            1,
            2
        ],
        [
            635.7660522460938,
            170.0800018310547,
            640.2140502929688,
            175.5760040283203,
            "42",
            0,
            1,
            3
        ],
        [
            590.6500244140625,
            174.75,
            622.5900268554688,
            180.24600219726562,
            "10HHJ42CT901|1",
            0,
            2,
            0
        ],
        [
            590.6500244140625,
            179.5500030517578,
            621.0940551757812,
            185.04600524902344,
            "TEMPERATUUR",
            0,
            3,
            0
        ],
        [
            622.2060546875,
            179.5500030517578,
            627.9860229492188,
            185.04600524902344,
            "SG",
            0,
            3,
            1
        ],
        [
            629.0980224609375,
            179.5500030517578,
            634.654052734375,
            185.04600524902344,
            "BR",
            0,
            3,
            2
        ],
        [
            635.7660522460938,
            179.5500030517578,
            640.2140502929688,
            185.04600524902344,
            "42",
            0,
            3,
            3
        ],
        [
            641.3260498046875,
            179.5500030517578,
            650.2220458984375,
            185.04600524902344,
            "1oo2",
            0,
            3,
            4
        ]
    ],
    "1": [
        [
            656.8800048828125,
            152.8699951171875,
            691.7160034179688,
            158.36599731445312,
            "10HYY02EU001|12",
            1,
            0,
            0
        ],
        [
            656.8800048828125,
            157.6699981689453,
            667.7720336914062,
            163.16600036621094,
            "TOEP",
            1,
            1,
            0
        ],
        [
            668.884033203125,
            157.6699981689453,
            671.1080322265625,
            163.16600036621094,
            "6",
            1,
            1,
            1
        ],
        [
            672.2200317382812,
            157.6699981689453,
            701.7839965820312,
            163.16600036621094,
            "PASSIEFERING",
            1,
            1,
            2
        ]
    ],
    "2": [
        [
            590.6500244140625,
            202.54000854492188,
            625.258056640625,
            208.0360107421875,
            "10HHJ42CT002X|1",
            2,
            0,
            0
        ],
        [
            590.6500244140625,
            207.3400115966797,
            621.0940551757812,
            212.8360137939453,
            "TEMPERATUUR",
            2,
            1,
            0
        ],
        [
            622.2060546875,
            207.3400115966797,
            627.9860229492188,
            212.8360137939453,
            "SG",
            2,
            1,
            1
        ],
        [
            629.0980224609375,
            207.3400115966797,
            634.654052734375,
            212.8360137939453,
            "BR",
            2,
            1,
            2
        ],
        [
            635.7660522460938,
            207.3400115966797,
            640.2140502929688,
            212.8360137939453,
            "42",
            2,
            1,
            3
        ],
        [
            590.6500244140625,
            212.0,
            622.5900268554688,
            217.49600219726562,
            "10HHJ42CT901|1",
            2,
            2,
            0
        ],
        [
            590.6500244140625,
            216.8000030517578,
            621.0940551757812,
            222.29600524902344,
            "TEMPERATUUR",
            2,
            3,
            0
        ],
        [
            622.2060546875,
            216.8000030517578,
            627.9860229492188,
            222.29600524902344,
            "SG",
            2,
            3,
            1
        ],
        [
            629.0980224609375,
            216.8000030517578,
            634.654052734375,
            222.29600524902344,
            "BR",
            2,
            3,
            2
        ],
        [
            635.7660522460938,
            216.8000030517578,
            640.2140502929688,
            222.29600524902344,
            "42",
            2,
            3,
            3
        ],
        [
            641.3260498046875,
            216.8000030517578,
            650.2220458984375,
            222.29600524902344,
            "1oo2",
            2,
            3,
            4
        ]
    ]
}