{
    "0": [
        [
            2249.4599609375,
            1667.948486328125,
            2444.398193359375,
            1692.34326171875,
            "27/07/2021\nTormans\n",
            0,
            0
        ]
    ],
    "1": [
        [
            2276.760009765625,
            1873.3909912109375,
            2614.10595703125,
            1931.9385986328125,
            "10010178376/278\n",
            1,
            0
        ]
    ],
    "2": [
        [
            2062.77001953125,
            1729.5745849609375,
            2280.7646484375,
            1766.1668701171875,
            "Stijgleidingen URA\n",
            2,
            0
        ]
    ],
    "3": [
        [
            2637.389892578125,
            1930.6383056640625,
            2707.650390625,
            1961.1318359375,
            "10SGA\n",
            3,
            0
        ]
    ],
    "4": [
        [
            1574.72998046875,
            1667.948486328125,
            1594.1097412109375,
            1692.34326171875,
            "00\n",
            4,
            0
        ]
    ],
    "5": [
        [
            2758.659912109375,
            1888.603759765625,
            2787.7294921875,
            1925.196044921875,
            "00\n",
            5,
            0
        ]
    ],
    "6": [
        [
            1708.43994140625,
            1667.948486328125,
            1747.2086181640625,
            1692.34326171875,
            "9932\n",
            6,
            0
        ]
    ],
    "7": [
        [
            1566.7099609375,
            1698.7412109375,
            1926.748779296875,
            1718.2572021484375,
            "VERS\nDESCRIPTION\n",
            7,
            0
        ]
    ],
    "8": [
        [
            1566.7099609375,
            1723.1123046875,
            1652.80126953125,
            1835.5953369140625,
            "Replace:\nOriginal:\nFilename:\nSchaal:\n",
            8,
            0
        ]
    ],
    "9": [
        [
            2079.159912109375,
            1864.591064453125,
            2152.402099609375,
            1922.190185546875,
            "SUBTYPE\nEplan\n",
            9,
            0
        ]
    ],
    "10": [
        [
            2103.510009765625,
            1930.2685546875,
            2267.819091796875,
            1960.7620849609375,
            "A3\nCLASS.:\n",
            10,
            0
        ]
    ],
    "11": [
        [
            2387.169921875,
            1864.591064453125,
            2809.889404296875,
            1886.54638671875,
            "IDENTIFICATION\nVERSION\n",
            11,
            0
        ]
    ],
    "12": [
        [
            2274.489990234375,
            1698.7412109375,
            2806.028564453125,
            1718.2572021484375,
            "STATUS\nAPPROVED BY\nCHECKED BY\nDESIGNED BY\nDATE\n",
            12,
            0
        ]
    ],
    "13": [
        [
            2764.6201171875,
            1667.948486328125,
            2799.5048828125,
            1692.34326171875,
            "ASB\n",
            13,
            0
        ]
    ],
    "14": [
        [
            1882.4599609375,
            1894.5675048828125,
            2791.373046875,
            1961.153076171875,
            "BEOO\nBEKN\n060\n",
            14,
            0
        ]
    ],
    "15": [
        [
            2506.570068359375,
            1667.948486328125,
            2720.832763671875,
            1692.34326171875,
            "Cops B.\nNeckebroek J.\n",
            15,
            0
        ]
    ],
    "16": [
        [
            172.67999267578125,
            10.682774543762207,
            2703.574951171875,
            28.978923797607422,
            "1\n2\n3\n4\n5\n6\n7\n8\n9\n10\n",
            16,
            0
        ]
    ],
    "17": [
        [
            12.777899742126465,
            138.65939331054688,
            23.241750717163086,
            160.61480712890625,
            "A\n",
            17,
            0
        ]
    ],
    "18": [
        [
            12.777899742126465,
            379.5993347167969,
            23.241750717163086,
            401.55474853515625,
            "B\n",
            18,
            0
        ]
    ],
    "19": [
        [
            11.916799545288086,
            620.54931640625,
            23.24018096923828,
            642.5046997070312,
            "C\n",
            19,
            0
        ]
    ],
    "20": [
        [
            11.916799545288086,
            861.4893798828125,
            23.24018096923828,
            883.4447631835938,
            "D\n",
            20,
            0
        ]
    ],
    "21": [
        [
            12.777899742126465,
            1102.4383544921875,
            23.241750717163086,
            1124.3936767578125,
            "E\n",
            21,
            0
        ]
    ],
    "22": [
        [
            13.657999992370605,
            1343.38232421875,
            23.243635177612305,
            1365.337646484375,
            "F\n",
            22,
            0
        ]
    ],
    "23": [
        [
            11.036700248718262,
            1584.327392578125,
            23.238298416137695,
            1606.28271484375,
            "G\n",
            23,
            0
        ]
    ],
    "24": [
        [
            11.916799545288086,
            1825.2723388671875,
            23.24018096923828,
            1847.2276611328125,
            "H\n",
            24,
            0
        ]
    ],
    "25": [
        [
            1617.72998046875,
            1666.4073486328125,
            1703.921875,
            1693.8758544921875,
            "Opdracht:\n",
            25,
            0
        ]
    ],
    "26": [
        [
            762.6099853515625,
            734.541748046875,
            807.0186767578125,
            750.3983764648438,
            "+15.00m\n",
            26,
            0
        ]
    ],
    "27": [
        [
            768.9110107421875,
            1165.40673828125,
            807.0182495117188,
            1181.263427734375,
            "+0.00m\n",
            27,
            0
        ]
    ],
    "28": [
        [
            1017.4299926757812,
            515.6917724609375,
            1729.5289306640625,
            531.5484008789062,
            "KANT KANAAL\nKANT JFK\n",
            28,
            0
        ]
    ],
    "29": [
        [
            1331.530029296875,
            964.1024780273438,
            1439.057861328125,
            988.4972534179688,
            "KOELTOREN\n",
            29,
            0
        ]
    ],
    "30": [
        [
            1361.0899658203125,
            988.4874877929688,
            1409.4974365234375,
            1012.8822631835938,
            "(URA)\n",
            30,
            0
        ]
    ],
    "31": [
        [
            1009.22998046875,
            1196.7017822265625,
            1058.364013671875,
            1212.5584716796875,
            "10SGA24\n",
            31,
            0
        ]
    ],
    "32": [
        [
            1016.780029296875,
            1212.5517578125,
            1050.796142578125,
            1228.408447265625,
            "AA101\n",
            32,
            0
        ]
    ],
    "33": [
        [
            1032.539794921875,
            1180.4940185546875,
            1035.0472412109375,
            1182.0723876953125,
            "10SGA24AA101\n",
            33,
            0
        ]
    ],
    "34": [
        [
            1099.9300537109375,
            1195.4307861328125,
            1149.0640869140625,
            1211.2874755859375,
            "10SGA24\n",
            34,
            0
        ]
    ],
    "35": [
        [
            1107.489990234375,
            1211.28076171875,
            1141.506103515625,
            1243.0264892578125,
            "AA100\nDN65\n",
            35,
            0
        ]
    ],