{
    "50": {
        "nodes": [
            250,
            251,
            252,
            253
        ],
        "bbx": [
            1660.9087850187154,
            1169.185762557778,
            38.37249343913163,
            24.19549148600663
        ],
        "sub": {
            "49": {
                "nodes": [
                    214,
                    215,
                    216,
                    217,
                    218,
                    219,
                    220,
                    221,
                    222,
                    223,
                    224,
                    225,
                    226,
                    227,
                    228,
                    229,
                    230,
                    231,
                    232,
                    233,
                    234,
                    235,
                    236,
                    237,
                    238,
                    239,
                    240,
                    241,
                    242,
                    243,
                    244,
                    245,
                    246,
                    247,
                    248,
                    249
                ],
                "bbx": [
                    1675.3165438877666,
                    1176.500503848704,
                    9.556975701029387,
                    9.564910271341887
                ]
            }
        },
        "class": 2
    },
    "42": {
        "nodes": [
            152,
            153,
            150,
            151
        ],
        "bbx": [
            1014.6087361905905,
            1169.185762557778,
            38.37249343913152,
            24.19549148600663
        ],
        "sub": {
            "41": {
                "nodes": [
                    128,
                    129,
                    130,
                    131,
                    132,
                    133,
                    134,
                    135,
                    136,
                    137,
                    138,
                    139,
                    140,
                    141,
                    142,
                    143,
                    144,
                    145,
                    146,
                    147,
                    148,
                    149,
                    114,
                    115,
                    116,
                    117,
                    118,
                    119,
                    120,
                    121,
                    122,
                    123,
                    124,
                    125,
                    126,
                    127
                ],
                "bbx": [
                    1029.0164950596416,
                    1176.500503848704,
                    9.556975701029387,
                    9.564910271341887
                ]
            }
        },
        "class": 2
    },
    "48": {
        "nodes": [
            210,
            211,
            212,
            213
        ],
        "bbx": [
            1040.8799591064528,
            618.6099395752028,
            93.54000854490687,
            93.54013061521937
        ],
        "sub": null,
        "class": 5
    },
    "56": {
        "nodes": [
            312,
            313,
            310,
            311
        ],
        "bbx": [
            1687.1800079345778,
            618.6099395752028,
            93.54000854490687,
            93.54013061521937
        ],
        "sub": null,
        "class": 5
    },
    "43": {
        "nodes": [
            156,
            157,
            158,
            159
        ],
        "bbx": [
            1121.993933627315,
            1171.69095511169,
            12.102098565682354,
            19.185106378182354
        ],
        "sub": null,
        "class": 15
    },
    "51": {
        "nodes": [
            256,
            257,
            258,
            259
        ],
        "bbx": [
            1768.29398245544,
            1171.69095511169,
            12.102098565682354,
            19.185106378182354
        ],
        "sub": null,
        "class": 15
    },
    "44": {
        "nodes": [
            161,
            162,
            163,
            164
        ],
        "bbx": [
            1121.994192654495,
            854.21416335762,
            12.101580511322481,
            19.18165863632248
        ],
        "sub": null,
        "class": 15
    },
    "52": {
        "nodes": [
            264,
            261,
            262,
            263
        ],
        "bbx": [
            1768.29424148262,
            854.21416335762,
            12.101580511322481,
            19.18165863632248
        ],
        "sub": null,
        "class": 15
    },
    "45": {
        "nodes": [
            168,
            169,
            166,
            167
        ],
        "bbx": [
            1121.9942034478752,
            752.1642473931877,
            12.101558924562141,
            19.18151497924964
        ],
        "sub": null,
        "class": 15
    },
    "53": {
        "nodes": [
            266,
            267,
            268,
            269
        ],
        "bbx": [
            1768.2942522760002,
            752.1642473931877,
            12.101558924562141,
            19.18151497924964
        ],
        "sub": null,
        "class": 15
    },
    "54": {
        "nodes": [
            271,
            272,
            273,
            274,
            275,
            276,
            277,
            278,
            279,
            280,
            281,
            282,
            283,
            284,
            285,
            286,
            287,
            288,
            289,
            290,
            291,
            292,
            293,
            294,
            295,
            296,
            297,
            298,
            299,
            300,
            301,
            302,
            303,
            304,
            305,
            306
        ],
        "bbx": [
            1618.6149597167969,
            859.0149841308594,
            9.57000732421875,
            9.57000732421875
        ],
        "sub": null,
        "class": 17
    },
    "46": {
        "nodes": [
            171,
            172,
            173,
            174,
            175,
            176,
            177,
            178,
            179,
            180,
            181,
            182,
            183,
            184,
            185,
            186,
            187,
            188,
            189,
            190,
            191,
            192,
            193,
            194,
            195,
            196,
            197,
            198,
            199,
            200,
            201,
            202,
            203,
            204,
            205,
            206
        ],
        "bbx": [
            972.3182754715342,
            859.015235920753,
            9.567489584275336,
            9.569503744431586
        ],
        "sub": null,
        "class": 17
    },
    "37": {
        "nodes": [
            96,
            97,
            155,
            160
        ],
        "bbx": [
            1047.969970703125,
            1181.282958984375,
            76.530029296875,
            0.0
        ],
        "sub": null
    },
    "38": {
        "nodes": [
            99,
            100,
            260,
            255
        ],
        "bbx": [
            1694.27001953125,
            1181.282958984375,
            76.530029296875,
            0.0
        ],
        "sub": null
    }
}