{
    "43": {
        "nodes": [
            271,
            272,
            273,
            274,
            275,
            276,
            277,
            278,
            279,
            280,
            281,
            282,
            283,
            284,
            285,
            286,
            287,
            288,
            289,
            290,
            291,
            292,
            293,
            294,
            295,
            296,
            297,
            298,
            299,
            300,
            301,
            302,
            303,
            304,
            305,
            106,
            107
        ],
        "bbx": [
            202.6640317869178,
            928.4200590085975,
            936.594925317766,
            142.89193764686752
        ],
        "sub": {
            "42": {
                "nodes": [
                    104,
                    105,
                    103
                ],
                "bbx": [
                    1073.480033874517,
                    937.4999923706106,
                    34.0199127197161,
                    34.01997375487258
                ]
            },
            "44": {
                "nodes": [
                    108,
                    109,
                    110
                ],
                "bbx": [
                    1073.4804077266708,
                    982.8583984493271,
                    34.01916501540836,
                    34.01623532790836
                ]
            }
        },
        "class": -1
    },
    "35": {
        "nodes": [
            131,
            132,
            133,
            134,
            135,
            136,
            137,
            138,
            139,
            140,
            141,
            142,
            143,
            144,
            145,
            146,
            147,
            148,
            149,
            150,
            151,
            152,
            153,
            154,
            155,
            156,
            157,
            158,
            159,
            160,
            161,
            162,
            163,
            164,
            165,
            86,
            87
        ],
        "bbx": [
            202.66619765283306,
            712.9932087612315,
            936.5905935859355,
            142.88357759472456
        ],
        "sub": {
            "36": {
                "nodes": [
                    88,
                    89,
                    90
                ],
                "bbx": [
                    1073.4800262451377,
                    767.4199676513878,
                    34.0199279784747,
                    34.02005004878697
                ]
            },
            "38": {
                "nodes": [
                    93,
                    94,
                    95
                ],
                "bbx": [
                    1073.4800262451377,
                    812.7799530029503,
                    34.0199279784747,
                    34.02005004878697
                ]
            }
        },
        "class": -1
    },
    "39": {
        "nodes": [
            201,
            202,
            203,
            204,
            205,
            206,
            207,
            208,
            209,
            210,
            211,
            212,
            213,
            214,
            215,
            216,
            217,
            218,
            219,
            220,
            221,
            222,
            223,
            96,
            97,
            226,
            227,
            228,
            229,
            230,
            231,
            232,
            233,
            234,
            235,
            224,
            225
        ],
        "bbx": [
            202.66619765283306,
            837.7131794643565,
            936.5905935859355,
            142.88357759472456
        ],
        "sub": {
            "40": {
                "nodes": [
                    98,
                    99,
                    100
                ],
                "bbx": [
                    1073.4800262451377,
                    892.1499481201378,
                    34.0199279784747,
                    34.02005004878697
                ]
            },
            "42": {
                "nodes": [
                    104,
                    105,
                    103
                ],
                "bbx": [
                    1073.480033874517,
                    937.4999923706106,
                    34.0199127197161,
                    34.01997375487258
                ]
            }
        },
        "class": -1
    },
    "41": {
        "nodes": [
            256,
            257,
            258,
            259,
            260,
            261,
            262,
            263,
            264,
            265,
            266,
            267,
            268,
            269,
            270,
            101,
            102,
            236,
            237,
            238,
            239,
            240,
            241,
            242,
            243,
            244,
            245,
            246,
            247,
            248,
            249,
            250,
            251,
            252,
            253,
            254,
            255
        ],
        "bbx": [
            261.03082252007664,
            884.734771494686,
            876.5543522743,
            139.54943894422183
        ],
        "sub": {
            "40": {
                "nodes": [
                    98,
                    99,
                    100
                ],
                "bbx": [
                    1073.4800262451377,
                    892.1499481201378,
                    34.0199279784747,
                    34.02005004878697
                ]
            },
            "42": {
                "nodes": [
                    104,
                    105,
                    103
                ],
                "bbx": [
                    1073.480033874517,
                    937.4999923706106,
                    34.0199127197161,
                    34.01997375487258
                ]
            },
            "44": {
                "nodes": [
                    108,
                    109,
                    110
                ],
                "bbx": [
                    1073.4804077266708,
                    982.8583984493271,
                    34.01916501540836,
                    34.01623532790836
                ]
            }
        },
        "class": -1
    },
    "37": {
        "nodes": [
            166,
            167,
            168,
            169,
            170,
            171,
            172,
            173,
            174,
            175,
            176,
            177,
            178,
            179,
            180,
            181,
            182,
            183,
            184,
            185,
            186,
            187,
            188,
            189,
            190,
            191,
            192,
            193,
            194,
            195,
            196,
            197,
            198,
            199,
            200,
            91,
            92
        ],
        "bbx": [
            261.0355439165005,
            760.0195221879849,
            876.5449094814521,
            139.53090191309275
        ],
        "sub": {
            "36": {
                "nodes": [
                    88,
                    89,
                    90
                ],
                "bbx": [
                    1073.4800262451377,
                    767.4199676513878,
                    34.0199279784747,
                    34.02005004878697
                ]
            },
            "38": {
                "nodes": [
                    93,
                    94,
                    95
                ],