{
    "0": [
        [
            2249.4599609375,
            1667.948486328125,
            2441.022216796875,
            1692.34326171875,
            "12/03/2012\nLAN/KB\n",
            0,
            0
        ]
    ],
    "1": [
        [
            2276.760009765625,
            1873.3909912109375,
            2614.10595703125,
            1931.9385986328125,
            "10010178376/230\n",
            1,
            0
        ]
    ],
    "2": [
        [
            2062.77001953125,
            1729.5745849609375,
            2337.334716796875,
            1766.1668701171875,
            "NOODDOUCHES UGD\n",
            2,
            0
        ]
    ],
    "3": [
        [
            2637.389892578125,
            1930.6383056640625,
            2707.650390625,
            1961.1318359375,
            "10GKB\n",
            3,
            0
        ]
    ],
    "4": [
        [
            1574.72998046875,
            1667.948486328125,
            1594.1097412109375,
            1692.34326171875,
            "00\n",
            4,
            0
        ]
    ],
    "5": [
        [
            2758.659912109375,
            1888.603759765625,
            2787.7294921875,
            1925.196044921875,
            "00\n",
            5,
            0
        ]
    ],
    "6": [
        [
            1708.43994140625,
            1667.948486328125,
            1747.2086181640625,
            1692.34326171875,
            "3751\n",
            6,
            0
        ]
    ],
    "7": [
        [
            1566.7099609375,
            1698.7412109375,
            1926.748779296875,
            1718.2572021484375,
            "VERS\nDESCRIPTION\n",
            7,
            0
        ]
    ],
    "8": [
        [
            1566.7099609375,
            1723.1123046875,
            1652.80126953125,
            1835.5953369140625,
            "Replace:\nOriginal:\nFilename:\nSchaal:\n",
            8,
            0
        ]
    ],
    "9": [
        [
            2079.159912109375,
            1864.591064453125,
            2152.402099609375,
            1922.190185546875,
            "SUBTYPE\nEplan\n",
            9,
            0
        ]
    ],
    "10": [
        [
            2103.510009765625,
            1930.2685546875,
            2267.819091796875,
            1960.7620849609375,
            "A3\nCLASS.:\n",
            10,
            0
        ]
    ],
    "11": [
        [
            2387.169921875,
            1864.591064453125,
            2809.889404296875,
            1886.54638671875,
            "IDENTIFICATION\nVERSION\n",
            11,
            0
        ]
    ],
    "12": [
        [
            2274.489990234375,
            1698.7412109375,
            2806.028564453125,
            1718.2572021484375,
            "STATUS\nAPPROVED BY\nCHECKED BY\nDESIGNED BY\nDATE\n",
            12,
            0
        ]
    ],
    "13": [
        [
            2764.6201171875,
            1667.948486328125,
            2799.5048828125,
            1692.34326171875,
            "ASB\n",
            13,
            0
        ]
    ],
    "14": [
        [
            1882.4599609375,
            1894.5675048828125,
            2791.373046875,
            1961.153076171875,
            "BEOO\nBEKN\n060\n",
            14,
            0
        ]
    ],
    "15": [
        [
            2496.889892578125,
            1667.948486328125,
            2709.681396484375,
            1692.34326171875,
            "MATIEU T\nDE NIJS R.\n",
            15,
            0
        ]
    ],
    "16": [
        [
            172.67999267578125,
            10.682774543762207,
            2703.574951171875,
            28.978923797607422,
            "1\n2\n3\n4\n5\n6\n7\n8\n9\n10\n",
            16,
            0
        ]
    ],
    "17": [
        [
            12.777899742126465,
            138.65939331054688,
            23.241750717163086,
            160.61480712890625,
            "A\n",
            17,
            0
        ]
    ],
    "18": [
        [
            12.777899742126465,
            379.5993347167969,
            23.241750717163086,
            401.55474853515625,
            "B\n",
            18,
            0
        ]
    ],
    "19": [
        [
            11.916799545288086,
            620.54931640625,
            23.24018096923828,
            642.5046997070312,
            "C\n",
            19,
            0
        ]
    ],
    "20": [
        [
            11.916799545288086,
            861.4893798828125,
            23.24018096923828,
            883.4447631835938,
            "D\n",
            20,
            0
        ]
    ],
    "21": [
        [
            12.777899742126465,
            1102.4383544921875,
            23.241750717163086,
            1124.3936767578125,
            "E\n",
            21,
            0
        ]
    ],
    "22": [
        [
            13.657999992370605,
            1343.38232421875,
            23.243635177612305,
            1365.337646484375,
            "F\n",
            22,
            0
        ]
    ],
    "23": [
        [
            11.036700248718262,
            1584.327392578125,
            23.238298416137695,
            1606.28271484375,
            "G\n",
            23,
            0
        ]
    ],
    "24": [
        [
            11.916799545288086,
            1825.2723388671875,
            23.24018096923828,
            1847.2276611328125,
            "H\n",
            24,
            0
        ]
    ],
    "25": [
        [
            1617.72998046875,
            1666.4073486328125,
            1703.921875,
            1693.8758544921875,
            "Opdracht:\n",
            25,
            0
        ]
    ],
    "26": [
        [
            979.3280029296875,
            595.061767578125,
            1110.9375,
            610.9183959960938,
            "VEILIGHEIDS MONTAGE\n",
            26,
            0
        ]
    ],
    "27": [
        [
            1217.2318115234375,
            595.4959716796875,
            1233.0885009765625,
            644.6300048828125,
            "10GKB01\n",
            27,
            0
        ]
    ],
    "28": [
        [
            1233.081787109375,
            603.0538330078125,
            1248.9384765625,
            637.0699462890625,
            "BB001\n",
            28,
            0
        ]
    ],
    "29": [
        [
            1214.962158203125,
            619.861328125,
            1215.4500732421875,
            622.4200439453125,
            "10GKB01BB001\n",
            29,
            0
        ]
    ],
    "30": [
        [
            1360.4599609375,
            757.9117431640625,
            1409.593994140625,
            773.7683715820312,
            "10GKB01\n",
            30,
            0
        ]
    ],
    "31": [
        [
            1367.7099609375,
            773.76171875,
            1402.347900390625,
            789.6183471679688,
            "AH101\n",
            31,
            0
        ]
    ],
    "32": [
        [
            1382.5799560546875,
            750.1522827148438,
            1385.1578369140625,
            750.64013671875,
            "10GKB01AH101\n",
            32,
            0
        ]
    ],
    "33": [
        [
            1515.1099853515625,
            662.2017822265625,
            1564.2440185546875,
            678.0584106445312,
            "10GKB01\n",
            33,
            0
        ]
    ],
    "34": [
        [
            1522.6700439453125,
            678.0517578125,
            1556.6861572265625,
            693.9083862304688,
            "AP001\n",
            34,
            0
        ]
    ],
    "35": [
        [
            1525.94873046875,
            630.2894287109375,
            1528.1029052734375,
            632.4437255859375,
            "10GKB01AP001\n",
            35,
            0
        ]
    ],