{
    "0": [
        [
            400.25,
            289.46002197265625,
            432.63800048828125,
            294.9560241699219,
            "10HHA53EZ001|8",
            0,
            0,
            0
        ],
        [
            400.25,
            294.260009765625,
            405.8059997558594,
            299.7560119628906,
            "BR",
            0,
            1,
            0
        ],
        [
            406.9179992675781,
            294.260009765625,
            411.3659973144531,
            299.7560119628906,
            "53",
            0,
            1,
            1
        ],
        [
            412.4779968261719,
            294.260009765625,
            421.14599609375,
            299.7560119628906,
            "VRIJ",
            0,
            1,
            2
        ]
    ],
    "1": [
        [
            400.25,
            202.54000854492188,
            432.63800048828125,
            208.0360107421875,
            "10HHA53EZ001|8",
            1,
            0,
            0
        ],
        [
            400.25,
            207.3400115966797,
            405.8059997558594,
            212.8360137939453,
            "BR",
            1,
            1,
            0
        ],
        [
            406.9179992675781,
            207.3400115966797,
            411.3659973144531,
            212.8360137939453,
            "53",
            1,
            1,
            1
        ],
        [
            412.4779968261719,
            207.3400115966797,
            421.14599609375,
            212.8360137939453,
            "VRIJ",
            1,
            1,
            2
        ]
    ]
}