{
    "0": [
        [
            0.3522371045882018,
            0.3346774193548387,
            0.4006839555428897,
            0.34919354838709676,
            "FUM_BSMON",
            0.9752291474333357
        ]
    ],
    "1": [
        [
            0.2519236249643773,
            0.35766129032258065,
            0.34625249358791677,
            0.36612903225806454,
            "Single contact with 47 k bridging resistancee",
            0.5455987849031332
        ]
    ],
    "2": [
        [
            0.3485323453975492,
            0.3580645161290323,
            0.3667711598746082,
            0.3685483870967742,
            "'STYPE",
            0.9198950828974249
        ]
    ],
    "3": [
        [
            0.3921345112567683,
            0.3580645161290323,
            0.4043887147335423,
            0.3685483870967742,
            "OUT\"",
            0.809162437915802
        ]
    ],
    "4": [
        [
            0.7215730977486463,
            0.35201612903225804,
            0.7760045597036193,
            0.3604838709677419,
            "1OHHJ3ICGSO4AIIXGO1",
            0.49514706013973414
        ]
    ],
    "5": [
        [
            0.7797093188942719,
            0.3528225806451613,
            0.829296095753776,
            0.3641129032258065,
            "SG BR 31 ONTKL ME",
            0.9527178394603281
        ]
    ],
    "6": [
        [
            0.7797093188942719,
            0.3604838709677419,
            0.7965232259903107,
            0.3721774193548387,
            "OPEN",
            0.9998365640640259
        ]
    ],
    "7": [
        [
            0.33798803077799944,
            0.3786290322580645,
            0.34625249358791677,
            0.3858870967741935,
            "0.06",
            0.22566092014312744
        ]
    ],
    "8": [
        [
            0.4080934739241949,
            0.37540322580645163,
            0.42291251068680535,
            0.38266129032258067,
            "KANA",
            0.9999886751174927
        ]
    ],
    "9": [
        [
            0.42120262182958107,
            0.37379032258064515,
            0.4323168994015389,
            0.3842741935483871,
            "FLT",
            0.9986305667583463
        ]
    ],
    "10": [
        [
            0.7201481903676261,
            0.37056451612903224,
            0.7637503562268453,
            0.38225806451612904,
            "TOHHJSTECOOTTT4",
            0.17162403836540044
        ]
    ],
    "11": [
        [
            0.3550869193502422,
            0.38064516129032255,
            0.36819606725562837,
            0.38911290322580644,
            "MON",
            0.9999593242312249
        ]
    ],
    "12": [
        [
            0.3941293815901966,
            0.38064516129032255,
            0.4049586776859504,
            0.38911290322580644,
            "ALT",
            0.8919017242848138
        ]
    ],
    "13": [
        [
            0.4080934739241949,
            0.38306451612903225,
            0.42918210316329436,
            0.39153225806451614,
            "\"MXM2O",
            0.8915462373841992
        ]
    ],
    "14": [
        [
            0.719578227415218,
            0.3782258064516129,
            0.7552009119407238,
            0.3895161290322581,
            "SGC SG BR 31",
            0.6476266363108037
        ]
    ],
    "15": [
        [
            0.09119407238529495,
            0.3919354838709677,
            0.13679110857794244,
            0.41008064516129034,
            "KE8HJATGG5o4AI",
            0.02254000741231254
        ]
    ],
    "16": [
        [
            0.34967227130236533,
            0.40080645161290324,
            0.3776004559703619,
            0.4092741935483871,
            "LINK FUM1",
            0.6363953657803869
        ]
    ],
    "17": [
        [
            0.3821601595896267,
            0.4012096774193548,
            0.4043887147335423,
            0.41088709677419355,
            "TRBL_AL",
            0.9853037151447526
        ]
    ],
    "18": [
        [
            0.40752351097178685,
            0.39556451612903226,
            0.42661726987745796,
            0.41330645161290325,
            "AKTIEF",
            0.5707578198394849
        ]
    ],
    "19": [
        [
            0.35451695639783415,
            0.43629032258064515,
            0.37817041892277004,
            0.4508064516129032,
            "EwO6",
            0.4972183108329773
        ]
    ],
    "20": [
        [
            0.3798803077799943,
            0.43790322580645163,
            0.4035337703049302,
            0.4504032258064516,
            "1MOO1",
            0.5487671087192686
        ]
    ],
    "21": [
        [
            0.12368196067255628,
            0.8959677419354839,
            0.14705044172128812,
            0.9032258064516129,
            "31/12/69",
            0.9993946532063716
        ]
    ],
    "22": [
        [
            0.19948703334283271,
            0.8971774193548387,
            0.21259618124821886,
            0.9032258064516129,
            "Dato",
            0.8314253687858582
        ]
    ],
    "23": [
        [
            0.23795953263037903,
            0.8959677419354839,
            0.2610430322029068,
            0.9032258064516129,
            "19/05/08",
            0.8810087839243202
        ]
    ],
    "24": [
        [
            0.8033627814192078,
            0.8959677419354839,
            0.8213166144200627,
            0.902016129032258,
            "EFFO1",
            0.5448937023397232
        ]
    ],
    "25": [
        [
            0.85351952123112,
            0.8959677419354839,
            0.8985465944713593,
            0.902016129032258,
            "1OHHJ31CG504A",
            0.38089596917787044
        ]
    ],
    "26": [
        [
            0.12368196067255628,
            0.9048387096774193,
            0.14705044172128812,
            0.9120967741935484,
            "31/12/69",
            0.9994392553455965
        ]
    ],
    "27": [
        [
            0.19948703334283271,
            0.9056451612903226,
            0.21744086634368767,
            0.9129032258064517,
            "Drawn",
            0.9477706257901892
        ]
    ],
    "28": [
        [
            0.21915075520091193,
            0.9056451612903226,
            0.22741521801082928,
            0.9133064516129032,
            "By",
            0.9941600821698465
        ]
    ],
    "29": [
        [
            0.5386149900256484,
            0.9048387096774193,
            0.5656882302650328,
            0.9120967741935484,
            "SG BR 31",
            0.7322763029218672
        ]
    ],
    "30": [
        [
            0.5668281561698489,
            0.9056451612903226,
            0.5867768595041323,
            0.9120967741935484,
            "ONTKL",
            0.995872003401621
        ]
    ],
    "31": [
        [
            0.5879167854089484,
            0.9056451612903226,
            0.5978911370760901,
            0.9120967741935484,
            "ME",
            0.5369973001662681
        ]
    ],
    "32": [
        [
            0.12368196067255628,
            0.9145161290322581,
            0.14705044172128812,
            0.9209677419354839,
            "31/12/69",
            0.9950990183331156
        ]
    ],
    "33": [
        [
            0.19948703334283271,
            0.9145161290322581,
            0.23368481048731832,
            0.9221774193548387,
            "checked By",
            0.7363879440042383
        ]
    ],
    "34": [
        [
            0.6916500427472214,
            0.9137096774193548,
            0.7235679680820747,
            0.9209677419354839,
            "16 YhhY31",
            0.6604147135659508
        ]
    ],