{
    "36": {
        "nodes": [
            92,
            143,
            144,
            145,
            146,
            193,
            199,
            200,
            201,
            202,
            203,
            204,
            205,
            206,
            207,
            208,
            209,
            210,
            211,
            212,
            213,
            214,
            215,
            216,
            217,
            218,
            89,
            90,
            219,
            220,
            221,
            224,
            225,
            226,
            227,
            228,
            223,
            229,
            222,
            230,
            231,
            232,
            233,
            234,
            91
        ],
        "bbx": [
            1038.472113532902,
            813.2020940016521,
            157.88572898888333,
            78.51573387169583
        ],
        "sub": {
            "42": {
                "nodes": [
                    128,
                    129,
                    130,
                    131,
                    132,
                    133,
                    134,
                    135,
                    136,
                    137,
                    138,
                    139,
                    140,
                    141,
                    142,
                    107,
                    108,
                    109,
                    110,
                    111,
                    112,
                    113,
                    114,
                    115,
                    116,
                    117,
                    118,
                    119,
                    120,
                    121,
                    122,
                    123,
                    124,
                    125,
                    126,
                    127
                ],
                "bbx": [
                    1100.6900634765625,
                    814.2000732421875,
                    5.099853515625,
                    5.099853515625
                ]
            }
        },
        "class": -1
    },
    "47": {
        "nodes": [
            195,
            196,
            197,
            198
        ],
        "bbx": [
            1173.3492443890073,
            840.3692639202573,
            38.37145751104799,
            24.191525870422993
        ],
        "sub": {
            "46": {
                "nodes": [
                    157,
                    158,
                    159,
                    160,
                    161,
                    162,
                    163,
                    164,
                    165,
                    166,
                    167,
                    168,
                    169,
                    170,
                    171,
                    172,
                    173,
                    174,
                    175,
                    176,
                    177,
                    178,
                    179,
                    180,
                    181,
                    182,
                    183,
                    184,
                    185,
                    186,
                    187,
                    188,
                    189,
                    190,
                    191,
                    192
                ],
                "bbx": [
                    1187.7574768066406,
                    847.6875305175781,
                    9.55499267578125,
                    9.55499267578125
                ]
            }
        },
        "class": 2
    },
    "35": {
        "nodes": [
            194,
            99,
            100,
            86,
            87,
            88,
            347
        ],
        "bbx": [
            1198.4650373817074,
            818.6350813270199,
            59.00986664283528,
            42.06980316627278
        ],
        "sub": null,
        "class": 142
    },
    "37": {
        "nodes": [
            310,
            311,
            312,
            313,
            314,
            315,
            316,
            317,
            318,
            319,
            320,
            321,
            322,
            323,
            324,
            325,
            326,
            327,
            328,
            329,
            330,
            331,
            332,
            333,
            334,
            335,
            336,
            337,
            338,
            339,
            340,
            341,
            342,
            343,
            344,
            345,
            346,
            93,
            94
        ],
        "bbx": [
            1235.2355896818667,
            709.4955994474916,
            27.988781573766573,
            67.5987669253293
        ],
        "sub": null,
        "class": 94
    },
    "49": {
        "nodes": [
            256,
            257,
            258,
            259,
            260,
            261,
            262,
            263,
            264,
            265,
            266,
            267,
            268,
            269,
            270,
            271,
            272,
            273,
            274,
            275,
            276,
            277,
            278,
            279,
            280,
            281,
            282,
            283,
            284,
            285,
            286,
            287,
            288,
            289,
            290,
            254,
            255
        ],
        "bbx": [
            1237.127525771754,
            779.3474964748792,
            24.204909393991784,
            38.37495333930406
        ],
        "sub": null,
        "class": 88
    },
    "50": {
        "nodes": [
            291,
            292,
            293,
            294,
            295,
            296,
            297,
            298,
            299,
            300,
            301,
            302,
            303,
            304,
            305,
            306,
            307,
            308,
            309
        ],
        "bbx": [
            1246.724173123245,
            767.75420242012,
            12.101580511322481,
            19.18165863632248
        ],
        "sub": null,
        "class": 90
    },
    "48": {
        "nodes": [
            235,
            236,
            237,
            238,
            239,
            240,
            241,
            242,
            243,
            244,
            245,
            246,
            247,
            248,
            249,
            250,
            251,
            252,
            253
        ],
        "bbx": [
            1239.6342180963127,
            810.2742327447502,
            12.101558924562141,
            19.18151497924964
        ],
        "sub": null,
        "class": 90
    }
}