{
    "0": [
        [
            681.7100219726562,
            202.54000854492188,
            716.7660522460938,
            208.0360107421875,
            "10HHA53EZ001X|2",
            0,
            0,
            0
        ],
        [
            681.7100219726562,
            207.3400115966797,
            687.2660522460938,
            212.8360137939453,
            "BR",
            0,
            1,
            0
        ],
        [
            688.3780517578125,
            207.3400115966797,
            692.8260498046875,
            212.8360137939453,
            "53",
            0,
            1,
            1
        ],
        [
            693.9380493164062,
            207.3400115966797,
            702.6060180664062,
            212.8360137939453,
            "VRIJ",
            0,
            1,
            2
        ]
    ],
    "1": [
        [
            681.7100219726562,
            115.6099853515625,
            716.7660522460938,
            121.10598754882812,
            "10HHA53EZ001X|1",
            1,
            0,
            0
        ],
        [
            681.7100219726562,
            120.40998840332031,
            687.2660522460938,
            125.90599060058594,
            "BR",
            1,
            1,
            0
        ],
        [
            688.3780517578125,
            120.40998840332031,
            692.8260498046875,
            125.90599060058594,
            "53",
            1,
            1,
            1
        ],
        [
            693.9380493164062,
            120.40998840332031,
            702.6060180664062,
            125.90599060058594,
            "VRIJ",
            1,
            1,
            2
        ],
        [
            681.7100219726562,
            125.07998657226562,
            716.322021484375,
            130.57598876953125,
            "10HHJ53AA001A|2",
            1,
            2,
            0
        ],
        [
            681.7100219726562,
            129.87998962402344,
            687.4900512695312,
            135.37599182128906,
            "SG",
            1,
            3,
            0
        ],
        [
            688.60205078125,
            129.87998962402344,
            694.1580200195312,
            135.37599182128906,
            "BR",
            1,
            3,
            1
        ],
        [
            695.27001953125,
            129.87998962402344,
            699.718017578125,
            135.37599182128906,
            "53",
            1,
            3,
            2
        ],
        [
            700.8300170898438,
            129.87998962402344,
            710.3860473632812,
            135.37599182128906,
            "VH-A",
            1,
            3,
            3
        ],
        [
            711.498046875,
            129.87998962402344,
            713.7220458984375,
            135.37599182128906,
            "1",
            1,
            3,
            4
        ],
        [
            681.7100219726562,
            134.54998779296875,
            716.322021484375,
            140.04598999023438,
            "10HHJ53AA002A|2",
            1,
            4,
            0
        ],
        [
            681.7100219726562,
            139.34999084472656,
            687.4900512695312,
            144.8459930419922,
            "SG",
            1,
            5,
            0
        ],
        [
            688.60205078125,
            139.34999084472656,
            694.1580200195312,
            144.8459930419922,
            "BR",
            1,
            5,
            1
        ],
        [
            695.27001953125,
            139.34999084472656,
            699.718017578125,
            144.8459930419922,
            "53",
            1,
            5,
            2
        ],
        [
            700.8300170898438,
            139.34999084472656,
            710.3860473632812,
            144.8459930419922,
            "VH-A",
            1,
            5,
            3
        ],
        [
            711.498046875,
            139.34999084472656,
            713.7220458984375,
            144.8459930419922,
            "2",
            1,
            5,
            4
        ]
    ],
    "2": [
        [
            681.7100219726562,
            289.46002197265625,
            716.7660522460938,
            294.9560241699219,
            "10HHA53EZ001X|1",
            2,
            0,
            0
        ],
        [
            681.7100219726562,
            294.260009765625,
            687.2660522460938,
            299.7560119628906,
            "BR",
            2,
            1,
            0
        ],
        [
            688.3780517578125,
            294.260009765625,
            692.8260498046875,
            299.7560119628906,
            "53",
            2,
            1,
            1
        ],
        [
            693.9380493164062,
            294.260009765625,
            702.6060180664062,
            299.7560119628906,
            "VRIJ",
            2,
            1,
            2
        ],
        [
            681.7100219726562,
            298.9300231933594,
            716.322021484375,
            304.426025390625,
            "10HHJ53AA001A|2",
            2,
            2,
            0
        ],
        [
            681.7100219726562,
            303.7300109863281,
            687.4900512695312,
            309.22601318359375,
            "SG",
            2,
            3,
            0
        ],
        [
            688.60205078125,
            303.7300109863281,
            694.1580200195312,
            309.22601318359375,
            "BR",
            2,
            3,
            1
        ],
        [
            695.27001953125,
            303.7300109863281,
            699.718017578125,
            309.22601318359375,
            "53",
            2,
            3,
            2
        ],
        [
            700.8300170898438,
            303.7300109863281,
            710.3860473632812,
            309.22601318359375,
            "VH-A",
            2,
            3,
            3
        ],
        [
            711.498046875,
            303.7300109863281,
            713.7220458984375,
            309.22601318359375,
            "1",
            2,
            3,
            4
        ],
        [
            681.7100219726562,
            308.3900146484375,
            716.322021484375,
            313.8860168457031,
            "10HHJ53AA002A|2",
            2,
            4,
            0
        ],
        [
            681.7100219726562,
            313.19000244140625,
            687.4900512695312,
            318.6860046386719,
            "SG",
            2,
            5,
            0
        ],
        [
            688.60205078125,
            313.19000244140625,
            694.1580200195312,
            318.6860046386719,
            "BR",
            2,
            5,
            1
        ],
        [
            695.27001953125,
            313.19000244140625,
            699.718017578125,
            318.6860046386719,
            "53",
            2,
            5,
            2
        ],
        [
            700.8300170898438,
            313.19000244140625,
            710.3860473632812,
            318.6860046386719,
            "VH-A",
            2,
            5,
            3
        ],
        [
            711.498046875,
            313.19000244140625,
            713.7220458984375,
            318.6860046386719,
            "2",
            2,
            5,
            4
        ]
    ]
}