{
    "0": [
        [
            400.25,
            146.66000366210938,
            440.2659912109375,
            185.3560028076172,
            "10HHG43CG101X|1\nARG BR 43 VSK 2\n10HHA43EZ001|3/5\nBR 43 VRIJ\n10HHG43AA003A|2/3\nARG BR 43 VSK 1\n10HHG43AA101A|2\nARG BR 43 VSK 2 RK\n",
            0,
            0
        ]
    ],
    "1": [
        [
            499.5899963378906,
            159.07998657226562,
            531.97802734375,
            169.37599182128906,
            "10HHA43EZ001|4\nBR 43 VRIJ\n",
            1,
            0
        ]
    ],
    "2": [
        [
            400.25,
            208.75,
            445.1499938964844,
            219.04600524902344,
            "10HYY02EU002|2\nTOEP 6 REINTEGRATIE\n",
            2,
            0
        ]
    ],
    "3": [
        [
            300.9100036621094,
            109.41000366210938,
            345.8139953613281,
            119.70600891113281,
            "10HYY02EU001|2\nTOEP 6 PASSIEFERING\n",
            3,
            0
        ]
    ]
}