{
    "0": [
        [
            300.9100036621094,
            109.41000366210938,
            345.8139953613281,
            119.70600891113281,
            "10HYY02EU001|8\nTOEP 6 PASSIEFERING\n",
            0,
            0
        ]
    ],
    "1": [
        [
            400.25,
            183.91000366210938,
            445.1499938964844,
            194.2060089111328,
            "10HYY02EU002|8\nTOEP 6 REINTEGRATIE\n",
            1,
            0
        ]
    ],
    "2": [
        [
            400.25,
            326.71002197265625,
            437.30999755859375,
            346.4759826660156,
            "10HJG42AA002X|1\nOSTG BR 42 VSK\n[10HJG42AA002A|1]\n[OSTG BR 42 VSK]\n",
            2,
            0
        ]
    ]
}