{
    "0": [
        [
            300.9100036621094,
            109.41000366210938,
            333.5220031738281,
            114.906005859375,
            "10HYY02EU001|8",
            0,
            0,
            0
        ],
        [
            300.9100036621094,
            114.21000671386719,
            311.802001953125,
            119.70600891113281,
            "TOEP",
            0,
            1,
            0
        ],
        [
            312.91400146484375,
            114.21000671386719,
            315.13800048828125,
            119.70600891113281,
            "6",
            0,
            1,
            1
        ],
        [
            316.25,
            114.21000671386719,
            345.8139953613281,
            119.70600891113281,
            "PASSIEFERING",
            0,
            1,
            2
        ]
    ],
    "1": [
        [
            400.25,
            183.91000366210938,
            432.86199951171875,
            189.406005859375,
            "10HYY02EU002|8",
            1,
            0,
            0
        ],
        [
            400.25,
            188.7100067138672,
            411.1419982910156,
            194.2060089111328,
            "TOEP",
            1,
            1,
            0
        ],
        [
            412.2539978027344,
            188.7100067138672,
            414.4779968261719,
            194.2060089111328,
            "6",
            1,
            1,
            1
        ],
        [
            415.5899963378906,
            188.7100067138672,
            445.1499938964844,
            194.2060089111328,
            "REINTEGRATIE",
            1,
            1,
            2
        ]
    ],
    "2": [
        [
            400.25,
            326.71002197265625,
            435.08599853515625,
            332.2060241699219,
            "10HJG42AA002X|1",
            2,
            0,
            0
        ],
        [
            400.25,
            331.510009765625,
            411.58599853515625,
            337.0060119628906,
            "OSTG",
            2,
            1,
            0
        ],
        [
            412.697998046875,
            331.510009765625,
            418.2539978027344,
            337.0060119628906,
            "BR",
            2,
            1,
            1
        ],
        [
            419.3659973144531,
            331.510009765625,
            423.8139953613281,
            337.0060119628906,
            "42",
            2,
            1,
            2
        ],
        [
            424.9259948730469,
            331.510009765625,
            432.92999267578125,
            337.0060119628906,
            "VSK",
            2,
            1,
            3
        ],
        [
            400.25,
            336.17999267578125,
            437.30999755859375,
            341.6759948730469,
            "[10HJG42AA002A|1]",
            2,
            2,
            0
        ],
        [
            400.25,
            340.97998046875,
            412.697998046875,
            346.4759826660156,
            "[OSTG",
            2,
            3,
            0
        ],
        [
            413.80999755859375,
            340.97998046875,
            419.3659973144531,
            346.4759826660156,
            "BR",
            2,
            3,
            1
        ],
        [
            420.4779968261719,
            340.97998046875,
            424.9259948730469,
            346.4759826660156,
            "42",
            2,
            3,
            2
        ],
        [
            426.0379943847656,
            340.97998046875,
            435.15399169921875,
            346.4759826660156,
            "VSK]",
            2,
            3,
            3
        ]
    ]
}