{
    "0": [
        [
            0.4123681960672556,
            0.14677419354838708,
            0.43830151040182386,
            0.16129032258064516,
            "F_OR4",
            0.8758068272597613
        ]
    ],
    "1": [
        [
            0.5294955827871188,
            0.14677419354838708,
            0.5562838415502992,
            0.16129032258064516,
            "F_NOT",
            0.9922006390914793
        ]
    ],
    "2": [
        [
            0.08207466514676547,
            0.16370967741935483,
            0.13707609005414648,
            0.17419354838709677,
            "NOHHLA3CFOO1IIXH54I1",
            0.326695005974771
        ]
    ],
    "3": [
        [
            0.14078084924479908,
            0.16491935483870968,
            0.19492732972356797,
            0.17540322580645162,
            "LUCHTDEBIET BRD 43",
            0.7378653152354003
        ]
    ],
    "4": [
        [
            0.6414933029353092,
            0.16370967741935483,
            0.6956397834140781,
            0.17419354838709677,
            "NOHHL43CF9O1ZIIZV04",
            0.5975054091160632
        ]
    ],
    "5": [
        [
            0.700769449985751,
            0.16491935483870968,
            0.7668851524650898,
            0.17540322580645162,
            "LUCHTDEBIET BRD 43 1002",
            0.9791605790351248
        ]
    ],
    "6": [
        [
            0.14562553434026787,
            0.17419354838709677,
            0.17526360786548875,
            0.18266129032258063,
            "78900 Nm /h",
            0.4420411388823785
        ]
    ],
    "7": [
        [
            0.4080934739241949,
            0.1717741935483871,
            0.4172128811627244,
            0.18024193548387096,
            "IN1",
            0.7036484419247704
        ]
    ],
    "8": [
        [
            0.4323168994015389,
            0.1717741935483871,
            0.44400113992590484,
            0.18024193548387096,
            "OUT",
            0.9983675685690764
        ]
    ],
    "9": [
        [
            0.5249358791678541,
            0.17016129032258065,
            0.5332003419777714,
            0.18064516129032257,
            "PIN",
            0.5514357919090004
        ]
    ],
    "10": [
        [
            0.5502992305500143,
            0.1717741935483871,
            0.5619834710743802,
            0.18024193548387096,
            "OUT",
            0.9891226526259074
        ]
    ],
    "11": [
        [
            0.7064690795098318,
            0.17419354838709677,
            0.7352522086064406,
            0.18266129032258063,
            "18900 Nm?/h",
            0.8931825497549992
        ]
    ],
    "12": [
        [
            0.08207466514676547,
            0.18346774193548387,
            0.13707609005414648,
            0.19516129032258064,
            "NOHHLA3CFO2IIXH54T",
            0.618155309810128
        ]
    ],
    "13": [
        [
            0.14078084924479908,
            0.1870967741935484,
            0.19492732972356797,
            0.1971774193548387,
            "LUCHTDEBIET BRD 43",
            0.7436374050611517
        ]
    ],
    "14": [
        [
            0.6417782844115133,
            0.18508064516129033,
            0.6853804502707324,
            0.1935483870967742,
            "TOHYYOOEZ002/374",
            0.5181092747945951
        ]
    ],
    "15": [
        [
            0.14534055286406383,
            0.19556451612903225,
            0.1755485893416928,
            0.20524193548387096,
            "18900 Nm /h",
            0.6857263188946097
        ]
    ],
    "16": [
        [
            0.4080934739241949,
            0.19274193548387097,
            0.41806782559133654,
            0.20120967741935483,
            "IN2",
            0.8670449025803728
        ]
    ],
    "17": [
        [
            0.42918210316329436,
            0.19274193548387097,
            0.44400113992590484,
            0.20120967741935483,
            "OUTNE",
            0.43802885536405256
        ]
    ],
    "18": [
        [
            0.6417782844115133,
            0.19274193548387097,
            0.6836705614135081,
            0.20120967741935483,
            "KETEL ZUIVEREN",
            0.9980271682136603
        ]
    ],
    "19": [
        [
            0.6414933029353092,
            0.2,
            0.6839555428897122,
            0.20967741935483872,
            "ICONVERTER_216",
            0.9271061219617687
        ]
    ],
    "20": [
        [
            0.640638358506697,
            0.2068548387096774,
            0.6862353946993446,
            0.21733870967741936,
            "ICONVERTER_AP6",
            0.7238017297861148
        ]
    ],
    "21": [
        [
            0.4080934739241949,
            0.21370967741935484,
            0.4172128811627244,
            0.2213709677419355,
            "IN3",
            0.951842879396593
        ]
    ],
    "22": [
        [
            0.2932459390139641,
            0.23387096774193547,
            0.2992305500142491,
            0.2435483870967742,
            "F",
            0.9989649352986909
        ]
    ],
    "23": [
        [
            0.30065545739526933,
            0.2306451612903226,
            0.3225990310629809,
            0.24516129032258063,
            "ANDA",
            0.6275247931480408
        ]
    ],
    "24": [
        [
            0.08207466514676547,
            0.24556451612903227,
            0.13793103448275862,
            0.25725806451612904,
            "NOHHLA3CFOOTIIXM2o/1",
            0.14433594882032086
        ]
    ],
    "25": [
        [
            0.14163579367341123,
            0.25040322580645163,
            0.19464234824736393,
            0.25887096774193546,
            "LUCHTDEBIET BRD 43",
            0.9988232532173718
        ]
    ],
    "26": [
        [
            0.14078084924479908,
            0.2564516129032258,
            0.170703904246224,
            0.2669354838709677,
            "'CHAN 1 FLT",
            0.43380882260255044
        ]
    ],
    "27": [
        [
            0.2901111427757196,
            0.2560483870967742,
            0.2992305500142491,
            0.2633064516129032,
            "IN1",
            0.4118724343591724
        ]
    ],
    "28": [
        [
            0.31433456825306355,
            0.25483870967741934,
            0.32601880877742945,
            0.2633064516129032,
            "OUT'",
            0.49814775586128235
        ]
    ],
    "29": [
        [
            0.08207466514676547,
            0.267741935483871,
            0.13793103448275862,
            0.27903225806451615,
            "NOHHL43CFO02IIXM2O/1",
            0.3041737879957
        ]
    ],
    "30": [
        [
            0.1413508121972072,
            0.26895161290322583,
            0.19492732972356797,
            0.2806451612903226,
            "LUCHTDEBIET BRD 43",
            0.9900913800627589
        ]
    ],
    "31": [
        [
            0.14078084924479908,
            0.27661290322580645,
            0.170703904246224,
            0.2879032258064516,
            "\"CHAN2 FLT",
            0.6353040924462705
        ]
    ],
    "32": [
        [
            0.2901111427757196,
            0.27580645161290324,
            0.3000854944428612,
            0.2842741935483871,
            "IN2",
            0.9304816266150014
        ]
    ],
    "33": [
        [
            0.3103448275862069,
            0.27419354838709675,
            0.3268737532060416,
            0.2846774193548387,
            "OUTNC",
            0.4532619784299451
        ]
    ],
    "34": [
        [
            0.12368196067255628,
            0.8959677419354839,
            0.14705044172128812,
            0.9032258064516129,
            "31/12/69",
            0.9993946532063716
        ]
    ],