{
    "0": [
        [
            300.9100036621094,
            109.41000366210938,
            345.8139953613281,
            119.70600891113281,
            "10HYY02EU001|2\nTOEP 6 PASSIEFERING\n",
            0,
            0
        ]
    ],
    "1": [
        [
            499.5899963378906,
            196.32998657226562,
            544.4900512695312,
            206.62599182128906,
            "10HYY02EU002|2\nTOEP 6 REINTEGRATIE\n",
            1,
            0
        ]
    ],
    "2": [
        [
            400.25,
            146.66000366210938,
            442.70599365234375,
            166.41600036621094,
            "10HHG43CG503X|1\nARG BR 43 ONTKL ME\n10HHG43AA003A|3\nARG BR 43 VSK 1\n",
            2,
            0
        ]
    ]
}