{
    "0": [
        [
            2249.4599609375,
            1667.948486328125,
            2444.398193359375,
            1692.34326171875,
            "19/12/2018\nTormans\n",
            0,
            0
        ]
    ],
    "1": [
        [
            2276.760009765625,
            1873.3909912109375,
            2614.10595703125,
            1931.9385986328125,
            "10010178376/272\n",
            1,
            0
        ]
    ],
    "2": [
        [
            2062.77001953125,
            1729.5745849609375,
            2386.865234375,
            1766.1668701171875,
            "Hydraulisch Schema 10LBF\n",
            2,
            0
        ]
    ],
    "3": [
        [
            2643.449951171875,
            1930.6383056640625,
            2707.654052734375,
            1961.1318359375,
            "10LBF\n",
            3,
            0
        ]
    ],
    "4": [
        [
            1574.72998046875,
            1667.948486328125,
            1594.1097412109375,
            1692.34326171875,
            "00\n",
            4,
            0
        ]
    ],
    "5": [
        [
            2758.659912109375,
            1888.603759765625,
            2787.7294921875,
            1925.196044921875,
            "00\n",
            5,
            0
        ]
    ],
    "6": [
        [
            1708.43994140625,
            1667.948486328125,
            1747.2086181640625,
            1692.34326171875,
            "8926\n",
            6,
            0
        ]
    ],
    "7": [
        [
            1566.7099609375,
            1698.7412109375,
            1926.748779296875,
            1718.2572021484375,
            "VERS\nDESCRIPTION\n",
            7,
            0
        ]
    ],
    "8": [
        [
            1566.7099609375,
            1723.1123046875,
            1652.80126953125,
            1835.5953369140625,
            "Replace:\nOriginal:\nFilename:\nSchaal:\n",
            8,
            0
        ]
    ],
    "9": [
        [
            2079.159912109375,
            1864.591064453125,
            2152.402099609375,
            1922.190185546875,
            "SUBTYPE\nEplan\n",
            9,
            0
        ]
    ],
    "10": [
        [
            2103.510009765625,
            1930.2685546875,
            2267.819091796875,
            1960.7620849609375,
            "A3\nCLASS.:\n",
            10,
            0
        ]
    ],
    "11": [
        [
            2387.169921875,
            1864.591064453125,
            2809.889404296875,
            1886.54638671875,
            "IDENTIFICATION\nVERSION\n",
            11,
            0
        ]
    ],
    "12": [
        [
            2274.489990234375,
            1698.7412109375,
            2806.028564453125,
            1718.2572021484375,
            "STATUS\nAPPROVED BY\nCHECKED BY\nDESIGNED BY\nDATE\n",
            12,
            0
        ]
    ],
    "13": [
        [
            2764.6201171875,
            1667.948486328125,
            2799.5048828125,
            1692.34326171875,
            "ASB\n",
            13,
            0
        ]
    ],
    "14": [
        [
            1680.0899658203125,
            1751.205078125,
            1813.377685546875,
            1781.6986083984375,
            "10010367421\n",
            14,
            0
        ]
    ],
    "15": [
        [
            1882.4599609375,
            1894.5675048828125,
            2791.373046875,
            1961.153076171875,
            "BEOO\nBEKN\n010\n",
            15,
            0
        ]
    ],
    "16": [
        [
            2491.550048828125,
            1667.948486328125,
            2720.832763671875,
            1692.34326171875,
            "Janssens J.\nNeckebroek J.\n",
            16,
            0
        ]
    ],
    "17": [
        [
            172.67999267578125,
            10.682774543762207,
            2703.574951171875,
            28.978923797607422,
            "1\n2\n3\n4\n5\n6\n7\n8\n9\n10\n",
            17,
            0
        ]
    ],
    "18": [
        [
            12.777899742126465,
            138.65939331054688,
            23.241750717163086,
            160.61480712890625,
            "A\n",
            18,
            0
        ]
    ],
    "19": [
        [
            12.777899742126465,
            379.5993347167969,
            23.241750717163086,
            401.55474853515625,
            "B\n",
            19,
            0
        ]
    ],
    "20": [
        [
            11.916799545288086,
            620.54931640625,
            23.24018096923828,
            642.5046997070312,
            "C\n",
            20,
            0
        ]
    ],
    "21": [
        [
            11.916799545288086,
            861.4893798828125,
            23.24018096923828,
            883.4447631835938,
            "D\n",
            21,
            0
        ]
    ],
    "22": [
        [
            12.777899742126465,
            1102.4383544921875,
            23.241750717163086,
            1124.3936767578125,
            "E\n",
            22,
            0
        ]
    ],
    "23": [
        [
            13.657999992370605,
            1343.38232421875,
            23.243635177612305,
            1365.337646484375,
            "F\n",
            23,
            0
        ]
    ],
    "24": [
        [
            11.036700248718262,
            1584.327392578125,
            23.238298416137695,
            1606.28271484375,
            "G\n",
            24,
            0
        ]
    ],
    "25": [
        [
            11.916799545288086,
            1825.2723388671875,
            23.24018096923828,
            1847.2276611328125,
            "H\n",
            25,
            0
        ]
    ],
    "26": [
        [
            1617.72998046875,
            1666.4073486328125,
            1703.921875,
            1693.8758544921875,
            "Opdracht:\n",
            26,
            0
        ]
    ],
    "27": [
        [
            218.34500122070312,
            1550.2841796875,
            250.5012664794922,
            1572.456787109375,
            "10LBF20\nAP001\n",
            27,
            0
        ]
    ],
    "28": [
        [
            336.885009765625,
            1550.2841796875,
            369.041259765625,
            1572.456787109375,
            "10LBF20\nAP002\n",
            28,
            0
        ]
    ],
    "29": [
        [
            716.3670043945312,
            1335.1092529296875,
            748.5232543945312,
            1346.1978759765625,
            "10LBF20\n",
            29,
            0
        ]
    ],
    "30": [
        [
            724.7349853515625,
            1346.1932373046875,
            748.5225830078125,
            1357.2818603515625,
            "BB501\n",
            30,
            0
        ]
    ],
    "31": [
        [
            737.9550170898438,
            1357.28125,
            748.5235595703125,
            1368.369873046875,
            "50l\n",
            31,
            0
        ]
    ],
    "32": [
        [
            899.3300170898438,
            1335.1092529296875,
            931.4862670898438,
            1346.1978759765625,
            "10LBF20\n",
            32,
            0
        ]
    ],
    "33": [
        [
            907.698974609375,
            1346.1932373046875,
            931.486572265625,
            1357.2818603515625,
            "BB502\n",
            33,
            0
        ]
    ],
    "34": [
        [
            920.9180297851562,
            1357.28125,
            931.486572265625,
            1368.369873046875,
            "50l\n",
            34,
            0
        ]
    ],
    "35": [
        [
            1082.2900390625,
            1335.1092529296875,
            1114.4464111328125,
            1346.1978759765625,
            "10LBF20\n",
            35,
            0
        ]
    ],